tree
version=v4
num_class=1
num_tree_per_iteration=1
label_index=0
max_feature_idx=26
objective=binary sigmoid:1
feature_names=amount_log amount_to_baseline hour_of_day is_night is_transfer is_ecom is_pos mcc_high_risk is_foreign_merchant ip_country_mismatch has_device is_new_device is_new_beneficiary beneficiary_foreign card_txn_count_10m card_txn_count_1h account_txn_count_24h account_amount_24h_to_baseline device_txn_count_1h log_seconds_since_last card_country_change_1h tenure_log risk_tier_elevated graph_device_risk graph_beneficiary_risk graph_merchant_risk graph_account_risk
feature_infos=[0.41871032118797302:8.6162185668945312] [0.0039157737046480179:138.37327575683594] [0:23] [0:1] [0:1] [0:1] [0:1] [0:1] [0:1] [0:1] [0:1] [0:1] [0:1] [0:1] [0:5] [0:5] [0:17] [0:321.58056640625] [0:22] [0:14.767940521240234] [0:1] [2.8332133293151855:8.2022085189819336] [0:1] [0:1] none [0:1] [0:1]
tree_sizes=3353 3356 3150 3457 2581 2469 3414 2361 3412 2599 3455 2169 2587 3415 3017 2691 2575 3445 3456 3463 2905 2908 3458 3442 3415 3120 2895 3440 3334 2921 3230 2825 3480 2798 3448

Tree=0
num_leaves=31
num_cat=0
split_feature=8 2 23 1 1 1 1 2 1 18 1 17 1 11 19 1 19 1 1 1 2 19 2 1 1 1 17 2 1 2
split_gain=27217.2 1056.67 542.261 269.813 225.809 650.095 59.4381 58.3784 75.7972 55.0576 49.8484 39.7993 43.2091 14.2716 9.35901 5.86806 6.15817 5.43962 4.35872 4.04885 3.96524 3.3734 3.23245 3.31664 3.0674 2.36358 1.95471 1.53048 1.23149 1.22928
threshold=1.0000000180025095e-35 10.500000000000002 1.0000000180025095e-35 3.8208477497100835 2.7980505228042607 0.1771364510059357 0.11108123511075975 3.5000000000000004 3.3670327663421635 1.0000000180025095e-35 0.83192226290702831 33.014951705932624 3.9188154935836796 1.0000000180025095e-35 10.816390991210939 1.0685021877288821 11.096271991729738 1.6246471405029299 7.8995900154113778 0.38921901583671575 19.500000000000004 10.89118003845215 8.5000000000000018 9.6120772361755389 0.69087553024292003 10.488113403320314 19.864144325256351 21.500000000000004 8.3632612228393572 8.5000000000000018
decision_type=2 2 2 2 2 2 2 2 2 2 2 2 2 2 2 2 2 2 2 2 2 2 2 2 2 2 2 2 2 2
left_child=2 -2 6 -4 5 -3 9 8 14 29 19 13 -13 18 26 21 -17 -15 -9 -7 22 -16 23 28 -21 -22 -8 -27 -20 -1
right_child=1 4 3 -5 -6 10 7 11 -10 -11 -12 12 -14 17 15 16 -18 -19 20 24 25 -23 -24 -25 -26 27 -28 -29 -30 -31
leaf_value=-5.6633959735342287 -1.3023179885013434 -3.7010258235464137 -5.7173013259932421 -4.4201812474014543 -3.0353317434911791 -5.7144989330483122 -5.7416528017127124 -5.7475287340593981 -5.3848923825740744 -5.2571592856362317 -5.1485321385713245 -5.7266215196534747 -5.3204401870148432 -5.7140932035453957 -5.6325156603486226 -5.7144185374475631 -5.532959063611929 -5.5347875535894593 -5.7072250099905988 -5.5527491103687137 -5.7162508398656007 -5.7308110620910888 -5.7347394403545415 -5.7237443479082026 -5.7088050971618971 -5.5956253277581895 -5.6643647412348113 -5.707803294876892 -5.6058785099532003 -5.7271533693018064
leaf_weight=0.16633112682029505 1.7997027921956021 0.26945642544888038 0.56885245372541149 0.16633112682029605 0.73185695800930251 0.44244079734198782 5.5787459935527277 484.87852103891782 1.470367161091416 0.21955708740279067 1.2474834511522201 1.21421722578816 0.16633112682029594 0.42580768465995689 0.28608953813090998 0.43911417480558135 0.6187517917715013 0.16633112682029605 0.19294410711154231 0.78175629605539121 0.51895311567932256 1.716537228785455 12.767577294725923 0.96472053555771708 0.23951682262122631 0.30272265081293881 0.17963761696591962 0.20957721979357302 0.3958680818323046 1.2674431863706557
leaf_count=50 541 81 171 50 220 133 1677 145757 442 66 375 365 50 128 86 132 186 50 58 235 156 516 3838 290 72 91 54 63 119 381
internal_value=-5.69836 -2.48615 -5.73891 -4.8559 -3.87126 -4.69413 -5.7418 -5.74295 -5.62968 -5.50424 -5.30463 -5.7454 -5.53917 -5.74629 -5.69834 -5.63841 -5.57912 -5.59215 -5.74668 -5.60715 -5.71869 -5.69927 -5.72642 -5.67089 -5.57604 -5.65073 -5.73446 -5.61692 -5.62329 -5.70812
internal_weight=520.394 5.51221 514.881 0.735184 3.71251 2.98065 514.146 512.493 10.2892 1.65333 2.7112 502.204 1.38055 500.823 8.81888 3.06049 1.05787 0.592139 500.231 1.46371 15.3524 2.00263 14.3211 1.55353 1.02127 1.03125 5.75838 0.5123 0.588812 1.43377
internal_count=156433 1657 154776 221 1116 896 154555 154058 3093 497 815 150965 415 150550 2651 920 318 178 150372 440 4615 602 4305 467 307 310 1731 154 177 431
is_linear=0
shrinkage=1


Tree=1
num_leaves=30
num_cat=0
split_feature=25 20 13 11 1 3 1 8 1 18 23 15 1 8 7 8 17 7 1 19 19 1 17 0 0 1 19 19 17
split_gain=1266.58 1132.69 617.053 297.791 262.508 184.046 28.2109 34.0625 26.2275 21.5637 15.7653 13.5724 52.1703 12.8538 7.97293 5.43998 1.80533 1.38857 8.42611 8.93892 6.22881 5.33962 2.93654 1.89435 1.40183 0.837213 0.762894 0.897103 0.374522
threshold=0.70000001788139354 1.0000000180025095e-35 1.0000000180025095e-35 1.0000000180025095e-35 6.2895047664642343 1.0000000180025095e-35 13.657860279083254 1.0000000180025095e-35 0.1343973055481911 2.5000000000000004 0.52500000596046459 1.5000000000000002 3.1351157426834111 1.0000000180025095e-35 1.0000000180025095e-35 1.0000000180025095e-35 16.663604736328129 1.0000000180025095e-35 5.4183347225189218 9.2987561225891131 7.1583552360534677 2.7980505228042607 5.5627880096435556 5.0084662437438974 1.6024127602577212 4.631589651107789 8.478919982910158 7.5855557918548593 7.6757268905639657
decision_type=2 2 2 2 2 2 2 2 2 2 2 2 2 2 2 2 2 2 2 2 2 2 2 2 2 2 2 2 2
left_child=1 2 3 6 25 -2 9 16 -5 10 11 17 -13 -11 -10 28 -8 -1 20 23 21 24 -23 -20 -19 -4 27 -25 -14
right_child=5 -3 4 8 -6 -7 7 -9 14 13 -12 12 15 -15 -16 -17 -18 18 19 -21 -22 22 -24 26 -26 -27 -28 -29 -30
leaf_value=-0.050856525614305717 0.48994654930767628 0.37829989218575177 -0.019929320536953371 0.3824907957995809 1.0953507219836245 0.20584851004566276 -0.038951474056940223 0.20510165630387395 -0.023271309600165657 -0.021766987529508286 0.096523339462267821 -0.04406250012813314 -0.0091235077149249052 0.2112173511826626 0.14078448806316565 0.30806017229719651 0.036008816981251739 0.0299818379667426 -0.012679794759654708 -0.038406058186812135 -0.05067533835417487 -0.014016362963596863 0.11139878597164994 0.041572841295453578 -0.036286016667294828 0.035490266500878519 0.10221978212475431 -0.01600507731821826 0.036285699010150947
leaf_weight=465.11950904526748 8.0078695332631451 15.737098118290303 0.65922965481877216 3.1915996714960775 0.70228471118025482 25.038020608015358 3.4732621428556736 1.4897273853421209 0.77754992526024547 0.76662284298799821 0.9838831564411511 6.10996911372058 0.22232764330692578 0.33026155806146562 1.0350098621565849 0.39377074688673019 0.16234422149136651 0.22158869355916966 0.3356906608678395 3.0162813884671777 52.010143251158297 0.38236967497505236 0.5453784978017211 0.60803025821223877 2.4506745289545506 0.16940397955477238 1.2496187372598795 0.46283676428720355 0.15863839816302061
leaf_count=135710 148 185 207 39 127 190 1063 17 167 241 74 1753 70 11 26 9 48 16 93 796 14226 95 108 88 711 53 160 119 49
internal_value=-0.00911438 -0.0269843 -0.0393127 -0.0428502 0.740061 0.287061 -0.0466597 0.0617536 0.30785 -0.0478108 -0.0483618 -0.0488093 0.0186402 0.115657 0.0871562 0.259337 -0.0285584 -0.0497251 -0.0404593 0.0153178 -0.0463188 0.0139547 0.0792518 0.0701434 -0.0241229 0.00461281 0.0823353 0.0209755 0.0223685
internal_weight=595.811 562.765 547.028 545.497 1.53092 33.0459 540.493 5.12533 5.00416 535.368 534.271 533.287 6.88471 1.09688 1.81256 0.774737 3.63561 526.402 61.2826 5.67246 55.6102 3.60001 0.927748 2.65618 2.67226 0.828634 2.32049 1.07087 0.380966
internal_count=156599 156261 156076 155689 387 338 155457 1128 232 154329 154077 154003 1881 252 193 128 1111 152122 16412 1256 15156 930 203 460 727 260 367 207 119
is_linear=0
shrinkage=0.05


Tree=2
num_leaves=28
num_cat=0
split_feature=25 20 13 11 3 1 15 1 1 9 25 19 0 7 26 1 0 19 19 1 1 1 16 7 19 7 1
split_gain=896.734 939.819 422.456 238.874 154.267 111.099 34.2994 59.1537 25.4449 61.3729 10.5126 8.39983 7.85836 7.62091 4.54432 6.24887 4.2749 6.93582 2.13842 1.62629 0.891212 0.836605 7.08138 11.9307 1.1538 0.809731 0.678126
threshold=0.70000001788139354 1.0000000180025095e-35 1.0000000180025095e-35 1.0000000180025095e-35 1.0000000180025095e-35 7.5148038864135751 1.5000000000000002 3.1351157426834111 9.6120772361755389 1.0000000180025095e-35 1.0000000180025095e-35 10.654984951019289 1.2513323426246645 1.0000000180025095e-35 0.43750000000000006 6.8423619270324716 1.2513323426246645 7.4913353919982919 12.488617420196535 4.9058325290679941 0.11108123511075975 4.4969997406005868 5.5000000000000009 1.0000000180025095e-35 6.0050072669982919 1.0000000180025095e-35 5.0631608963012704
decision_type=2 2 2 2 2 2 2 2 2 2 2 2 2 2 2 2 2 2 2 2 2 2 2 2 2 2 2
left_child=1 2 3 6 -2 19 8 12 14 18 -9 -5 -8 -13 16 -16 17 -1 -10 -4 25 -22 24 -24 26 -18 -23
right_child=4 -3 5 11 -6 -7 7 10 9 -11 -12 13 -14 -15 15 -17 20 -19 -20 -21 21 22 23 -25 -26 -27 -28
leaf_value=0.11129015185477578 0.37188446741420522 0.30438349075196935 -0.019616115331782036 0.35030151830751177 0.14760350603056158 0.65193580973909959 0.087020492859741561 0.33412089608820478 -0.045066157790454996 0.20596884819652109 0.05029918885974706 0.034962459057546143 -0.043771186118285177 0.18661430629023074 -0.034697951273526005 0.081214351997043216 -0.022318490492758147 -0.032434419535101559 0.035803175994654442 0.056921798375767163 -0.050925774297178074 0.033378895236546378 -0.034946399943255053 0.13636489716146852 -0.046850501491613711 0.030581497758719624 -0.017422028333952976
leaf_weight=0.23862557322718103 11.122613923158495 19.807347373105586 0.64227032195776634 1.4577619314659376 28.486171738710254 1.7747044023126362 0.41344644688069632 0.68637651577591896 8.8007746750954503 2.4131900952197602 0.9274286974687127 1.6759148559067396 6.1930067050270736 3.5928737842477858 2.2447867596056308 0.82314476137980808 0.79975236835889407 1.7074552571866659 0.16508024116046804 0.40114497300237417 454.82976233190857 0.1975048859603693 2.0118982312269504 0.59337701997719694 34.209687393158674 0.21116190496832132 0.5289792527910322
leaf_count=32 148 190 205 53 181 100 11 12 2776 50 141 142 1910 39 731 17 233 475 50 72 138309 49 521 91 9926 12 158
internal_value=-0.00854106 -0.0253165 -0.0382481 -0.0419844 0.218191 0.486226 -0.0460192 0.0508179 -0.0476771 0.0244802 0.252659 0.234466 -0.0252217 0.151649 -0.0493703 0.0087214 -0.0497469 0.0169826 -0.040134 0.0232653 -0.050044 -0.0501402 -0.0395479 0.0310727 -0.0455323 -0.00155582 0.0077229
internal_weight=586.956 547.347 527.54 524.722 39.6088 2.81812 517.995 8.22026 509.775 11.379 1.61381 6.72655 6.60645 5.26879 498.396 3.06793 495.328 1.94608 8.96585 1.04342 493.382 492.371 37.5414 2.60528 34.9362 1.01091 0.726484
internal_count=156634 156305 156115 155738 329 377 155504 2074 153430 2876 153 234 1921 181 150554 748 149806 507 2826 277 149299 149054 10745 612 10133 245 207
is_linear=0
shrinkage=0.05


Tree=3
num_leaves=31
num_cat=0
split_feature=25 1 1 2 2 2 9 13 4 15 0 11 23 2 17 17 7 17 1 15 25 13 25 0 7 17 14 17 17 17
split_gain=788.486 462.523 379.609 142.613 247.893 117.644 108.745 108.524 109.207 91.4301 85.8176 27.6602 14.5889 14.588 27.8796 6.61555 4.84631 3.7795 3.76088 21.5188 12.2952 3.26493 3.08443 3.05243 2.68851 2.542 2.05145 2.02263 1.97229 0.876303
threshold=0.70000001788139354 0.11108123511075975 8.9147872924804705 8.5000000000000018 10.500000000000002 11.500000000000002 1.0000000180025095e-35 1.0000000180025095e-35 1.0000000180025095e-35 1.5000000000000002 4.4898154735565194 1.0000000180025095e-35 0.52500000596046459 10.500000000000002 4.8477957248687753 0.5905953347682954 1.0000000180025095e-35 0.21966114640235904 3.4560974836349492 1.0000000180025095e-35 1.0000000180025095e-35 1.0000000180025095e-35 0.40000000596046453 1.2513323426246645 1.0000000180025095e-35 3.0019725561141972 1.0000000180025095e-35 7.155611753463746 1.1220546960830691 8.800356864929201
decision_type=2 2 2 2 2 2 2 2 2 2 2 2 2 2 2 2 2 2 2 2 2 2 2 2 2 2 2 2 2 2
left_child=1 5 9 -2 -5 24 -7 8 13 11 16 12 18 -4 17 -13 -11 -15 23 21 -21 22 -20 26 -1 -19 -3 -23 -22 -18
right_child=3 2 7 4 -6 6 -8 -9 -10 10 -12 15 -14 14 -16 -17 29 25 19 20 28 27 -24 -25 -26 -27 -28 -29 -30 -31
leaf_value=0.074238835834771713 0.14264799575591144 -0.022034123381827933 0.11686586426720065 0.049188745793803168 0.58734938528113234 0.039492482639686327 0.63314213823293508 0.40494369406770486 -0.044489740986932001 -0.042856570424990609 0.24749295340449567 0.00054000099489655664 0.088270957495667449 -0.018138874594515238 0.32388814140381272 0.17225802753964004 0.06298886143277041 0.11380263214268459 -0.046925870567323537 0.17549054388402038 0.05087129716757377 -0.01965433267190432 0.024662691801721211 -0.050492036653123663 0.16260421034681638 -0.011089058273817613 0.06329645783591617 0.069068787983920146 -0.019006521674809901 -0.0096477736056399151
leaf_weight=3.9709601728245589 34.75856397813186 0.78221187670715042 9.3803927011322283 3.8120775222778303 4.5347259710542858 1.2287690876983097 1.9941562190651894 2.7212875355035058 7.8556875784415743 5.3378173313103598 4.1686213822104037 0.82853075442835578 1.0806771179195482 0.54868617141619269 3.3788957030046731 0.77821033098734915 0.71138509875163425 1.7258783227298411 49.280564923305064 0.75712393596768413 0.47909885644912664 0.63793784566223521 0.96790671139024098 414.13135977298953 8.5660491394810379 0.28387391567230214 0.26944539975374937 0.25830231723375618 2.2067302879877388 0.23763609514571726
leaf_count=175 211 253 230 16 100 341 51 80 2616 1706 201 117 70 128 214 76 127 271 15243 13 112 119 203 132748 56 94 5 35 699 72
internal_value=-0.00835284 -0.0253791 -0.0338298 0.194725 0.373124 0.233191 0.469756 0.149182 0.103638 -0.0439312 0.0963242 -0.0472319 -0.048044 0.177676 0.243055 0.117886 -0.0241201 0.0752813 -0.0485444 -0.0347839 0.0726214 -0.0432682 -0.0450926 -0.0502657 0.142167 0.0983387 0.0200238 0.0288554 0.00387834 0.0491825
internal_weight=567.674 524.568 508.808 43.1054 8.3468 15.7599 3.22293 25.8947 23.1734 482.914 10.4555 472.458 470.851 15.3177 5.93733 1.60674 6.28684 2.55844 469.771 54.5877 3.44295 51.1447 50.2485 415.183 12.537 2.00975 1.05166 0.89624 2.68583 0.949021
internal_count=156382 156055 155432 327 116 623 392 3633 3553 151799 2106 149693 149500 937 707 193 1905 493 149430 16424 824 15600 15446 133006 231 365 258 154 811 199
is_linear=0
shrinkage=0.05


Tree=4
num_leaves=23
num_cat=0
split_feature=25 20 13 1 2 2 1 1 7 8 15 1 23 8 18 7 8 19 1 2 2 1
split_gain=734.548 695.4 184.161 170.302 152.885 122.851 30.3062 29.7904 29.4539 25.3612 17.2459 47.2737 10.5343 6.97887 5.53734 3.50719 15.3172 21.3549 10.7619 1.57456 1.46722 0.604711
threshold=0.70000001788139354 1.0000000180025095e-35 1.0000000180025095e-35 0.11108123511075975 10.500000000000002 9.5000000000000018 6.2895047664642343 13.657860279083254 1.0000000180025095e-35 1.0000000180025095e-35 1.5000000000000002 3.5456125736236577 0.52500000596046459 1.0000000180025095e-35 3.5000000000000004 1.0000000180025095e-35 1.0000000180025095e-35 10.482583045959474 4.4969997406005868 13.500000000000002 3.5000000000000004 17.185221672058109
decision_type=2 2 2 2 2 2 2 2 2 2 2 2 2 2 2 2 2 2 2 2 2 2
left_child=1 2 3 8 -3 20 -4 10 13 -9 12 -12 14 -1 15 -5 -17 18 -18 -7 -2 -8
right_child=5 4 6 7 -6 19 21 9 -10 -11 11 -13 -14 -15 -16 16 17 -19 -20 -21 -22 -23
leaf_value=-0.030326084119707969 0.14473435950622565 0.13642857592536503 -0.022488259022030888 -0.050737969962627916 0.41232651392066932 0.20346330036529603 0.12900116478547174 -0.038748951032229369 0.24219276612472851 0.13551675581005712 -0.043566940118708021 0.21180138488197875 0.072649117207664191 0.089519115837004032 0.064038119986421324 -0.047957074322709597 0.0055955632139416522 -0.043728219317625938 0.1503433743064084 0.3943766316724498 0.099211877912116983 0.33691231744325778
leaf_weight=1.5277312982361746 25.383113123942167 18.265717210713778 0.81280770199373265 401.11482364567928 7.0282172835431984 4.5010872692801041 2.0496437335386872 3.3959823304321608 4.8130397726781666 3.2897387482225895 6.012923964764922 1.4599700560793278 0.95228207600302894 1.67222017981112 0.27279218123294313 44.871253364952281 2.2971478174440545 5.5723346348386258 2.1627889722585678 4.9816221846267581 14.68853140901774 2.2042450532317162
leaf_count=451 149 89 265 135074 103 40 83 1119 60 25 1948 116 76 16 11 16187 73 82 32 77 76 33
internal_value=-0.00669495 -0.0246776 -0.0381957 -0.0415797 0.225856 0.175125 0.236074 -0.0456094 0.174241 0.0534747 -0.0471466 0.0254333 -0.0483857 0.0387049 -0.0487967 -0.0490041 -0.035656 0.018723 0.0904688 0.331811 0.13087 0.280356
internal_weight=559.33 509.776 484.482 479.415 25.2939 49.5544 5.0667 471.402 8.01299 6.68572 464.716 7.47289 457.243 3.19995 456.291 456.018 54.9035 10.0323 4.45994 9.48271 40.0716 4.25389
internal_count=156185 155843 155651 155270 192 342 381 154743 527 1144 153599 2064 151535 467 151459 151448 16374 187 105 117 225 116
is_linear=0
shrinkage=0.05


Tree=5
num_leaves=22
num_cat=0
split_feature=8 25 2 13 18 1 25 18 12 23 19 7 17 1 7 19 1 19 19 17 19
split_gain=632.419 1051.44 329.052 190.358 63.4877 56.0825 53.8832 88.2074 37.4411 27.3643 26.9746 24.1914 19.5405 16.0376 15.8704 13.5237 11.8825 6.70141 3.20845 2.26899 1.09934
threshold=1.0000000180025095e-35 0.70000001788139354 10.500000000000002 1.0000000180025095e-35 2.5000000000000004 2.5703370571136479 0.40000000596046453 1.5000000000000002 1.0000000180025095e-35 0.22500000894069674 8.5495157241821307 1.0000000180025095e-35 33.014951705932624 4.0280532836914071 1.0000000180025095e-35 9.9328789710998553 0.11108123511075975 7.7151145935058603 11.470160007476808 4.0753986835479745 11.652197360992433
decision_type=2 2 2 2 2 2 2 2 2 2 2 2 2 2 2 2 2 2 2 2 2
left_child=1 3 6 4 12 -4 7 11 -5 18 -7 -2 16 -14 -6 -12 17 -1 -10 -8 -19
right_child=2 -3 5 8 14 10 19 -9 9 -11 15 -13 13 -15 -16 -17 -18 20 -20 -21 -22
leaf_value=0.14085533957412247 -0.054624333019175346 1.1933283984752909 0.32957402084739756 0.34732435099132797 0.012593982537991995 0.22345339110101459 0.089076371906193774 0.10152964773558103 -0.036201051805094496 0.21124910221291221 0.0096060150288836983 0.031537262006667947 -0.02553966117487055 0.21715382562305841 0.3488327262299411 0.13196848220062707 -0.049757820138073477 -0.02771628550532583 0.05319771620912396 0.052871681503942093 0.031968714200190894
leaf_weight=0.30895144981332023 28.530205860733986 0.72880365559831162 10.097776006441565 2.1135030761361113 0.5959099147003134 10.029797115363182 37.818392649292946 17.208970248699188 2.4320177903864537 1.4505297914147375 3.5711219869554025 10.496222808957098 1.0382806621491898 0.30950501514598716 0.25324609177187085 6.0374016920104623 400.29887530906126 1.2345728494692592 0.44801163091324259 11.319676503539084 0.2195171583443879
leaf_count=51 189 65 888 29 202 105 168 72 286 14 54 58 386 49 35 63 153161 382 56 50 68
internal_value=-0.00675684 -0.0375865 0.0867111 -0.042664 -0.0471717 0.23083 0.0442536 0.0104523 0.208469 0.0882572 0.166548 -0.0312421 -0.0484015 0.0989473 0.247287 0.0916834 -0.0491397 0.058423 -0.0121679 0.081957 -0.00935078
internal_weight=546.541 411.432 135.11 410.703 404.259 29.7361 105.373 56.2354 6.44406 4.33056 19.6383 39.0264 403.41 1.34779 0.849156 9.60852 402.062 1.76304 2.88003 49.1381 1.45409
internal_count=156431 154784 1647 154719 154334 1110 537 319 385 356 222 247 154097 435 237 117 153662 501 342 218 450
is_linear=0
shrinkage=0.05


Tree=6
num_leaves=31
num_cat=0
split_feature=8 9 2 2 19 9 0 18 9 1 0 1 23 1 0 20 11 1 2 19 0 0 1 1 19 21 1 19 21 1
split_gain=544.117 387.789 253.665 61.7591 56.4158 55.773 80.1655 41.4596 65.5469 38.4635 34.6903 31.4957 23.5689 23.4874 14.5954 12.5855 10.9816 7.62767 6.98786 5.07247 4.37261 6.5488 4.21749 4.00072 3.81237 2.95308 2.30611 3.32383 2.29842 1.35263
threshold=1.0000000180025095e-35 1.0000000180025095e-35 10.500000000000002 4.5000000000000009 7.8307564258575448 1.0000000180025095e-35 1.4170652627944949 1.0000000180025095e-35 1.0000000180025095e-35 4.375859498977662 3.908918142318726 3.6369216442108159 0.22500000894069674 2.8613171577453618 5.5467584133148202 1.0000000180025095e-35 1.0000000180025095e-35 7.5148038864135751 5.5000000000000009 9.7045631408691424 3.0337504148483281 3.4086693525314335 1.6485445499420168 2.1180931329727177 10.816390991210939 7.6033992767333993 13.657860279083254 8.6844162940979022 8.0647935867309588 0.1771364510059357
decision_type=2 2 2 2 2 2 2 2 2 2 2 2 2 2 2 2 2 2 2 2 2 2 2 2 2 2 2 2 2 2
left_child=1 3 7 10 -3 11 -7 8 18 29 20 13 15 -4 19 16 26 -14 25 -12 -1 24 -18 -10 -22 -2 -5 -28 -21 -8
right_child=2 4 5 12 -6 6 9 -9 23 -11 14 -13 17 -15 -16 -17 22 -19 -20 28 21 -23 -24 -25 -26 -27 27 -29 -30 -31
leaf_value=-0.039014288715828814 0.049287350022074489 0.60112624679341131 0.47787271685387717 -0.048263781847625642 0.12733812449096449 0.26310967699135807 0.01882298078931112 0.088935900747713514 -0.047570955205249087 0.12244963493525302 -0.0085472305965302725 0.18315412822219063 -0.018353065627184501 0.1360757224094048 -0.020842884794093321 0.1241423668970304 -0.0176682338702864 0.16323870881717825 0.019773157715875109 0.22092900517651304 0.0012713493356972456 -0.031212980730516943 0.11997807292516792 -0.0051667189442831428 0.12801199263744586 0.086072686354496233 0.044989676819265891 -0.035339676328435918 0.021718117558302354 -0.043271907637516691
leaf_weight=3.5106085587758553 18.566301047801971 1.5211732061579817 2.6799943957012138 372.8688079949934 1.7541379895992575 6.6459461599588421 0.44192215986549666 27.949958220124245 22.958941385149959 7.8720437027513981 0.20546198380179737 8.7977301850914937 0.57583044399507233 1.8290100656449793 0.70849129743874062 0.14791576331481238 0.5378655302338291 0.84245427791029215 11.161573499441145 3.0556110127363358 0.94743832200765632 1.6499930445570496 0.46500911563634872 7.5878459811210623 0.68400454707443714 14.797900095582007 1.0957539621740573 2.3662256854586303 0.39282512851059426 5.5596959055401385
leaf_count=1392 82 60 114 149336 171 59 15 121 153 83 73 61 170 13 194 14 133 11 52 864 368 642 48 46 220 66 300 795 124 753
internal_value=-0.00765376 -0.0375323 0.0778722 -0.042619 0.436518 0.194663 0.132037 0.0380224 0.018147 0.0557811 0.0690855 0.275257 -0.0460807 0.389095 0.164169 -0.0469716 -0.0473667 0.11241 0.0563332 0.196813 -0.00521605 0.0316096 0.0741922 -0.0375354 0.0828628 0.0676326 -0.0478864 -0.00552984 0.20822 -0.0366643
internal_weight=530.178 393.33 136.849 390.054 3.27531 33.8263 20.5196 103.023 75.0726 13.8737 11.1544 13.3067 378.9 4.509 4.36239 377.482 377.334 1.41828 44.5258 3.6539 6.79204 3.28144 1.00287 30.5468 1.63144 33.3642 376.331 3.46198 3.44844 6.00162
internal_count=156533 154915 1618 154684 231 1098 910 520 399 851 3877 188 150807 127 1255 150626 150612 181 200 1061 2622 1230 181 199 588 148 150431 1095 988 768
is_linear=0
shrinkage=0.05


Tree=7
num_leaves=21
num_cat=0
split_feature=8 25 9 2 25 18 9 1 1 1 23 7 17 1 1 21 1 1 0 1
split_gain=538.423 524.849 264.742 186.382 48.229 78.0169 34.0628 51.2471 35.1196 33.5353 31.1064 11.9306 9.58268 8.88424 8.78816 1.84657 1.5906 0.521251 0.505754 0.0568186
threshold=1.0000000180025095e-35 0.70000001788139354 1.0000000180025095e-35 10.500000000000002 0.40000000596046453 1.0000000180025095e-35 1.0000000180025095e-35 0.16552247852087024 2.8613171577453618 4.375859498977662 0.22500000894069674 1.0000000180025095e-35 33.014951705932624 8.3632612228393572 9.6120772361755389 6.7316143512725839 6.0464444160461435 17.185221672058109 6.9336860179901132 2.8613171577453618
decision_type=2 2 2 2 2 2 2 2 2 2 2 2 2 2 2 2 2 2 2 2
left_child=1 2 10 4 5 11 8 -8 -5 -9 12 -2 17 -14 -12 -4 19 -1 -19 -6
right_child=3 -3 15 6 16 -7 7 9 -10 -11 14 -13 13 -15 -16 -17 -18 18 -20 -21
leaf_value=-0.049853011945659907 -0.057939481102374485 0.5820886605689356 0.1236093638887128 0.33728764768994446 0.068666790324307087 0.078368261703371758 0.20745285003222175 -0.043201920458150272 0.15725759912459836 0.10651608278983014 -0.019553713832945865 0.0076242819175073072 -0.026137117661033039 0.15136744430278021 0.16461789423710985 0.34658797594818264 0.093443507829125722 -0.025452671506779823 0.013818388399341592 0.047367050740582561
leaf_weight=366.07671495107934 24.826045170426369 2.3922566957771769 1.7732233074493695 4.5023275157436755 30.11790406703949 21.787609338760376 7.8080929685384062 5.4975418262183657 14.519293520599602 8.3741026967763883 0.63666733680292864 9.1954358816146833 1.0885536372661579 0.23792469827458251 1.267445735633373 2.8466709372587502 12.781570330262182 1.0259426233824331 0.56351091153919686 11.871202141046522
leaf_count=153196 176 64 56 126 130 94 65 743 89 82 178 53 403 12 13 171 54 349 190 50
internal_value=-0.00558724 -0.0374897 -0.0429723 0.0738298 0.0394466 0.00646394 0.164058 0.112217 0.214588 0.0482654 -0.0480128 -0.040507 -0.0491822 0.0570789 0.117509 0.298227 0.0723361 -0.0497193 -0.0115702 0.0638868
internal_weight=529.19 377.909 375.517 151.281 110.58 55.8091 40.7014 21.6797 19.0216 13.8716 370.897 34.0215 368.993 1.32648 1.90411 4.61989 54.7707 367.666 1.58945 41.9891
internal_count=156294 154632 154568 1662 557 323 1105 890 215 825 154341 229 154150 415 191 227 234 153735 539 180
is_linear=0
shrinkage=0.05


Tree=8
num_leaves=31
num_cat=0
split_feature=8 25 9 2 13 25 20 0 0 9 19 20 19 19 23 21 21 19 19 23 17 19 19 19 21 21 19 21 21 21
split_gain=455.092 305.069 261.557 115.556 34.8893 34.5122 54.6602 25.1036 29.0068 23.2533 13.739 12.3482 10.2299 9.5777 8.40881 8.89878 4.95104 3.08254 2.23513 2.20268 1.82794 1.39375 1.1829 4.82169 3.29491 1.05443 1.00424 0.423541 0.413695 8.94822
threshold=1.0000000180025095e-35 0.70000001788139354 1.0000000180025095e-35 11.500000000000002 1.0000000180025095e-35 0.40000000596046453 1.0000000180025095e-35 1.4170652627944949 5.0084662437438974 1.0000000180025095e-35 5.1301827430725107 1.0000000180025095e-35 7.7151145935058603 8.8495721817016619 1.0000000180025095e-35 5.8957784175872812 7.9805366992950448 7.3923821449279794 6.3303480148315439 0.92500001192092907 4.4384336471557626 11.548305511474611 10.845473766326906 11.528805255889894 6.5020399093627939 6.1643662452697763 10.654984951019289 8.1407527923584002 7.376195192337037 7.636751890182496
decision_type=2 2 2 2 2 2 2 2 2 2 2 2 2 2 2 2 2 2 2 2 2 2 2 2 2 2 2 2 2 2
left_child=1 2 4 5 11 6 7 -2 -9 13 -11 19 -4 -5 15 -6 18 -18 -12 -1 -7 26 24 -24 25 -20 -14 -19 -26 -30
right_child=3 -3 12 9 14 20 -8 8 -10 10 16 -13 21 -15 -16 -17 17 27 22 -21 -22 -23 23 -25 28 -27 -28 -29 29 -31
leaf_value=-0.049971309702668255 0.075156335440313624 0.35700309302383804 0.33202734981816145 0.23021836734686918 0.11308130817683344 0.075004698417609081 0.091537114546617962 -0.057808815776547555 0.054017529906251666 0.15748515371180707 -0.0012912473900003143 0.11755947811413925 0.071052281618012109 0.1288166064090572 0.15400652782719479 -0.034800105526167288 0.056094473952968973 -0.034871581465123536 0.036225671873612086 0.030272873286085984 0.044541669462666703 0.16553599372397587 -0.028607409618201792 0.077764324064542312 0.13959443010031977 -0.02072838365634172 0.0020898328641493387 0.0029554652369323162 -0.018418281183038381 0.11356058282495191
leaf_weight=348.46872750087641 5.0513195209205142 3.8730438295751801 2.834042881615459 8.2451672386378068 0.52499833167530541 39.700531035661697 14.343404427170752 27.321863808901981 6.447767646983265 5.3731937881093499 0.85943057062104244 0.19268607115372915 0.97394319134764396 11.607760475948451 1.3684411123394964 2.1520540767814964 0.79673254955559913 1.5939702494069936 0.70444169896654585 0.2441025369334956 12.146881520748137 1.6990194451063869 1.2552359469700607 1.2890734442044047 2.0675075179897249 0.66202133381739259 0.80575273046270013 0.83130119135603298 1.7280632168985905 2.2307551538106054
leaf_count=153718 22 62 54 70 40 169 59 261 40 38 21 17 81 115 9 304 18 97 48 44 52 44 151 68 84 54 68 65 75 98
internal_value=-0.00656323 -0.0363998 -0.0416201 0.068278 -0.0476281 0.0402093 0.0115268 -0.0195914 -0.0355179 0.140519 0.0933054 -0.0494006 0.254872 0.179951 0.0847315 0.0170672 0.0598577 0.00372886 0.0748722 -0.0498287 0.0688457 0.131915 0.0809751 0.0320208 0.0920005 0.0115335 0.0518139 -0.0248283 0.106008 0.063854
internal_weight=507.393 363.137 359.264 144.256 352.951 105.012 53.1644 38.821 33.7696 39.2447 19.3917 348.906 6.31276 19.8529 4.04549 2.67705 14.0185 3.222 10.7965 348.713 51.8474 3.47872 9.9371 2.54431 7.39279 1.36646 1.7797 2.42527 6.02633 3.95882
internal_count=156046 154441 154379 1605 154132 603 382 323 301 1002 817 153779 247 185 353 344 779 180 599 153762 221 193 578 219 359 102 149 162 257 173
is_linear=0
shrinkage=0.05


Tree=9
num_leaves=23
num_cat=0
split_feature=8 25 9 2 25 18 1 9 1 1 7 1 13 20 19 19 13 17 17 26 19 19
split_gain=413.763 309.527 191.405 104.791 33.9806 62.1401 23.8442 19.3637 25.2723 28.4379 12.1662 11.1238 8.28823 6.57215 3.10867 7.11634 1.31868 1.50738 1.30586 1.02129 0.678138 0.0852839
threshold=1.0000000180025095e-35 0.70000001788139354 1.0000000180025095e-35 10.500000000000002 0.40000000596046453 1.0000000180025095e-35 17.185221672058109 1.0000000180025095e-35 0.1343973055481911 4.4969997406005868 1.0000000180025095e-35 4.2582395076751718 1.0000000180025095e-35 1.0000000180025095e-35 7.8307564258575448 11.548305511474611 1.0000000180025095e-35 6.5016360282897958 14.269840717315676 0.93750000000000011 10.783232212066652 10.482583045959474
decision_type=2 2 2 2 2 2 2 2 2 2 2 2 2 2 2 2 2 2 2 2 2 2
left_child=1 2 6 4 5 10 13 11 -9 -10 -2 -5 18 16 -4 21 19 -18 -8 -1 -6 -16
right_child=3 -3 14 7 20 -7 12 8 9 -11 -12 -13 -14 -15 15 -17 17 -19 -20 -21 -22 -23
leaf_value=-0.049957685845977318 -0.056864579249901862 0.3123962507259988 0.26247429162072849 0.21146079651523433 0.071269908824561509 0.068802345958897573 -0.028160110653784404 0.14855580091671836 -0.043049968374230752 0.092380791245431332 0.009429748948722139 0.11248461363617511 0.13929294596660707 0.077156796065788014 0.016486949197204805 0.15931425789884823 -0.031988342837637594 0.026570507045653009 0.037993226025722728 0.00075079834768462567 0.05086191159005754 -0.0015241829760281899
leaf_weight=330.35058236867189 22.527417734265327 5.2592743150889865 3.28837233968079 8.7912828912958521 28.524936258792877 22.521939516067505 1.2817587249446649 9.8304444104433077 5.3995613993611178 9.4836357198655588 9.4429708570241946 11.303572244942186 1.300764836370945 0.17850148910656471 0.47278729034587763 1.3158153924159703 1.6914316241163754 0.91973384167067695 0.13576518488116573 0.96645260648801823 23.746360510587692 0.91097547579556704
leaf_count=153317 171 63 48 137 119 96 503 64 724 85 54 59 14 15 76 35 254 94 37 378 99 70
internal_value=-0.00644638 -0.0364553 -0.0427003 0.0622538 0.0347227 0.0068291 -0.0479444 0.125661 0.089521 0.0436301 -0.0375914 0.163757 0.0805148 -0.0492267 0.21693 0.105502 -0.0495244 -0.00971601 -0.00872926 -0.049808 0.0631276 0.00896444
internal_weight=499.644 348.072 342.813 151.572 106.764 54.4923 336.825 44.8085 24.7136 14.8832 31.9704 20.0949 2.71829 334.107 5.98795 2.69958 333.928 2.61117 1.41752 331.317 52.2713 1.38376
internal_count=156512 154904 154841 1608 539 321 154612 1069 873 809 225 196 554 154058 229 181 154043 348 540 153695 218 146
is_linear=0
shrinkage=0.05


Tree=10
num_leaves=31
num_cat=0
split_feature=25 18 1 11 15 1 25 9 13 2 2 2 7 0 18 7 0 16 10 26 21 0 0 7 2 9 0 25 0 18
split_gain=350.244 239.111 100.047 65.091 16.1889 14.1233 11.9695 11.0121 12.6059 10.4671 13.0824 10.2268 13.3052 14.9809 9.34538 5.7735 12.7383 12.7347 5.86918 4.98438 4.80178 4.2218 10.4782 3.83922 3.82967 3.38164 4.12253 2.82103 2.2949 2.25897
threshold=0.40000000596046453 1.5000000000000002 11.728113651275637 1.0000000180025095e-35 1.5000000000000002 0.11108123511075975 1.0000000180025095e-35 1.0000000180025095e-35 1.0000000180025095e-35 17.500000000000004 13.500000000000002 10.500000000000002 1.0000000180025095e-35 4.1693747043609628 1.0000000180025095e-35 1.0000000180025095e-35 4.7516486644744882 5.5000000000000009 1.0000000180025095e-35 0.43750000000000006 7.9278655052185067 1.2513323426246645 4.4898154735565194 1.0000000180025095e-35 4.5000000000000009 1.0000000180025095e-35 5.8397984504699716 1.0000000180025095e-35 4.6494262218475351 1.0000000180025095e-35
decision_type=2 2 2 2 2 2 2 2 2 2 2 2 2 2 2 2 2 2 2 2 2 2 2 2 2 2 2 2 2 2
left_child=1 2 3 4 5 14 -6 8 -4 10 23 24 13 -13 -1 -7 -17 18 27 29 -11 -14 -23 25 -2 26 -3 -18 -26 -20
right_child=11 9 7 -5 6 15 -8 -9 -10 20 -12 12 21 -15 -16 16 17 -19 19 -21 -22 22 -24 -25 28 -27 -28 -29 -30 -31
leaf_value=-0.033459806669601917 0.080256253159389598 -0.03265980279822344 -0.022033756794811021 0.1269213409506067 0.11684882131139325 -0.049848988511448727 -0.032845948558112577 0.12270779148821623 0.10849603367604366 0.17091931274083297 -0.023367539429476898 0.18849188688945784 0.099181224121667938 0.086581677220020914 0.099429239651664655 -0.046225968601639605 0.099396407705103426 0.11185300403501708 -0.047279673093093791 0.056052277723530886 0.039086474253531664 -0.038405298539863506 0.086515430314271821 0.10990154813222131 0.059424683930566463 0.073343236799997699 0.061339850699406596 -0.01544816489436715 0.017406314841237929 0.017481744195037632
leaf_weight=1.7208312121219924 42.131651762174442 1.8695713819470294 4.1260197800584111 4.642337975325062 1.8015461647883058 302.5674774965737 1.9003344508819273 8.3033843282610178 2.00830496288836 6.3970940744038662 2.417497019050642 7.6831131584476742 1.2164374904241402 12.182290869764982 1.9225597332697362 27.873969958629459 0.63363964855670929 1.6656883931718756 7.2099597116466594 0.75669428147375661 1.5462207074742762 3.2521045790053904 1.7992023644037543 13.204819814534858 10.779159007361161 7.0636817282065749 0.97841908410191525 0.44567734724841723 6.009742440422996 1.074092607013881
leaf_count=438 275 856 1604 210 13 133778 831 60 28 159 861 447 10 108 53 11510 5 144 1924 13 111 1511 248 147 552 39 41 207 89 212
internal_value=-0.00605347 -0.0255886 -0.0372774 -0.0426072 -0.0452142 -0.0463658 0.0493618 0.0877748 0.0299179 0.100476 0.0791561 0.0855316 0.113394 0.133141 0.0429749 -0.0474394 -0.0282824 0.0144513 -0.0101972 -0.025241 0.152497 0.0410994 0.0130337 0.0904022 0.0714875 0.0567331 0.00718201 0.0673514 0.0462078 -0.0379043
internal_weight=487.184 402.13 368.653 354.215 349.572 345.871 3.70188 14.4377 6.13432 33.4773 25.534 85.0537 26.1331 19.8654 3.64339 342.227 39.6597 11.7858 10.1201 9.04075 7.94331 6.26774 5.05131 23.1165 58.9206 9.91167 2.84799 1.07932 16.7889 8.28405
internal_count=156484 153244 151030 149338 149128 148284 844 1692 1632 2214 1944 3240 2324 555 491 147793 14015 2505 2361 2149 270 1769 1759 1083 916 936 897 212 641 2136
is_linear=0
shrinkage=0.05


Tree=11
num_leaves=19
num_cat=0
split_feature=8 25 9 2 4 23 25 18 7 20 7 9 20 17 21 17 21 21
split_gain=325.619 206.039 204.347 88.7083 27.567 26.26 21.4687 44.7042 14.702 11.9281 9.948 15.0455 12.4678 2.93986 2.38814 2.37349 0.304419 0.336456
threshold=1.0000000180025095e-35 0.70000001788139354 1.0000000180025095e-35 10.500000000000002 1.0000000180025095e-35 0.22500000894069674 0.40000000596046453 1.0000000180025095e-35 1.0000000180025095e-35 1.0000000180025095e-35 1.0000000180025095e-35 1.0000000180025095e-35 1.0000000180025095e-35 33.014951705932624 7.9726383686065683 4.4384336471557626 8.0201058387756365 8.1629438400268572
decision_type=2 2 2 2 2 2 2 2 2 2 2 2 2 2 2 2 2 2
left_child=1 2 5 6 -4 9 7 8 -2 13 11 -5 14 -1 -13 -8 -16 -18
right_child=3 -3 4 10 -6 -7 15 -9 -10 -11 -12 12 -14 -15 16 -17 17 -19
leaf_value=-0.049778122887561727 -0.055965316311741856 0.21073404593428832 0.32968546188987663 0.10632979281027991 0.10861673779919873 0.09823444810967577 0.05552615875130347 0.058064293652459215 0.016780165877506942 0.11298106125686616 0.13341759440939374 -0.033662712591395381 0.084078751722973577 0.016983189534775223 0.039204371901476881 0.026367600822994171 -0.016056559960228221 0.018150549820929895
leaf_weight=303.51650607062038 21.91575676202774 7.3723506219685069 1.9982736874371747 20.328453415073454 6.0441118907183409 2.1664207798894486 37.21153898537159 21.058417499065399 9.4152291864156741 0.22561254352331062 22.089667386375368 4.5704717834014463 4.5838914811611176 1.2119577121920873 0.62678167759440817 12.094523444771765 0.4606164253782481 0.41871268954128027
leaf_count=154094 179 65 25 168 210 184 152 91 53 16 240 551 22 424 32 50 72 34
internal_value=-0.00588881 -0.034473 -0.0408573 0.053517 0.193931 -0.047615 0.025708 0.00324199 -0.0342618 -0.0489689 0.105337 0.081775 0.0298482 -0.0494579 -0.0171612 0.04904 0.0263655 0.00122274
internal_weight=477.309 322.535 315.163 154.774 8.04239 307.12 101.695 52.3894 31.331 304.954 53.0786 30.9889 10.6605 304.728 6.07658 49.3061 1.50611 0.879329
internal_count=156662 155018 154953 1644 235 154718 525 323 232 154534 1119 879 711 154518 689 202 138 106
is_linear=0
shrinkage=0.05


Tree=12
num_leaves=23
num_cat=0
split_feature=8 9 25 19 25 11 23 0 4 9 19 0 17 13 17 20 0 0 0 0 0 19
split_gain=303.482 154.33 160.338 39.5364 46.3045 72.5625 26.1146 20.3581 8.98896 8.27512 6.56412 13.2035 5.07166 3.12537 3.38782 2.37573 2.19106 1.16557 1.09399 0.964891 0.608267 0.565818
threshold=1.0000000180025095e-35 1.0000000180025095e-35 0.70000001788139354 7.7940387725830087 0.40000000596046453 1.0000000180025095e-35 1.0000000180025095e-35 5.0084662437438974 1.0000000180025095e-35 1.0000000180025095e-35 5.1301827430725107 5.2484703063964853 4.4384336471557626 1.0000000180025095e-35 6.5016360282897958 1.0000000180025095e-35 5.6539442539215097 2.2889930009841923 4.7244186401367196 4.4280152320861825 4.7789974212646493 11.220125675201418
decision_type=2 2 2 2 2 2 2 2 2 2 2 2 2 2 2 2 2 2 2 2 2 2
left_child=1 2 6 9 5 7 13 -5 -3 -2 -11 17 18 15 -15 -1 20 -12 21 -19 -8 -6
right_child=3 8 -4 4 12 -7 16 -9 -10 10 11 -13 -14 14 -16 -17 -18 19 -20 -21 -22 -23
leaf_value=-0.049920408391906521 0.13069406168155423 0.24632382511372569 0.16628676918328955 -0.054959933093242652 0.06192863476453922 0.12178564968159707 -0.016753522910609261 0.031579727641570063 0.1036348722863748 0.098180751113472825 0.015851050125505414 0.074659881142535578 0.028069161200156224 -0.032660717254461964 0.053967980989230925 0.03465454257162897 0.11871698026491367 -0.041249980374701074 0.050882985039708319 0.0027494932443750809 0.031426668738993316 0.09122510131174319
leaf_weight=286.97542845690623 10.226254258304833 2.1430654749274236 8.0533515214920026 28.819311736850068 19.445206833072007 8.0688217566348595 0.50105492502916549 8.081613762304185 6.7602837246377021 16.188338111620396 1.9492511348798895 14.823016960173844 11.656295245513318 1.7753798537887626 0.90530524286441494 0.17993850540369649 1.5055970707908271 2.1706750032026321 17.20647169277072 1.8590235826559363 0.21217483025975525 12.559581143781541
leaf_count=153847 55 19 61 877 102 39 166 78 217 80 20 66 58 252 94 15 15 87 72 22 12 65
internal_value=-0.00676232 -0.0352518 -0.0415363 0.0506127 0.0331078 -0.00538659 -0.0478149 -0.0356739 0.159385 0.08835 0.0735116 0.050691 0.0611753 -0.0492469 0.00330905 -0.0497473 0.0964338 -0.0109158 0.0683018 -0.0244407 0.00755687 0.0758411
internal_weight=462.065 309.012 300.108 153.054 105.837 44.9697 292.055 36.9009 8.90335 47.2166 36.9903 20.802 60.8676 289.836 2.68069 287.155 2.21883 5.97895 49.2113 4.0297 0.71323 32.0048
internal_count=156319 154698 154462 1621 1291 994 154401 955 236 330 275 195 297 154208 346 153862 193 129 239 109 178 167
is_linear=0
shrinkage=0.05


Tree=13
num_leaves=31
num_cat=0
split_feature=8 9 2 2 23 0 2 0 18 9 18 0 11 13 4 0 19 0 0 0 0 0 17 20 0 0 0 0 0 0
split_gain=286.843 147.659 58.4515 41.9442 22.3273 19.1778 17.2647 11.4141 8.64353 6.61721 19.282 10.0645 7.86952 5.49597 4.62621 3.99939 3.94603 3.73353 2.82675 3.55709 2.8275 2.60466 2.59582 2.25228 2.07075 2.25035 2.9635 2.00632 3.16806 1.88232
threshold=1.0000000180025095e-35 1.0000000180025095e-35 10.500000000000002 4.5000000000000009 1.0000000180025095e-35 5.4522609710693368 7.5000000000000009 3.0337504148483281 1.0000000180025095e-35 1.0000000180025095e-35 1.0000000180025095e-35 5.8397984504699716 1.0000000180025095e-35 1.0000000180025095e-35 1.0000000180025095e-35 1.4170652627944949 10.783232212066652 5.0084662437438974 5.5467584133148202 5.0084662437438974 3.0423772335052495 3.3996962308883671 4.4384336471557626 1.0000000180025095e-35 3.922072291374207 3.908918142318726 3.4086693525314335 5.5014009475708017 4.8607034683227548 4.6030178070068368
decision_type=2 2 2 2 2 2 2 2 2 2 2 2 2 2 2 2 2 2 2 2 2 2 2 2 2 2 2 2 2 2
left_child=1 3 5 7 23 6 16 -1 -8 17 11 12 -11 -6 -3 -12 22 -4 19 20 -9 -22 -2 -5 25 26 -23 28 -17 -26
right_child=2 14 9 4 13 -7 8 18 -10 10 15 -13 -14 -15 -16 27 -18 -19 -20 -21 21 24 -24 -25 29 -27 -28 -29 -30 -31
leaf_value=-0.03608968735471365 0.055423275403573571 0.2069271695744575 0.13467844970790768 -0.047059110805115351 -0.020155386302090104 0.067381698440443505 -0.031702606913272757 0.10997016925833487 0.024440669904624238 -0.039103255476550101 0.12048035110138347 0.085815778827603592 0.077331610770822776 0.11507223144187735 0.098640258221233054 -0.030603813262061533 0.015039638288012594 0.07897415976079715 -0.017016393644123509 0.12478410722691453 -0.026708570602856797 0.069802168939630135 0.02164883839601324 0.034413759981325176 -0.02831423557692573 0.10220926994238984 -0.027356242613965461 0.075564436362163867 0.051452429310621051 0.036083104314597707
leaf_weight=2.5774361337535074 18.566789135336879 2.7747059091925603 12.881782486103477 271.62913535325788 0.66827400471083742 21.389881983399391 21.300951495766643 0.54136930208187184 9.0379089862108213 6.7161936413031089 10.344340458512308 2.1605535857379436 0.82295538531616319 1.7967928946018219 7.4346906905993819 1.2361833972390726 21.309053413569927 12.526321323588489 0.51228197570890266 2.3422961218748242 1.1418154769344253 0.24031714524608139 10.755996726453303 0.18324720766395231 1.2982575761852788 0.92801722395233799 1.2031210984569041 5.5498591139912605 1.6474742568098006 1.2570466639008371
leaf_count=1422 83 22 131 150310 186 90 158 19 42 686 48 18 5 9 207 110 109 58 188 245 579 19 50 15 542 25 648 28 13 217
internal_value=-0.00567276 -0.0345291 0.048963 -0.0413703 -0.0454115 0.02633 0.0147957 0.0470987 -0.0147314 0.0906934 0.0692038 0.0103245 -0.0188258 0.0831754 0.143905 0.0975581 0.0324311 0.111246 0.071037 0.0772793 0.0462601 0.025823 0.0441569 -0.0468782 0.0404499 0.066253 0.0107667 0.0596511 0.0174535 0.00460378
internal_weight=452.775 296.529 156.246 286.319 274.277 102.361 80.9707 12.042 30.3389 53.8857 28.4776 9.6997 7.53915 2.46507 10.2094 18.7779 50.6318 25.4081 9.46452 8.95224 6.60994 6.06858 29.3228 271.812 4.92676 2.37146 1.44344 8.43352 2.88366 2.5553
internal_count=156282 154653 1629 154424 150520 532 442 3904 200 1097 908 709 691 195 229 199 242 189 2482 2294 2049 2030 133 150325 1451 692 667 151 123 759
is_linear=0
shrinkage=0.05


Tree=14
num_leaves=27
num_cat=0
split_feature=8 25 9 2 25 18 1 7 7 9 18 7 20 19 1 11 21 17 1 19 21 0 17 17 16 21
split_gain=275.571 136.863 135.172 51.2195 20.5325 53.6336 13.1483 10.4099 8.72424 7.38011 15.8302 10.345 6.28983 5.27287 12.9295 3.69672 2.5214 2.19915 1.97933 1.32488 1.93203 0.719815 0.804314 0.693679 0.377516 0.258603
threshold=1.0000000180025095e-35 0.70000001788139354 1.0000000180025095e-35 10.500000000000002 0.70000001788139354 1.0000000180025095e-35 17.185221672058109 1.0000000180025095e-35 1.0000000180025095e-35 1.0000000180025095e-35 1.0000000180025095e-35 1.0000000180025095e-35 1.0000000180025095e-35 8.5709047317504901 2.2387359142303471 1.0000000180025095e-35 7.4389715194702157 15.093710422515871 7.5148038864135751 8.1297311782836932 3.7256208658218388 6.9336860179901132 33.014951705932624 7.0580801963806161 1.5000000000000002 7.6033992767333993
decision_type=2 2 2 2 2 2 2 2 2 2 2 2 2 2 2 2 2 2 2 2 2 2 2 2 2 2
left_child=1 2 6 4 5 8 12 -4 -2 13 11 -11 15 -5 -15 21 -13 -12 -17 -8 -21 -1 -23 -7 25 -6
right_child=3 -3 7 9 24 23 19 -9 -10 10 17 16 -14 14 -16 18 -18 -19 -20 20 -22 22 -24 -25 -26 -27
leaf_value=-0.049708306799687033 -0.056118651068090657 0.14755747141018077 0.081792114503759422 0.13681556783017246 0.043185841508424562 0.043156994497742719 0.075091591580817449 0.21192339407118665 0.0013387139701448482 -0.042243138677358197 0.10162197202766339 0.079357453344848478 0.0730635046097729 0.12515167655484716 0.036483894581196767 -0.019058776939431504 0.010997766550669702 0.050092977729912197 0.069887812668272847 0.050767574402829335 -0.025761772746244756 -0.023559537012751514 0.028876183982515714 0.070055229078532719 0.038878158191206977 0.065525257228134445
leaf_weight=261.02668637246825 21.082430921494961 9.0284888595342618 6.9057079311460239 10.523155750706794 13.935431227087976 13.815930992364885 1.1871032575145357 2.695707518607378 9.3615395873785037 4.3869233680889028 13.191193932434546 2.6712632516864687 0.21680227946489949 7.6345242103561786 10.160413850098847 0.61252111312933166 2.7234665697906166 6.3828281622845671 0.23655342310667038 0.39883292163722206 1.0496356646763159 0.87934647186193504 0.21038797497749329 11.64332954585552 18.122654139995575 13.666745021939276
leaf_count=153431 182 60 216 59 56 60 85 20 53 586 167 53 14 92 48 189 71 34 7 3 447 400 1 49 73 55
internal_value=-0.004873 -0.0343235 -0.040798 0.0475997 0.0258143 0.00526819 -0.047625 0.134872 -0.0389698 0.0848939 0.0631413 0.00971385 -0.0487907 0.104521 0.0791596 -0.0491676 0.0519634 0.0880705 0.0301163 0.0501836 0.00743857 -0.0495379 -0.00446236 0.0576412 0.0502836 0.056151
internal_weight=443.75 284.448 275.419 159.302 101.628 55.9032 265.818 9.60142 30.444 57.6738 29.3557 9.78165 263.182 28.3181 17.7949 262.965 5.39473 19.574 0.849075 2.63557 1.44847 262.116 1.08973 25.4593 45.7248 27.6022
internal_count=156511 154873 154813 1638 528 344 154577 236 235 1110 911 710 154042 199 140 154028 124 201 196 535 450 153832 401 109 184 111
is_linear=0
shrinkage=0.05


Tree=15
num_leaves=24
num_cat=0
split_feature=8 9 25 2 13 25 20 7 20 7 18 9 7 1 1 23 19 1 1 2 2 2 21
split_gain=283.48 111.47 120.088 43.6593 20.6969 19.3717 32.0231 20.793 11.5468 5.97913 4.07371 10.3808 11.3295 4.94618 3.6993 2.38574 1.64179 1.32603 1.38297 0.320515 2.6061 0.92127 0.00696159
threshold=1.0000000180025095e-35 1.0000000180025095e-35 0.70000001788139354 10.500000000000002 1.0000000180025095e-35 0.40000000596046453 1.0000000180025095e-35 1.0000000180025095e-35 1.0000000180025095e-35 1.0000000180025095e-35 1.0000000180025095e-35 1.0000000180025095e-35 1.0000000180025095e-35 2.4649901390075688 7.5148038864135751 0.92500001192092907 9.6179480552673358 6.0464444160461435 1.6706613302230837 3.5000000000000004 16.500000000000004 11.500000000000002 7.8772075176239023
decision_type=2 2 2 2 2 2 2 2 2 2 2 2 2 2 2 2 2 2 2 2 2 2 2
left_child=1 2 4 5 8 6 7 22 15 19 11 13 -13 -5 -6 -1 -14 18 -7 -3 21 -21 -2
right_child=3 9 -4 10 14 17 -8 -9 -10 -11 -12 12 16 -15 -16 -17 -18 -19 -20 20 -22 -23 -24
leaf_value=-0.049881949981320776 -0.053564547704678778 0.10506200989749943 0.1249513581855031 0.11481791872082803 -0.020851339289858783 0.051892877130728522 0.06504199005571619 0.028386458461214761 0.10806243458444048 0.18591152823152773 0.10002283058852379 -0.040879988201779453 0.017287592142914105 0.059957327917589079 0.080755925371565729 0.034936909874545084 0.077252805458084411 0.065852025710218434 0.029751698604763351 0.031861596809055599 0.086452297928954924 -0.012151884453775571 -0.031478711925447565
leaf_weight=249.43204992159735 16.080899320542816 2.7843456491827947 9.5963974520564062 9.1506560547277349 0.71055113547481541 21.638028398156166 14.810996457934378 12.956938132643698 0.26285741291940112 2.4479977935552588 25.674900736194104 3.7790416278876346 2.4543230950366706 15.927377555519341 2.8703673053532839 0.17628695047460397 3.7286283352877945 12.875426113605497 19.098803728818893 1.943414837587625 2.0199347664602101 1.2958595561794934 5.7300965934991828
leaf_count=154441 137 14 59 109 271 89 62 67 14 16 237 551 55 76 60 34 75 52 77 63 42 98 47
internal_value=-0.00293217 -0.0340496 -0.0405742 0.0488907 -0.0473079 0.0286419 0.00588746 -0.020426 -0.0490868 0.118833 0.0822839 0.0668714 0.0209496 0.0836105 0.0604437 -0.0496829 0.0591702 0.0491914 0.0424739 0.0801183 0.0522371 0.0155411 -0.0493966
internal_weight=437.446 273.54 263.049 163.906 253.452 103.191 49.5789 34.7679 249.871 10.4916 60.7149 35.04 9.96199 25.078 3.58092 249.608 6.18295 53.6123 40.7368 8.04355 5.25921 3.23927 21.811
internal_count=156746 155112 154879 1634 154820 531 313 251 154489 233 1103 866 681 185 331 154475 130 218 166 217 203 161 184
is_linear=0
shrinkage=0.05


Tree=16
num_leaves=23
num_cat=0
split_feature=8 25 9 2 23 1 25 1 7 9 0 0 1 17 1 2 1 1 1 11 1 0
split_gain=231.93 112.129 101.071 34.364 25.836 22.7973 19.5456 45.5668 7.17978 5.22298 12.8433 15.0549 5.21898 4.95995 2.87118 2.46527 2.27184 2.1953 1.55406 1.47968 0.614365 0.225128
threshold=1.0000000180025095e-35 0.70000001788139354 1.0000000180025095e-35 10.500000000000002 1.0000000180025095e-35 6.0464444160461435 0.70000001788139354 0.11108123511075975 1.0000000180025095e-35 1.0000000180025095e-35 1.4170652627944949 4.8607034683227548 17.185221672058109 14.269840717315676 2.8613171577453618 9.5000000000000018 11.728113651275637 2.1576842069625859 9.6120772361755389 1.0000000180025095e-35 6.2895047664642343 4.1526920795440683
decision_type=2 2 2 2 2 2 2 2 2 2 2 2 2 2 2 2 2 2 2 2 2 2
left_child=1 2 4 5 12 6 7 -2 15 14 -11 -12 19 -14 -5 -4 -17 -8 20 -1 -6 -9
right_child=3 -3 8 9 18 -7 17 21 -10 10 11 -13 13 -15 -16 16 -18 -19 -20 -21 -22 -23
leaf_value=-0.049874976694569674 0.062069604051731987 0.12152578735363542 0.080408421518218615 0.11140437280598946 -0.016634664779499597 0.066701397378207114 0.047869728314619726 -0.052417990999144286 0.15657822674626756 0.089754256939634292 -0.043683236983080839 0.051952024502420126 -0.027005872391884275 0.098775894059340841 0.068300699627843034 -0.026345686122217823 0.042627329930727181 0.020809103772500628 0.10454826465446508 0.012336556543454509 0.032080477641157311 -0.029638909418833403
leaf_weight=237.60748918761965 12.764431968331335 10.231795147061346 5.02789617795497 11.49881010130048 0.49627537908963781 22.755874380469322 20.093622833490372 21.688350915908817 3.3246732093393794 12.701011179015042 5.0809180424548712 12.274056347552685 1.1530621867859725 0.33265337371267367 19.885937489569187 1.0922540822066369 2.116249818354845 15.652272582054136 1.9082153495401144 0.60118945897556741 0.19316764315590262 6.2155037745833388
leaf_count=153969 54 59 51 119 186 96 81 183 20 59 740 102 502 32 87 147 20 63 14 187 4 45
internal_value=-0.00474675 -0.0335189 -0.0402204 0.0424766 -0.0472266 0.0238797 0.0104307 -0.0131703 0.0986826 0.0716303 0.0532491 0.0230989 -0.0490552 0.0295644 0.0870455 0.0608905 0.0184663 0.0369093 0.0882341 -0.0496671 0.00792412 -0.048545
internal_weight=424.696 264.085 253.853 160.611 242.292 99.1701 76.4142 40.6683 11.5611 61.4407 30.056 17.355 239.694 1.48572 31.3847 8.2364 3.2085 35.7459 2.59766 238.209 0.689443 27.9039
internal_count=156820 155191 155132 1629 154894 522 426 282 238 1107 901 842 154690 534 206 218 167 144 204 154156 190 228
is_linear=0
shrinkage=0.05


Tree=17
num_leaves=31
num_cat=0
split_feature=25 18 1 11 19 7 9 25 17 1 7 18 0 0 0 21 21 23 21 17 17 17 1 25 0 0 0 1 2 15
split_gain=193.905 137.162 81.5265 31.0089 16.7583 16.5898 12.0162 9.94527 7.86651 7.5562 6.28741 6.23734 4.84492 4.79229 5.36288 4.79009 4.0215 3.95767 3.5702 3.49425 3.46361 2.33364 2.247 5.5074 12.466 4.54136 2.20233 2.1958 1.65393 1.35292
threshold=0.40000000596046453 1.5000000000000002 8.9147872924804705 1.0000000180025095e-35 7.7560305595397958 1.0000000180025095e-35 1.0000000180025095e-35 0.90000000596046459 12.095729827880861 3.6369216442108159 1.0000000180025095e-35 2.5000000000000004 1.2513323426246645 4.8333809375762948 1.2513323426246645 6.6470394134521493 7.8926389217376718 0.52500000596046459 4.686739683151246 7.9012126922607431 4.908454656600953 0.15419631451368335 7.1505477428436288 0.70000001788139354 1.5271420478820803 5.0084662437438974 5.5467584133148202 0.11108123511075975 12.500000000000002 3.5000000000000004
decision_type=2 2 2 2 2 2 2 2 2 2 2 2 2 2 2 2 2 2 2 2 2 2 2 2 2 2 2 2 2 2
left_child=1 2 3 4 5 9 8 15 10 12 -4 13 -1 14 -3 18 -15 -6 -2 27 -11 -14 23 24 -17 -25 -22 -7 -12 -13
right_child=7 11 6 -5 17 19 -8 -9 -10 20 28 29 21 16 -16 22 -18 -19 -20 -21 26 -23 -24 25 -26 -27 -28 -29 -30 -31
leaf_value=0.045235742751596919 0.0076313346233590658 0.053314535697050525 -0.038017573151628771 0.076640936167358953 -0.050473204941898192 0.05775649113712647 0.083467537698189251 0.11121195773941449 0.071910937711800835 -0.027992111043866359 0.08001502110270621 0.086983712420529352 0.03653114254508024 0.069237232207843155 -0.040176549146967527 0.055013536032345427 -0.00070391358242273419 0.036591788136971996 0.084517189675129681 0.085256052218728451 0.069045435390266752 -0.048638483530851706 0.067410171319045184 0.056253862707824467 -0.046131968036795257 0.019906924433316694 -0.017213287005299036 -0.012836743300544753 -0.01249304537149731 0.039165955285858874
leaf_weight=0.77295961999335361 1.894123832113112 1.4470767281018186 6.1700632823631167 4.4566642530262461 221.99157064396422 0.64376800181344096 13.10030919034034 7.9811093658208838 2.5579660864314064 1.2358928655739863 0.83141431724652626 19.60374895401765 0.14589877158869313 7.7342176646925491 3.1392650294583291 5.2128245637286437 2.6615401916205883 0.64640677836723526 15.421346535207702 3.2703054287703708 2.3430442106910054 20.178821118315682 11.149525618762707 34.919751673936844 4.9887761664576828 13.287687495350836 0.51203472621273238 2.5538975493982434 0.33222231641411781 4.2659689402207723
leaf_count=31 54 12 2823 189 132254 4 86 37 290 691 125 304 24 225 1576 61 85 75 585 449 392 12323 96 155 2145 55 258 1026 176 29
internal_value=-0.00402429 -0.0226193 -0.0347984 -0.0428452 -0.0452313 -0.0107926 0.0537715 0.0584042 0.0103901 -0.0292431 -0.0171222 0.0643573 -0.0410923 0.0354346 -0.00641504 0.0523424 0.0528403 -0.0500579 0.0769826 0.0553547 0.0279333 -0.0463427 0.0452045 0.0399024 0.00584875 0.0468435 0.0531234 0.0117489 0.0600365 0.0803563
internal_weight=415.45 320.595 281.743 258.751 254.295 31.6566 22.992 94.8551 9.89167 25.1887 7.3337 38.8518 21.0977 14.9821 4.58634 86.874 10.3958 222.638 17.3155 6.46797 4.09097 20.3247 69.5586 58.409 10.2016 48.2074 2.85508 3.19767 1.16364 23.8697
internal_count=156635 153447 151216 147716 147527 15198 3500 3188 3414 13719 3124 2231 12378 1898 1588 3151 310 132329 639 1479 1341 12347 2512 2416 2206 210 650 1030 301 333
is_linear=0
shrinkage=0.05


Tree=18
num_leaves=31
num_cat=0
split_feature=25 20 1 1 13 7 15 1 25 7 19 16 7 21 1 1 17 21 17 21 17 21 0 17 1 10 19 16 26 13
split_gain=167.876 152.141 73.0443 50.9287 14.5824 15.3434 10.8541 11.2481 6.26381 4.18519 3.27079 2.99167 5.34324 3.0816 3.02208 3.67522 4.48567 4.74267 2.74218 3.56889 3.32934 3.09054 4.43581 5.70145 2.65616 9.98025 5.19052 2.84432 3.0138 3.15191
threshold=0.40000000596046453 1.0000000180025095e-35 7.8995900154113778 0.11108123511075975 1.0000000180025095e-35 1.0000000180025095e-35 1.5000000000000002 3.1351157426834111 0.90000000596046459 1.0000000180025095e-35 7.6298460960388192 1.5000000000000002 1.0000000180025095e-35 8.0868716239929217 11.728113651275637 2.1576842069625859 3.8823734521865849 7.017953872680665 6.5901482105255136 6.9536824226379403 12.648123741149904 5.3008110523223886 3.3996962308883671 3.0411185026168828 3.4560974836349492 1.0000000180025095e-35 8.5247135162353533 7.5000000000000009 0.43750000000000006 1.0000000180025095e-35
decision_type=2 2 2 2 2 2 2 2 2 2 2 2 2 2 2 2 2 2 2 2 2 2 2 2 2 2 2 2 2 2
left_child=1 2 3 9 5 10 24 -8 11 -1 -4 12 13 -2 15 18 17 -17 21 -20 -21 -13 23 -23 -5 26 -26 28 29 -27
right_child=8 -3 4 6 -6 -7 7 -9 -10 -11 -12 14 -14 -15 -16 16 -18 -19 19 20 -22 22 -24 -25 25 27 -28 -29 -30 -31
leaf_value=0.014756117321331847 0.069473468334842914 0.079507899852710617 0.021006773486235943 -0.050180644822914212 0.088487348602253296 0.06456166721152537 -0.04067662975896582 0.074608760793037299 0.096347441251405652 0.088078455662953983 -0.044736654135638682 -0.018331985716542255 -0.0055928362613814663 0.02088918117781962 0.077308446213965334 0.033295985046760831 0.035306600889031266 -0.041701653571795415 0.065459141237619409 -0.044344238829658829 0.028144085687025699 0.055118164551615147 0.09913660776625921 -0.036083957161454967 0.097910653247652357 -0.049556029697397898 -0.025099733543360071 0.027522104329954312 0.030426679557129434 0.026372023567387437
leaf_weight=3.294472679612225 35.625719967647456 32.361845072358847 1.8358528049429859 206.37577162997331 10.353511800058186 6.7531488853273922 3.541220531333237 3.0155954816145822 8.8929223120212537 6.2744985960889608 6.8234692777041346 0.7914108779514234 2.7564109168015412 4.7620238104136652 3.8085454171523443 2.4130673174513495 8.4545945794088748 4.7831190411234275 1.2672366386977945 2.2313998870085925 2.1696959083201364 5.0935677064117026 4.7472710465081036 1.5936598037369547 1.2452936805784731 25.604627155233185 0.85010361089371134 0.84369599039200593 0.68683990137651463 0.84454542072489758
leaf_count=477 378 153 435 131274 96 512 1853 127 39 45 3700 32 1034 50 21 35 177 92 117 197 86 364 201 310 110 14069 386 227 54 143
internal_value=-0.00415287 -0.0215405 -0.0335316 -0.0417293 0.045385 0.0128032 -0.0462513 0.0152018 0.0558529 0.0666192 -0.0300667 0.050252 0.0598918 0.0643881 0.0378466 0.0312581 0.0123889 -0.015559 0.0462325 0.0141453 -0.0100139 0.0589148 0.0653055 0.0315168 -0.0480123 -0.0319969 0.056019 -0.040294 -0.0433057 -0.0462591
internal_weight=400.095 310.704 278.343 252.577 25.766 15.4125 243.008 6.55682 89.3906 9.56897 8.65932 80.4977 43.1442 40.3877 37.3536 33.545 15.6508 7.19619 17.8942 5.66833 4.4011 12.2259 11.4345 6.68723 236.451 30.0751 2.0954 27.9797 27.136 26.4492
internal_count=156794 153661 153508 148765 4743 4647 148243 1980 3133 522 4135 3094 1462 428 1632 1611 304 127 1307 400 283 907 875 674 146263 14989 496 14493 14266 14212
is_linear=0
shrinkage=0.05


Tree=19
num_leaves=31
num_cat=0
split_feature=25 19 23 1 7 17 1 9 25 9 0 1 0 1 25 0 7 2 0 1 25 15 15 19 17 0 9 16 21 21
split_gain=143.644 125.63 42.1131 35.0467 31.6445 28.4191 15.9386 12.6583 8.21503 7.88521 3.78465 3.36228 9.60147 3.31687 6.30101 3.86298 3.1658 2.71508 2.69199 6.74303 2.50191 6.51663 2.13696 2.00438 1.86001 1.6265 1.28381 1.06719 1.6819 2.95114
threshold=0.40000000596046453 7.7560305595397958 1.0000000180025095e-35 0.11108123511075975 1.0000000180025095e-35 17.307548522949222 8.9147872924804705 1.0000000180025095e-35 0.90000000596046459 1.0000000180025095e-35 4.7244186401367196 0.21532132476568225 3.0337504148483281 7.1505477428436288 0.70000001788139354 5.0084662437438974 1.0000000180025095e-35 11.500000000000002 1.2513323426246645 4.9058325290679941 1.0000000180025095e-35 1.0000000180025095e-35 1.0000000180025095e-35 7.8676605224609384 0.15419631451368335 1.4170652627944949 1.0000000180025095e-35 1.5000000000000002 7.9900686740875253 8.0163178443908709
decision_type=2 2 2 2 2 2 2 2 2 2 2 2 2 2 2 2 2 2 2 2 2 2 2 2 2 2 2 2 2 2
left_child=1 4 3 26 5 7 -5 20 11 16 25 24 -13 14 22 17 23 -16 -9 -20 21 -1 -14 -8 -2 -7 -3 -6 -29 -30
right_child=8 2 -4 6 27 10 9 18 -10 -11 -12 12 13 -15 15 -17 -18 -19 19 -21 -22 -23 -24 -25 -26 -27 -28 28 29 -31
leaf_value=-0.038823998122485187 0.013739203601451361 0.0079220717795541028 0.072481302255533453 -0.049507498328102945 0.017830998554036619 0.044191240340952689 0.035994583729075443 0.057626069513247703 0.092218804364557636 0.060282080467163726 0.082175278566561552 -0.040830729714411609 -0.040223621754192099 0.06488136715528349 0.038371732563884764 0.017524574360082739 0.035406087420219938 0.069970277736542658 -0.042723506889193283 0.055000411873364331 -0.047239796326559683 0.067092643732524729 0.029536884623167666 -0.042978281388506588 0.086199848180572469 -0.019864364132834711 0.070343321151523808 0.084699482065879309 -0.012928490850631871 0.058634133967167448
leaf_weight=3.4155012312112403 1.4952425010269497 1.2526430330472056 7.356812306563369 202.05740202486049 1.5031428403453926 0.64207064465153907 0.15596476336940934 3.6515455320477503 9.7852965444326383 3.9780614380724728 9.7902147916611266 2.8291677426313973 2.855210551526397 14.807142948498948 31.744862258434296 15.43958920240402 1.1752197718014938 11.54989819228649 2.7326735607348382 2.3543913317844272 16.580598862376064 1.1675688549876211 0.7129040773725136 5.4873775852611288 6.2716173506341875 1.5551811035256831 5.7177873216569424 22.272681621951055 1.4739310540026043 5.0894435670925304
leaf_count=2252 36 421 202 132046 235 10 38 16 43 43 264 1225 1188 131 138 64 291 55 115 18 12192 7 157 2771 188 791 29 1252 20 296
internal_value=-0.00323636 -0.0204085 -0.0386397 -0.04267 0.0366788 0.00804537 -0.0463539 -0.0182327 0.0491737 0.011859 0.0699518 0.0433857 0.0393811 0.0428092 0.0366213 0.0405578 -0.0204887 0.0481907 0.0300936 0.00411036 -0.0386445 -0.00465684 -0.0228709 -0.0357061 0.0754084 0.00682089 0.0615271 0.074695 0.0769622 0.0429788
internal_weight=396.901 299.41 227.181 219.824 72.2289 41.8897 212.854 29.9023 97.4909 10.7966 11.9875 87.7056 79.9388 77.1096 62.3025 58.7343 6.81856 43.2948 8.73861 5.08706 21.1637 4.58307 3.56811 5.64334 7.76686 2.19725 6.97043 30.3392 28.8361 6.56337
internal_count=156534 153309 135841 135639 17468 15665 135189 14600 3225 3143 1065 3182 2958 1733 1602 257 3100 193 149 133 14451 2259 1345 2809 224 801 450 1803 1568 316
is_linear=0
shrinkage=0.05


Tree=20
num_leaves=26
num_cat=0
split_feature=8 25 9 13 18 9 7 20 1 21 1 1 19 21 21 1 9 1 1 1 19 1 23 23 21
split_gain=156.272 103.519 81.9454 20.1059 18.9675 28.6076 18.9922 10.9013 7.39373 4.94672 4.85249 3.61436 2.7886 3.41777 4.35756 3.6204 2.66124 5.67039 9.02581 3.45529 2.35161 2.15077 2.02789 1.59197 0.883485
threshold=1.0000000180025095e-35 0.70000001788139354 1.0000000180025095e-35 1.0000000180025095e-35 1.0000000180025095e-35 1.0000000180025095e-35 1.0000000180025095e-35 1.0000000180025095e-35 7.8995900154113778 6.2285091876983651 0.38400579988956457 17.185221672058109 11.188879013061525 6.8559353351593026 7.9439601898193368 4.4969997406005868 1.0000000180025095e-35 0.16552247852087024 7.8995900154113778 4.375859498977662 10.654984951019289 1.6485445499420168 0.92500001192092907 0.22500000894069674 5.8957784175872812
decision_type=2 2 2 2 2 2 2 2 2 2 2 2 2 2 2 2 2 2 2 2 2 2 2 2 2
left_child=1 2 3 7 5 12 -7 22 10 -4 -8 23 13 -2 15 21 -6 -18 19 -19 -12 -15 -1 24 -5
right_child=4 -3 9 11 16 6 8 -9 -10 -11 20 -13 -14 14 -16 -17 17 18 -20 -21 -22 -23 -24 -25 -26
leaf_value=-0.049811357889863996 0.052878208121620134 0.10509649270102911 0.017101703518147261 0.020737803185254228 0.088125462406391963 -0.05244460803350548 0.040539123996947743 0.10049696825867374 0.06902043874673866 0.10016348683369676 0.0080494702150254553 0.091556118554406693 0.053744968755653988 0.014654859448966559 0.048214540271134448 0.032747412714924803 0.069300647503086274 -0.045504247320121038 0.050731010638334732 0.021932745806069957 -0.047121075546308684 -0.018428078274869239 0.026238829362551081 0.047726679588997269 -0.030930138592187691
leaf_weight=196.10924033215269 13.107572522014378 12.330948606133459 2.7451178196351966 0.40617919946089331 8.1872574090957624 16.904134526383132 3.2611229941248912 0.32441376149654289 4.6427504941821089 9.1899826177395862 2.7776212859898806 1.8062308095395563 22.540534757077694 8.5418651532381826 11.05794697627425 11.201854668557642 22.099740169942379 3.5683174009900549 14.685859225690365 2.4559181481599808 3.8764495495706797 9.1501244679093343 0.30772191239520807 0.42216616868972767 1.5519593403441829
leaf_count=153982 72 62 32 42 36 713 26 15 24 203 57 13 116 60 61 48 97 131 65 13 64 41 44 2 298
internal_value=-0.00376624 -0.030461 -0.0387684 -0.0464316 0.0342193 0.0219204 -0.0177482 -0.0488055 0.0233213 0.083858 -0.00244004 0.053028 0.0384453 0.0310717 0.0228008 0.0117873 0.0591213 0.0516895 0.0305701 -0.0188035 -0.0260483 -0.00252582 -0.0495599 0.00535569 -0.0168252
internal_weight=383.253 225.194 212.863 200.928 158.059 107.062 31.4621 196.741 14.5579 11.9351 9.91519 4.18654 75.5999 53.0594 39.9518 28.8938 50.9971 42.8098 20.7101 6.02424 6.65407 17.692 196.417 2.3803 1.95814
internal_count=156317 154693 154631 154396 1624 1282 884 154041 171 235 147 355 398 282 210 149 342 306 209 144 121 101 154026 342 340
is_linear=0
shrinkage=0.05


Tree=21
num_leaves=26
num_cat=0
split_feature=8 25 9 23 18 9 1 11 2 1 21 2 16 19 18 1 21 2 1 19 11 1 1 1 1
split_gain=133.791 79.883 90.1945 21.361 21.3555 31.5533 14.6286 11.9208 5.69353 4.6839 4.66249 3.90153 3.72541 3.38289 3.17512 2.7305 2.2862 4.06599 2.24924 1.55424 1.47238 1.22155 1.13993 0.766667 0.552478
threshold=1.0000000180025095e-35 0.70000001788139354 1.0000000180025095e-35 1.0000000180025095e-35 1.0000000180025095e-35 1.0000000180025095e-35 10.488113403320314 1.0000000180025095e-35 10.500000000000002 17.185221672058109 7.9995107650756845 15.500000000000002 1.5000000000000002 7.8307564258575448 1.0000000180025095e-35 2.4649901390075688 7.7160148620605478 9.5000000000000018 6.5549697875976571 10.783232212066652 1.0000000180025095e-35 11.728113651275637 9.6120772361755389 9.6120772361755389 7.5148038864135751
decision_type=2 2 2 2 2 2 2 2 2 2 2 2 2 2 2 2 2 2 2 2 2 2 2 2 2
left_child=1 2 3 9 5 8 7 18 12 20 11 16 19 -4 -11 -10 17 -6 -7 -2 -1 23 24 -15 -5
right_child=4 -3 13 22 10 6 -8 -9 15 14 -12 -13 -14 21 -16 -17 -18 -19 -20 -21 -22 -23 -24 -25 -26
leaf_value=-0.049804023562772796 0.051872203473087332 0.083181214846157217 0.099873535960538773 -0.016548674019352883 0.056257357906797513 -0.053203427130835694 0.057231556614092793 0.050650023691690062 0.072850436079710076 -0.025386370504040957 0.021576527120362815 0.086567938324533911 0.0075069798025020305 -0.022561541065487151 0.071485986912344354 0.03487029429080387 0.070242366863276604 0.0091135023342018371 -0.0012303913111670816 0.025190461790038733 0.012323922815447398 0.051104762178455193 0.086649215712850905 0.02374016159378586 0.029202447299148351
leaf_weight=187.02544474089518 9.7851677834987658 13.740596890449522 8.663164993748067 0.49224181578028892 9.8958780169487053 22.341290486278023 3.8417614847421637 2.6150280288420609 11.237868888303639 1.0080086264060799 9.3600469811353815 14.186381706269456 20.858345679938793 0.81351765990257152 0.60387826641090203 13.739719998091457 9.4847943014465255 8.6699868084397149 2.3382350467145434 20.229099549353123 0.59964338806457718 3.9751477800309658 2.0897545614279807 0.76349074253812432 0.22372898645699024
leaf_count=153651 42 67 61 182 46 877 19 12 114 467 63 88 93 145 67 64 62 89 20 90 180 28 15 11 3
internal_value=-0.00448382 -0.0296646 -0.0375472 -0.0466335 0.0304157 0.0173918 -0.0244503 -0.0375635 0.0346625 -0.0487867 0.0565766 0.0636545 0.0242577 0.0802019 0.0243804 0.0541048 0.0494852 0.0358329 -0.048519 0.0352812 -0.0495412 0.0389496 0.0732491 0.000368568 0.00643441
internal_weight=378.582 219.999 206.258 192.043 158.584 106.987 31.1363 27.2946 75.8502 189.237 51.5971 42.237 50.8726 14.2153 1.61189 24.9776 28.0507 18.5659 24.6795 30.0143 187.625 5.55216 2.80573 1.57701 0.715971
internal_count=156556 154877 154810 154565 1679 1331 928 909 403 154365 348 285 225 245 534 178 197 135 897 132 153831 184 200 156 185
is_linear=0
shrinkage=0.05


Tree=22
num_leaves=31
num_cat=0
split_feature=8 9 3 13 18 9 11 1 1 20 0 4 9 1 1 0 17 1 21 17 23 0 0 0 3 21 11 21 0 16
split_gain=142.406 52.5528 33.9569 19.4675 18.7321 23.2614 17.7199 16.1756 6.96372 5.37472 4.93469 4.06159 2.5828 6.74119 7.16379 3.33243 2.32576 2.25216 4.22277 2.25211 2.44475 2.01177 1.68449 8.24586 3.42115 1.88777 1.6587 1.51637 1.21676 1.01959
threshold=1.0000000180025095e-35 1.0000000180025095e-35 1.0000000180025095e-35 1.0000000180025095e-35 1.0000000180025095e-35 1.0000000180025095e-35 1.0000000180025095e-35 6.5549697875976571 1.9119020104408266 1.0000000180025095e-35 6.4431211948394784 1.0000000180025095e-35 1.0000000180025095e-35 0.16552247852087024 6.5549697875976571 4.700071096420289 5.2180476188659677 7.8995900154113778 5.6886675357818612 4.7249741554260263 1.0000000180025095e-35 5.5467584133148202 5.0364005565643319 5.0084662437438974 1.0000000180025095e-35 7.4564545154571542 1.0000000180025095e-35 8.1911859512329119 3.0337504148483281 3.5000000000000004
decision_type=2 2 2 2 2 2 2 2 2 2 2 2 2 2 2 2 2 2 2 2 2 2 2 2 2 2 2 2 2 2
left_child=1 2 3 9 5 22 7 -7 16 17 11 -3 -6 -14 15 -15 -4 26 -19 20 -5 29 23 24 25 -2 -1 -20 -18 -10
right_child=4 10 8 19 12 6 -8 -9 21 -11 -12 -13 13 14 -16 -17 28 18 27 -21 -22 -23 -24 -25 -26 -27 -28 -29 -30 -31
leaf_value=-0.047164959885557058 0.03279758810833782 0.1130102383777844 -0.019805478708041294 -0.02857154075008347 0.085364941111884252 -0.052827098270299078 0.082007165157673451 0.040002694146170491 0.077529971066742878 0.063064585915178134 0.0060274193648577803 0.036299709093279224 0.068672830849959801 -0.046201356003671708 0.04350586500835138 0.024416574107825696 -0.015130140737663327 0.04340252389504675 -0.039579375846918445 0.078799560326905327 0.050833173665602506 -0.014452865119161579 0.051063480878876612 -0.0061136743729746125 0.024679801690064548 0.06782865231604783 0.0076268464213402956 0.027691770035462766 0.051924781251431108 0.0052229276210694134
leaf_weight=169.85075906373095 10.514125170186164 4.8288592249155027 4.7968483489239571 1.2724505941150699 8.1813941150903684 19.867958612041555 2.9033861011266699 5.2536404319107524 6.4017715532099828 0.31965135782956977 2.7750220233574501 4.4088274308014661 22.723012913018465 3.2865770542994168 16.344772584736347 1.9343178826384244 0.43315214861650009 1.4058492790209118 6.2009282794315368 2.3558850212721154 0.71020016074180592 0.40415442897938181 14.139582604169844 12.29249060153961 24.179798170924187 11.891884313896297 1.1316327466629434 0.24111365433782328 1.3313989918678997 0.6834181451704352
leaf_count=145191 81 22 2683 236 36 818 13 35 724 13 22 182 101 124 73 15 367 378 4125 107 3 222 63 52 101 91 162 35 468 178
internal_value=-0.00362417 -0.0303665 -0.0366252 -0.0423791 0.0328406 0.0199249 -0.0183334 -0.0326255 0.0363385 -0.0449898 0.0674582 0.0835208 0.0568747 0.0498431 0.0278387 -0.0203186 -0.00204139 -0.0455325 -0.0165259 0.053657 0.0073785 0.0662427 0.0346581 0.0299314 0.0393711 0.0534937 -0.0467601 -0.0336789 0.0359457 0.072064
internal_weight=363.065 209.552 197.539 183.488 153.513 101.043 28.025 25.1216 14.0507 179.15 12.0127 9.23769 52.4701 44.2887 21.5657 5.22089 6.5614 178.83 7.84789 4.33854 1.98265 7.48934 73.0179 58.8783 46.5858 22.406 170.982 6.44204 1.76455 7.08519
internal_count=156721 155118 154892 150250 1603 1254 866 853 4642 149904 226 204 349 313 212 139 3518 149891 4538 346 239 1124 388 325 273 172 145353 4160 835 902
is_linear=0
shrinkage=0.05


Tree=23
num_leaves=31
num_cat=0
split_feature=25 20 1 1 13 7 1 19 17 23 25 1 21 1 25 1 0 7 19 17 0 2 1 7 17 17 21 17 25 0
split_gain=103.462 99.9728 65.1396 47.4172 6.87389 15.7079 6.38719 10.9356 5.85646 4.88549 4.61812 3.85971 3.1163 3.69402 5.23434 8.16987 6.68111 3.0352 3.00648 2.82849 2.561 1.47924 1.42054 1.95435 1.03611 0.814195 0.74653 0.708184 0.661811 1.0324
threshold=0.40000000596046453 1.0000000180025095e-35 7.8995900154113778 0.11108123511075975 1.0000000180025095e-35 1.0000000180025095e-35 4.0280532836914071 7.4913353919982919 7.9012126922607431 0.22500000894069674 0.90000000596046459 10.488113403320314 8.1742801666259783 7.1505477428436288 0.70000001788139354 2.4168523550033574 1.5271420478820803 1.0000000180025095e-35 7.6298460960388192 1.8440270423889162 3.9354465007781987 18.500000000000004 0.1343973055481911 1.0000000180025095e-35 15.557505130767824 8.947792053222658 6.4109966754913339 1.6519357562065127 1.0000000180025095e-35 5.6539442539215097
decision_type=2 2 2 2 2 2 2 2 2 2 2 2 2 2 2 2 2 2 2 2 2 2 2 2 2 2 2 2 2 2
left_child=1 2 3 17 5 18 22 8 -8 21 12 -3 13 14 16 19 -2 26 25 -16 -14 -9 23 -5 -18 -4 -1 -15 -7 -30
right_child=10 11 4 6 -6 28 7 9 -10 -11 -12 -13 20 27 15 -17 24 -19 -20 -21 -22 -23 -24 -25 -26 -27 -28 -29 29 -31
leaf_value=-0.021274387104457046 0.036025402215215344 0.074945399536253871 -0.015830071550978896 -0.033295724530201638 0.074392102709958038 0.016841694360760984 -0.029377161443839651 -0.0486650361272392 0.076468145608105581 0.045555303540998592 0.073349449236052036 0.033548645828998289 0.02843856205095276 0.075634553683419634 0.038894957691591049 0.015707111412469093 -0.043821323539337147 0.077113127556737771 -0.044358959050845442 0.073755541922539289 -0.040066863092029087 -0.0012484237561919548 -0.049785857198067843 0.0401972764223405 0.012730033204547181 0.035931639198487852 0.022725612549381484 0.039583888206439072 0.010926762224112839 0.07969848069562481
leaf_weight=0.47918481403030311 5.3521984827239049 20.820086829364303 0.46151760220527638 1.1061571130994696 9.731548142619431 1.3616001084446905 1.2942896221065918 14.636979716829961 3.0134691613493487 0.88079132977872987 10.004186242818831 11.151822656393049 1.7104638391174369 7.4241277284454537 18.965670660138134 24.175936013460159 4.6276500432286412 7.187391564482823 5.9445901247672737 12.981427699327467 1.7891431383322922 1.8979300506180141 170.86000229313504 0.58786061871796835 0.49513905413914461 1.2158425805391742 2.2516443845815957 7.058656339882873 0.97648004314396519 5.6415738449431956
leaf_count=81 71 105 312 554 92 7 699 9250 400 13 43 49 85 47 83 101 2534 54 3723 57 31 1103 135842 53 90 132 404 73 207 283
internal_value=-0.00340132 -0.0196101 -0.031192 -0.0405862 0.0431951 0.020427 -0.046098 -0.0193372 0.0451232 -0.0368659 0.0411479 0.0619616 0.0365265 0.0385062 0.0326115 0.0385696 0.000110031 0.0617117 -0.0291781 0.0548689 -0.00770523 -0.043604 -0.0493362 -0.0023379 -0.037169 0.0210965 0.011372 0.0617556 0.0657813 0.0723177
internal_weight=356.085 261.501 229.529 204.196 25.3332 15.6016 194.277 21.7235 4.30776 17.4157 94.5846 31.9719 84.5804 81.0808 66.598 56.123 10.475 9.91822 7.62195 31.9471 3.49961 16.5349 172.554 1.69402 5.12279 1.67736 2.73083 14.4828 7.97965 6.61805
internal_count=156578 153363 153209 148453 4756 4664 147914 11465 1099 10366 3215 154 3172 3056 2936 241 2695 539 4167 140 116 10353 136449 607 2624 444 485 120 497 490
is_linear=0
shrinkage=0.05


Tree=24
num_leaves=31
num_cat=0
split_feature=8 9 25 23 2 20 25 0 0 20 9 0 16 19 19 21 21 19 13 17 0 0 17 17 2 2 21 21 21 0
split_gain=121.64 65.2507 71.6171 20.997 18.1849 9.43706 15.7675 7.4447 9.10935 5.56114 3.72262 6.2174 9.33426 4.5805 5.80242 2.67794 2.154 1.69232 1.55702 2.26068 1.18424 1.17934 0.536057 0.623401 0.531109 3.71122 1.34323 0.386561 1.94478 0.160457
threshold=1.0000000180025095e-35 1.0000000180025095e-35 0.70000001788139354 1.0000000180025095e-35 10.500000000000002 1.0000000180025095e-35 0.70000001788139354 5.4073286056518564 2.1966687440872197 1.0000000180025095e-35 1.0000000180025095e-35 1.4170652627944949 3.5000000000000004 8.5709047317504901 10.542360782623293 7.9771103858947763 7.8099470138549814 10.745735168457033 1.0000000180025095e-35 14.269840717315676 5.4073286056518564 6.6454224586486825 27.216551780700687 6.959557533264161 8.5000000000000018 16.500000000000004 6.7528541088104257 7.8060855865478525 7.81540870666504 5.7117505073547372
decision_type=2 2 2 2 2 2 2 2 2 2 2 2 2 2 2 2 2 2 2 2 2 2 2 2 2 2 2 2 2 2
left_child=1 2 3 9 5 6 7 8 -2 18 13 -12 21 -6 -15 24 17 -8 -1 -20 22 27 23 -14 -3 26 -26 -13 -29 -5
right_child=4 15 -4 29 10 -7 16 -9 -10 -11 11 12 20 14 -16 -17 -18 -19 19 -21 -22 -23 -24 -25 25 -27 -28 28 -30 -31
leaf_value=-0.049746531685025706 0.019673959912873708 0.063229172583678842 0.072994547306594756 0.018894819920867903 0.089789703435437268 0.04938361196373095 0.029469876122617034 0.027167069711110665 -0.050518514567343187 0.061302715997195556 0.062650525970171303 -0.038846136182261237 0.019802238198116131 0.010155001723321243 0.067445663127311609 0.10926279229873315 0.042601904630226721 0.0058513190537442736 -0.031687487107899551 0.044805520491953098 0.059525783719970721 0.016827981895640047 0.028571600011825633 -0.024807143142059285 0.018473505616044602 0.065081258082251653 -0.033188527156136273 0.040116999716609356 -0.032251374300677794 0.078255564805085776
leaf_weight=161.81777478870936 5.6147123053669992 5.3663084120489639 12.773420631885527 0.95053859229665194 12.123946938663723 16.742302909493446 15.419138640165331 5.7667412012815467 16.95247857272625 0.34193496219813724 11.897527415305378 4.4719797509023911 0.41003460192587071 7.7343502305448082 10.764747327193616 3.407472599297761 14.24712437391281 15.242795735597609 1.6391592336585739 0.53077779733575869 5.8335130997002125 0.85951337218284596 0.99040947854518879 0.8858071401482448 1.6737921503372493 2.5230040433816612 1.4407645664177833 0.46541182021610472 1.6071328492835162 2.0964658441953361
leaf_count=153936 35 39 59 182 62 83 64 28 193 16 56 432 62 56 74 50 60 64 324 25 26 4 4 86 42 39 76 9 214 14
internal_value=-0.00304884 -0.0289733 -0.03725 -0.0460469 0.0309905 0.0166146 0.00855981 -0.0202142 -0.0329609 -0.0485841 0.0526184 0.0368121 0.0144162 0.0651605 0.045242 0.0701937 0.0267587 0.0182842 -0.0491834 -0.0047449 0.048771 -0.0245797 0.0115662 -0.0082147 0.0500011 0.0297806 -0.00768274 -0.0315276 -0.00823281 0.0689821
internal_weight=342.591 194.561 180.15 167.377 148.03 89.9853 73.243 28.3339 22.5672 164.33 58.0444 27.4213 15.5238 30.623 18.4991 14.4113 44.9091 30.6619 163.988 2.16994 8.11976 7.40404 2.28625 1.29584 11.0039 5.63756 3.11456 6.54452 2.07254 3.047
internal_count=156414 154802 154556 154497 1612 527 444 256 228 154301 1085 893 837 192 130 246 188 128 154285 349 178 659 152 148 196 157 118 655 223 196
is_linear=0
shrinkage=0.05


Tree=25
num_leaves=28
num_cat=0
split_feature=8 25 9 13 7 25 19 11 19 20 19 2 2 0 2 21 19 19 21 12 26 21 0 17 21 2 19
split_gain=116.021 56.5645 56.5993 21.4781 15.8326 18.9122 16.5492 7.4278 6.83624 5.24687 4.24084 3.16322 2.48447 2.40121 2.38003 2.50463 2.24572 2.7366 2.06551 1.85048 1.3574 0.839088 0.804519 0.739632 0.574641 1.34117 0.181726
threshold=1.0000000180025095e-35 0.70000001788139354 1.0000000180025095e-35 1.0000000180025095e-35 1.0000000180025095e-35 0.40000000596046453 7.7940387725830087 1.0000000180025095e-35 10.597716331481935 1.0000000180025095e-35 9.7504482269287127 10.500000000000002 12.500000000000002 4.625119924545289 8.5000000000000018 7.4389715194702157 10.745735168457033 11.571102619171144 7.9726383686065683 1.0000000180025095e-35 0.93750000000000011 7.3041794300079355 5.6539442539215097 6.680777072906495 6.7007305622100839 8.5000000000000018 7.1583552360534677
decision_type=2 2 2 2 2 2 2 2 2 2 2 2 2 2 2 2 2 2 2 2 2 2 2 2 2 2 2
left_child=1 2 3 9 5 6 12 -8 18 20 -7 16 -2 -14 -4 -16 -12 -18 -6 -5 -1 -10 -22 24 -21 -26 -17
right_child=4 -3 14 19 8 10 7 -9 21 -11 11 -13 13 -15 15 26 17 -19 -20 23 22 -23 -24 -25 25 -27 -28
leaf_value=-0.049729467900053018 0.0077394965091533959 0.066557809196795104 0.083657828158068215 0.082176996001017369 0.069458147264239559 0.0058824317845617294 -0.051391252478854746 0.037944221458097907 0.028812506372142867 0.056098381723245196 0.044237970044879157 0.058991546009454048 0.0096876219862996257 0.07382366856501256 0.055125809367983093 0.0067373394150381577 0.0014769022785528598 0.034395108463321174 0.03314080851685066 0.045928335484587295 -0.01774050120742017 0.0009392164143889447 0.038598461171216535 -0.017299235877138174 0.036898567680153434 -0.025308385719042977 -0.014172907691077333
leaf_weight=154.27919894579099 7.8936640205793065 13.194041833281515 6.4291011253371817 1.7916723825037468 29.059655335498974 12.466555492719634 17.752481401781555 1.9246302084065963 4.2852024326566589 0.40318804979324241 16.824227020144463 14.496033689705653 2.7568145149853081 3.2249849960207939 3.0923982639797032 0.99874117784202132 11.755247175693514 12.877745971083639 7.8386232904158524 0.87017603998538184 0.54755078465677698 5.6631045734975487 0.12575600284617394 0.51271267177071411 0.54282757407054283 0.98327177565079182 1.4891296005807815
leaf_count=154076 62 60 46 10 187 61 775 9 45 15 70 67 87 17 77 11 50 55 55 43 382 70 12 78 24 189 97
internal_value=-0.00352035 -0.0298581 -0.0375931 -0.0455205 0.029247 0.0178923 -0.0126072 -0.0412408 0.0530727 -0.0487813 0.0328152 0.0386072 0.0280415 0.0498866 0.0634379 0.0309691 0.030258 0.0193565 0.062821 0.0519012 -0.0494122 0.0144806 0.00956078 0.0170018 0.0272736 0.00266606 -0.00625367
internal_weight=334.079 185.26 172.066 160.056 148.819 101.972 33.5526 19.6771 46.8466 155.356 68.4198 55.9533 13.8755 5.9818 12.0094 5.58027 41.4572 24.633 36.8983 4.70066 154.953 9.94831 0.673307 2.90899 2.39628 1.5261 2.48787
internal_count=156730 155120 155060 154829 1610 1253 950 784 357 154485 303 242 166 104 231 185 175 105 242 344 154470 115 394 334 256 213 108
is_linear=0
shrinkage=0.05


Tree=26
num_leaves=26
num_cat=0
split_feature=8 25 9 13 18 9 7 20 19 2 16 2 21 2 23 2 21 2 2 23 21 21 19 0 21
split_gain=98.5577 61.5919 62.4458 17.857 14.2668 18.0289 13.7678 9.93911 4.56003 3.2318 5.61966 3.60855 2.47449 3.64193 2.12937 1.98523 2.52456 6.47649 1.96287 1.70422 3.71741 1.35434 0.343241 0.287906 0.128834
threshold=1.0000000180025095e-35 0.70000001788139354 1.0000000180025095e-35 1.0000000180025095e-35 1.0000000180025095e-35 1.0000000180025095e-35 1.0000000180025095e-35 1.0000000180025095e-35 10.597716331481935 10.500000000000002 1.5000000000000002 18.500000000000004 6.2285091876983651 8.5000000000000018 0.92500001192092907 15.500000000000002 7.6868507862091073 9.5000000000000018 18.500000000000004 1.0000000180025095e-35 5.8957784175872812 7.6868507862091073 10.783232212066652 5.1024546623229989 7.4564545154571542
decision_type=2 2 2 2 2 2 2 2 2 2 2 2 2 2 2 2 2 2 2 2 2 2 2 2 2
left_child=1 2 3 7 5 9 -7 14 -8 10 22 21 -4 -14 -1 16 17 -6 23 20 -5 -11 -2 -15 -17
right_child=4 -3 12 19 15 6 8 -9 -10 11 -12 -13 13 18 -16 24 -18 -19 -20 -21 -22 -23 -24 -25 -26
leaf_value=-0.049711086525286982 0.044216378605327067 0.068594416197128721 0.018160637806995023 0.064362007811369734 0.049494260693435398 -0.050839625915362452 0.043427674388142934 0.089279179796483393 -0.0094455604171616581 0.067169770885224939 0.00029780290066243125 0.012296737762237234 0.099990956278468823 0.013343758794793048 0.02898312456920912 0.076518775908864356 0.05496895220752325 -0.010470867996756478 0.056803311030286643 0.070371741557050907 -0.031247190958471168 0.030373800317518684 0.027643788745976214 -0.012468645538305108 0.045971044986186718
leaf_weight=146.96410224400461 10.032494328916075 14.431576207280157 3.3197472700849167 0.69921814568806384 9.4944578409195 13.915798843372613 6.8908379769418389 0.42696764785796304 7.8397842552512884 11.053810724988585 19.763299934566021 7.3466582745313636 5.615315131377427 0.9152855854481462 0.26133658038452168 8.4662314318120497 14.34550118842162 7.3710119482129803 2.3755995780229568 2.1392142474651337 1.572207514895126 6.6433999836444846 20.436536908149719 1.4940310353413222 8.0890421275980753
leaf_count=154108 44 64 35 43 49 723 80 15 96 79 88 39 40 56 39 56 94 87 24 9 296 51 93 73 49
internal_value=-0.00242587 -0.027354 -0.0360676 -0.0453512 0.0271753 0.0165065 -0.0168361 -0.048378 0.0164764 0.0292494 0.021209 0.0439431 0.0629163 0.0743561 -0.0493768 0.0495725 0.0395918 0.0241675 0.032188 0.0461873 0.00886183 0.0557201 0.0343323 -0.00162498 0.0650618
internal_weight=331.903 180.215 165.783 152.063 151.689 103.923 28.6464 147.652 14.7306 75.2762 50.2323 25.0439 13.72 10.4002 147.225 47.7662 31.211 16.8655 4.78492 4.41064 2.27143 17.6972 30.469 2.40932 16.5553
internal_count=156430 154802 154738 154510 1628 1293 899 154162 176 394 225 169 228 193 154147 335 230 136 153 348 339 130 137 129 105
is_linear=0
shrinkage=0.05


Tree=27
num_leaves=31
num_cat=0
split_feature=8 9 3 1 7 9 18 11 16 21 20 21 1 0 0 21 20 0 1 1 21 16 21 21 16 1 11 16 0 21
split_gain=92.5047 49.9788 25.0006 13.3103 10.5275 14.0371 16.609 5.58733 9.07074 4.91433 4.88425 4.65382 3.8082 3.75668 3.31193 2.96133 2.12713 1.88829 1.80875 3.2522 3.05334 2.36027 1.67825 1.34552 1.62451 1.26146 1.19347 0.926177 0.919452 0.89794
threshold=1.0000000180025095e-35 1.0000000180025095e-35 1.0000000180025095e-35 7.5148038864135751 1.0000000180025095e-35 1.0000000180025095e-35 1.5000000000000002 1.0000000180025095e-35 1.5000000000000002 6.6313426494598398 1.0000000180025095e-35 7.9863350391387948 5.0631608963012704 3.0337504148483281 5.9931130409240732 8.0936150550842303 1.0000000180025095e-35 6.3047046661376962 2.1576842069625859 6.8423619270324716 7.24743676185608 1.5000000000000002 7.9995107650756845 6.2015223503112802 1.0000000180025095e-35 0.86853882670402538 1.0000000180025095e-35 4.5000000000000009 5.7762115001678476 8.1911859512329119
decision_type=2 2 2 2 2 2 2 2 2 2 2 2 2 2 2 2 2 2 2 2 2 2 2 2 2 2 2 2 2 2
left_child=1 2 3 16 5 18 10 8 12 17 -7 27 -6 -4 -3 26 -1 -5 20 21 -2 -20 23 24 -15 -22 -11 -10 -17 -24
right_child=4 14 13 9 7 6 -8 -9 11 15 -12 -13 -14 22 -16 28 -18 -19 19 -21 25 -23 29 -25 -26 -27 -28 -29 -30 -31
leaf_value=-0.04611836737431943 0.015944655436238863 0.081980878865074699 -0.0308078394012017 0.0075984535884045931 -0.045255414029305288 -0.050024192966652441 0.033801025012363504 0.083199313652095194 0.040491763159656413 -0.037045478787066682 0.032571736917616369 0.010134983991354846 0.020999134106169933 0.038254506142899422 0.027125998991097612 0.049411249307595342 0.03238253053520037 0.077290514960209319 0.022189779569279377 0.039871686755219904 0.026171702497501677 -0.0067575642506205865 -0.028231642042641465 0.050161990199382625 -0.03002123514143645 0.058090421694958386 0.015220327237116525 0.067393124000507829 -0.012865110790269477 0.026742787152068088
leaf_weight=134.85890699952142 13.074568053707479 7.6131404782645387 1.6011719661764789 1.8598481774097291 3.5719379845540962 16.157828466501094 10.75394223956391 7.5598731786012641 14.001294204732405 5.0782173726474866 1.3148190230131138 7.7084931570570907 3.2907527387142181 0.55428905447479226 6.1544706639833748 1.1261667431681415 0.210946099832653 1.799056940653827 14.567661285400392 12.463889345526693 7.430873746052387 12.189170863479374 1.0085980741423544 9.1621708766906504 0.98244724120013416 13.170451089739798 0.75472653168253589 13.257647685240952 0.34552019642433141 0.24264894379302848
leaf_count=144841 79 176 1689 744 83 816 70 34 109 3680 6 50 21 73 61 237 10 308 64 54 54 56 550 2025 309 70 7 70 297 28
internal_value=-0.00266282 -0.0274889 -0.0354513 -0.0414805 0.0259231 0.0164092 -0.0131939 0.04469 0.0359503 0.0106452 -0.0423821 0.0460571 -0.0148553 0.0279072 0.0609567 -0.0133319 -0.0457587 0.0511002 0.0278954 0.0197198 0.0365739 0.00923435 0.0375458 0.043568 -2.24519e-05 0.0483219 -0.029045 0.0554973 0.0355006 -0.0104272
internal_weight=323.866 173.352 159.585 146.033 150.513 101.123 28.2266 49.39 41.8301 10.9635 17.4726 34.9674 6.86269 13.5513 13.7676 7.30463 135.07 3.65891 72.8966 39.2207 33.6759 26.7568 11.9502 10.6989 1.53674 20.6013 5.83294 27.2589 1.47169 1.25125
internal_count=156671 155035 154798 150124 1636 1269 892 367 333 5273 822 229 104 4674 237 4221 144851 1052 377 174 203 120 2985 2407 382 124 3687 179 534 578
is_linear=0
shrinkage=0.05


Tree=28
num_leaves=30
num_cat=0
split_feature=8 25 9 23 2 1 1 25 17 11 19 9 16 9 17 2 19 17 0 1 0 2 1 0 13 16 1 0 0
split_gain=88.083 58.5416 46.5287 18.1965 14.3284 15.1216 10.4174 14.8837 6.69707 5.15509 6.79293 6.23476 4.48061 6.69894 4.26477 3.5688 3.27725 3.01235 2.29147 2.27223 2.23496 1.77646 1.05341 0.828747 0.503251 0.384578 0.23119 0.150297 0.66161
threshold=1.0000000180025095e-35 0.70000001788139354 1.0000000180025095e-35 1.0000000180025095e-35 10.500000000000002 6.8423619270324716 0.11108123511075975 0.70000001788139354 33.014951705932624 1.0000000180025095e-35 7.7940387725830087 1.0000000180025095e-35 4.5000000000000009 1.0000000180025095e-35 8.5207414627075213 10.500000000000002 10.745735168457033 6.8597137928009042 6.9336860179901132 8.3632612228393572 4.2909386157989511 16.500000000000004 9.6120772361755389 6.9336860179901132 1.0000000180025095e-35 3.5000000000000004 4.2582395076751718 5.7117505073547372 5.0364005565643319
decision_type=2 2 2 2 2 2 2 2 2 2 2 2 2 2 2 2 2 2 2 2 2 2 2 2 2 2 2 2 2
left_child=1 2 3 8 5 6 -2 17 23 10 11 -6 13 20 -13 -4 -9 -8 25 -10 -12 22 26 -1 -25 -15 -17 28 -5
right_child=4 -3 15 27 9 -7 7 16 19 -11 12 14 -14 18 -16 21 -18 -19 -20 -21 -22 -23 -24 24 -26 -27 -28 -29 -30
leaf_value=-0.049688083900700404 0.043301584962733966 0.061211645069629728 0.079416838095371964 -0.014847571240251363 0.082615229684028416 0.051362762220310845 -0.050955464080265835 0.025298950561632366 -0.016150421488711878 0.080310276327855271 0.043691404548450621 0.057489149129260265 0.07169382529578916 -0.046352883929464316 0.008842794501863576 -0.0010697597636109113 -0.0040273780401846471 -0.0032849475374765731 0.02873465828812026 0.084653802851504367 0.0078466114364054342 0.045492602062756231 -0.024173781620701489 -0.020304336399991914 0.020445518400705631 -0.0058987530904253196 0.031154966582800966 0.070242293430264932 0.035040739357620185
leaf_weight=134.3510530226049 10.838386453688143 15.82390336692333 5.9767573522403818 0.42001140397041981 10.582619985565545 17.705197855830193 15.983890727162363 18.268433779478073 0.47547069017309596 7.8500286759808651 7.6500353999435999 7.8736425234237712 2.3310085776029146 4.8182703923666841 10.041506658308206 0.73667056486010551 18.374010905623436 4.2963119968771926 0.67437484860420216 0.43784628179855645 9.8427839633077365 2.6177845764905214 1.8358851978555322 0.6822427357546974 0.38895123638212681 1.0096684308955444 0.67875983798876405 2.0829521133564413 0.54490408673882484
leaf_count=153292 57 69 65 182 51 84 192 77 409 35 76 109 71 598 73 60 78 38 3 9 53 46 18 576 9 54 43 14 9
internal_value=-0.00287617 -0.0276891 -0.0373322 -0.0454726 0.0251026 0.0115652 0.000570751 -0.00817255 -0.0482992 0.0430916 0.0364193 0.0530439 0.0171407 0.00918482 0.0321317 0.0545346 0.0108772 -0.0414855 -0.0311151 0.0511623 0.0250374 0.0213234 -0.0042599 -0.0493401 -0.00278052 -0.0412347 0.020884 0.0616632 0.0168205
internal_weight=315.193 167.053 151.229 139.383 148.14 85.4662 67.761 56.9226 136.336 62.6739 54.8239 28.4978 26.3261 23.9951 17.9151 11.8459 36.6424 20.2802 6.50231 0.913317 17.4928 5.8691 3.25132 135.422 1.07119 5.82794 1.41543 3.04787 0.964915
internal_count=156450 154801 154732 154500 1649 526 442 385 154295 1123 1088 233 855 784 182 232 155 230 655 418 129 167 121 153877 585 652 103 205 191
is_linear=0
shrinkage=0.05


Tree=29
num_leaves=26
num_cat=0
split_feature=8 25 9 13 11 19 25 1 20 9 20 19 17 1 17 7 26 19 1 0 1 19 17 19 1
split_gain=79.1504 47.4993 53.7241 13.1902 10.4314 13.3736 23.3969 14.2546 9.25105 4.74329 3.8401 2.80154 2.87991 3.19553 2.65455 1.38456 1.35436 0.810739 0.808036 2.35938 0.795403 1.48298 0.633541 0.465854 0.23377
threshold=1.0000000180025095e-35 0.70000001788139354 1.0000000180025095e-35 1.0000000180025095e-35 1.0000000180025095e-35 7.7940387725830087 0.70000001788139354 5.4183347225189218 1.0000000180025095e-35 1.0000000180025095e-35 1.0000000180025095e-35 11.188879013061525 1.2321944832801821 2.3262633085250859 4.7249741554260263 1.0000000180025095e-35 0.93750000000000011 12.538527965545656 0.32971142232418066 5.138089895248414 9.6120772361755389 7.7151145935058603 9.3646588325500506 11.496269226074221 4.375859498977662
decision_type=2 2 2 2 2 2 2 2 2 2 2 2 2 2 2 2 2 2 2 2 2 2 2 2 2
left_child=1 2 3 8 5 9 7 24 16 -2 18 12 -8 -14 23 20 -1 -18 -11 -20 21 -4 -12 -5 -7
right_child=4 -3 15 14 -6 6 11 -9 -10 10 22 -13 13 -15 -16 -17 17 -19 19 -21 -22 -23 -24 -25 -26
leaf_value=-0.049652086074620405 0.067897267247157458 0.059833937109386497 0.035543838200079926 -0.025449899475456048 0.060086191389519254 -0.052170608708974525 -0.0032905765234393148 0.025133962539685736 0.081283056384710839 0.016208217061269087 0.047506428549156439 0.038758986683963471 0.040933704558825862 0.006280692800896933 0.060595130001773814 0.082459404975226469 -0.017803752396785454 0.038878713663528235 -0.040783317296583244 0.020718935669815312 0.04605173511511821 -0.02540474457266333 0.027289907176825386 0.013757781483851232 -0.012742863953404102
leaf_weight=127.02981700841337 11.200335461646317 13.395245641469954 1.0238188765943035 0.99332140141632297 16.15285128261894 19.660790830501362 13.037504345178602 7.9573992975056163 0.50926749780774017 2.3047305046347892 11.887331292033195 21.414019882678986 13.741593807935716 12.901338085532187 2.5780335009330884 4.2649620920419684 0.54008808272192155 0.12278324062936008 2.5456819228129461 1.9521933281794188 6.8304855916649103 1.0070887566544113 15.30482205748558 0.43127843027468771 1.1587913706898678
leaf_count=153554 57 58 23 176 73 905 56 58 16 19 59 93 59 54 113 18 361 25 101 12 48 146 72 45 15
internal_value=-0.00268818 -0.0272669 -0.0356491 -0.0452857 0.0231203 0.0182904 0.00696623 -0.0295618 -0.0481265 0.0401706 0.0293562 0.0243708 0.0158441 0.0249879 0.037135 0.057743 -0.0492702 0.00976204 -0.00382879 -0.0151765 0.0386915 0.00691038 0.0374994 -0.0128015 -0.0506607
internal_weight=309.946 158.726 145.331 132.205 151.219 135.067 89.8714 28.777 128.202 45.1951 33.9948 61.0945 39.6804 26.6429 4.00263 13.1264 127.693 0.662871 6.80261 4.49788 8.86139 2.03091 27.1922 1.4246 20.8196
internal_count=156216 154583 154525 154290 1633 1560 1240 978 153956 320 263 262 169 113 334 235 153940 386 132 113 217 169 131 221 920
is_linear=0
shrinkage=0.05


Tree=30
num_leaves=29
num_cat=0
split_feature=8 25 9 13 18 9 7 20 1 19 19 19 1 19 19 2 19 19 9 1 21 16 1 17 17 1 21 0
split_gain=78.4692 51.4014 40.7869 18.5696 13.4442 14.6505 10.8615 9.46241 5.04938 4.93561 3.93628 3.51933 2.83486 2.13073 1.68178 1.66937 2.23396 2.93982 1.65629 3.73743 3.97374 4.12078 1.44398 0.882533 1.2116 0.585809 0.202824 1.72458
threshold=1.0000000180025095e-35 0.70000001788139354 1.0000000180025095e-35 1.0000000180025095e-35 1.0000000180025095e-35 1.0000000180025095e-35 1.0000000180025095e-35 1.0000000180025095e-35 6.0464444160461435 8.6844162940979022 7.8307564258575448 9.7504482269287127 0.33517351746559149 11.652197360992433 10.654984951019289 9.5000000000000018 10.783232212066652 11.188879013061525 1.0000000180025095e-35 0.16552247852087024 7.4389715194702157 5.5000000000000009 13.657860279083254 4.7249741554260263 7.0580801963806161 10.488113403320314 4.5591125488281259 6.3047046661376962
decision_type=2 2 2 2 2 2 2 2 2 2 2 2 2 2 2 2 2 2 2 2 2 2 2 2 2 2 2 2
left_child=1 2 3 7 5 9 -7 26 12 -2 -4 -11 -8 14 -12 16 -13 -18 -6 -20 25 -22 23 -5 -25 -21 27 -1
right_child=4 -3 10 22 18 6 8 -9 -10 11 13 15 -14 -15 -16 -17 17 -19 19 20 21 -23 -24 24 -26 -27 -28 -29
leaf_value=-0.034149693285912594 0.062684065151891358 0.059538274608776712 0.070661562027356045 -0.022142357785908538 0.069660888911514729 -0.050461980248113228 0.023064060586262865 0.084177270760079304 0.04236989936838545 -0.0077374892822801022 0.018563394236185714 0.031407732257634727 -0.037087335569994065 0.04154276603002402 -0.042938217640134578 0.039238957400730329 -0.01109672631509305 0.023018221652735683 0.054647822296284246 0.023737897019386819 -0.029840944821584614 0.029012504296769815 0.0629307914816917 0.053750937721802616 -0.016337471880284418 0.058486004115052385 -0.049627142758802499 0.04106941985467543
leaf_weight=2.1324331426294516 7.0299713164567939 14.772425800561903 7.2759740334004146 0.77684070437680819 7.7097840309143058 12.252082547056489 2.2489349108655006 0.47525032609701057 6.2566158026456833 9.2454417049884778 1.2658359794877472 18.852786712348461 4.3655211904551834 1.7983544203452764 1.4196428740397093 14.786609083414076 10.446358099579813 13.366460233926771 20.733523599803448 4.6111427592113632 4.9005594071932119 4.997215983690694 3.0001893267035484 0.39183388778474182 0.47066936071496457 4.2461775988340378 119.62739523936762 0.095699449942912795
leaf_count=2467 42 63 49 217 38 733 21 13 35 59 79 84 116 29 69 94 49 61 103 81 75 34 25 29 76 22 151852 32
internal_value=-0.00154703 -0.026425 -0.0359392 -0.0442369 0.0246024 0.0138748 -0.0185783 -0.0480349 0.013222 0.025034 0.0500957 0.0201983 -0.0162926 0.00992332 -0.0167776 0.0247494 0.0189441 0.00820839 0.0463161 0.0401503 0.0221685 -0.000191233 0.0466664 0.00433514 0.0272673 0.0446394 -0.0492315 -0.0191974
internal_weight=299.552 153.503 138.73 126.97 146.049 98.8508 25.1232 122.331 12.8711 73.7276 11.7598 66.6977 6.61446 4.48383 2.68548 57.4522 42.6656 23.8128 47.1984 39.4886 18.7551 9.89778 4.63953 1.63934 0.862503 8.85732 121.856 2.22813
internal_count=156647 155000 154937 154711 1647 1294 905 154364 172 389 226 347 137 177 148 288 194 110 353 315 212 109 347 322 105 103 154351 2499
is_linear=0
shrinkage=0.05


Tree=31
num_leaves=25
num_cat=0
split_feature=8 25 13 20 18 25 1 11 0 1 17 12 17 7 21 17 21 25 17 21 21 17 1 1
split_gain=74.1173 41.361 34.495 30.7062 10.1336 8.48014 17.8901 11.9169 2.90458 2.57038 3.67663 2.19195 0.995044 0.993551 0.984358 0.800114 0.75856 1.97994 0.64926 0.486152 0.642057 0.538757 0.374751 0.0733595
threshold=1.0000000180025095e-35 0.70000001788139354 1.0000000180025095e-35 1.0000000180025095e-35 1.0000000180025095e-35 0.70000001788139354 3.4560974836349492 1.0000000180025095e-35 1.2513323426246645 2.1576842069625859 1.893250644207001 1.0000000180025095e-35 33.014951705932624 1.0000000180025095e-35 7.2615754604339608 4.8477957248687753 7.9995107650756845 1.0000000180025095e-35 5.996021270751954 7.7228989601135263 6.2470748424530038 0.15419631451368335 13.657860279083254 3.0630408525466923
decision_type=2 2 2 2 2 2 2 2 2 2 2 2 2 2 2 2 2 2 2 2 2 2 2 2
left_child=1 2 3 8 5 6 7 23 13 14 -11 -4 -10 -1 -7 -8 17 18 -6 20 -13 -21 -14 -2
right_child=4 -3 11 -5 16 9 15 -9 12 10 -12 19 22 -15 -16 -17 -18 -19 -20 21 -22 -23 -24 -25
leaf_value=-0.016009240016031802 -0.052085647977546237 0.048617972064874365 0.071095995691813046 0.066919860799179998 0.038745983437064063 0.023458774143614539 0.021471396820883688 0.045462779173590678 -0.049209647589591697 0.028536175743015996 -0.0049963996966923066 0.0017314700583069883 -0.015158027295057653 0.046235329402462375 0.047128108690533521 0.048525721817747919 0.025023338448596378 0.055169035918706345 0.013922716142733611 0.02025155362820474 0.040032629272358969 -0.022337200090949281 0.022100346498831441 -0.016490848451095066
leaf_weight=0.47021090774796803 16.190590034006171 15.566275313496588 4.9959369390271586 5.2490825336426488 6.0576659012585861 11.569157168269159 9.4720584293827397 3.110905972775071 116.68885714170756 20.596677452325821 12.73173253238201 1.7579640510957686 0.43401429342338715 0.43754077976336703 13.996211528778074 6.1829980164766303 9.2227951833046955 24.428593717049807 7.0681747009512037 0.33852530457079388 2.3766641044057906 0.72673517826478928 0.30197796248830855 1.3261919021606434
leaf_count=473 856 66 27 36 52 50 84 15 153465 90 54 60 412 40 61 38 68 166 60 32 154 108 6 18
internal_value=-0.00185693 -0.0263601 -0.0353805 -0.0427292 0.0239259 0.0143053 -0.00465204 -0.0345322 -0.0481131 0.0258671 0.0159541 0.049552 -0.0488444 0.022502 0.0377032 0.0344286 0.0427917 0.0463931 0.0273107 0.0207244 0.0272565 -0.00555049 0.00405378 -0.0504269
internal_weight=291.298 149.344 133.778 123.582 141.954 95.1765 36.2827 20.6277 118.333 58.8938 33.3284 10.1958 117.425 0.907752 25.5654 15.6551 46.7772 37.5544 13.1258 5.19989 4.13463 1.06526 0.735992 17.5168
internal_count=156491 154879 154813 154432 1612 1266 1011 889 154396 255 144 381 153883 513 111 122 346 278 112 354 214 140 418 874
is_linear=0
shrinkage=0.05


Tree=32
num_leaves=31
num_cat=0
split_feature=20 11 1 2 2 12 13 2 15 0 0 1 16 17 17 23 17 17 1 0 17 17 1 2 0 2 0 0 1 17
split_gain=43.3566 37.5725 31.7406 15.7652 6.06348 5.48379 5.07934 4.96887 4.80895 3.34654 11.2377 3.29803 4.0388 3.13777 2.98589 2.24647 2.09402 2.18998 1.9791 4.27853 2.42084 3.81356 2.81014 3.60103 2.55738 2.06757 1.93087 18.9754 1.79336 2.35133
threshold=1.0000000180025095e-35 1.0000000180025095e-35 4.9058325290679941 5.5000000000000009 21.500000000000004 1.0000000180025095e-35 1.0000000180025095e-35 4.5000000000000009 1.5000000000000002 3.3996962308883671 3.4086693525314335 6.5549697875976571 4.5000000000000009 8.6603817939758319 0.91390621662139904 0.42499999701976782 1.0687732696533205 0.21966114640235904 0.73306000232696544 3.0337504148483281 12.648123741149904 4.0753986835479745 2.0101702213287358 3.5000000000000004 3.4086693525314335 1.0000000180025095e-35 3.908918142318726 3.922072291374207 5.6106801033020028 20.939884185791019
decision_type=2 2 2 2 2 2 2 2 2 2 2 2 2 2 2 2 2 2 2 2 2 2 2 2 2 2 2 2 2 2
left_child=1 2 3 18 8 6 7 -4 9 -5 14 28 15 -10 -11 16 17 -13 19 -1 21 22 24 -24 25 -20 -12 -28 -9 -30
right_child=-2 -3 5 4 -6 -7 -8 11 13 10 26 12 -14 -15 -16 -17 -18 -19 20 -21 -22 -23 23 -25 -26 -27 27 -29 29 -31
leaf_value=-0.025333607419807988 0.047235800380239445 0.059202535315040855 0.039307774503453401 -0.044931575433369356 0.013551046982793153 -0.025506061717514489 0.064500969136163447 0.004580931673534825 -0.031587206124659963 -0.014094730219331312 -0.047904862126140646 -0.021806360460886104 0.05607610956170344 0.041555191887211726 0.055442465264530776 0.038978429784577676 -0.023224145297458112 0.035264700772870972 -0.031448656419027624 0.043463051503954742 0.04524232432760715 -0.049550423162853616 0.034455703772162019 -0.029066624745038246 -0.041992741621642432 0.019505458988329269 0.061194668410285015 -0.038794378891417722 -0.052571935894826394 0.026269189430565634
leaf_weight=2.4797002403065544 37.341659186407924 17.279281465453096 14.732839697215239 65.057137305266224 6.280552959709893 5.456269269285257 5.8532664570957413 3.5890831256401752 1.5007502548978653 1.7538742508622807 19.135490986751392 1.8450846988707796 3.5949242573115034 2.7474623169400729 3.9105431624921039 2.3236906714737406 7.1852432332234457 3.4952175171347335 1.9209907227195886 6.403993281070143 1.4353172936243925 3.3638812369899815 8.0325378882698697 2.1217320254654615 4.1063889848883264 5.3006390876253136 4.4942863697651765 38.044632718432695 3.8440722873201594 0.52853712905198325
leaf_count=1439 196 263 308 74762 2914 2603 30 1934 1290 205 24445 950 666 666 340 13 3015 849 94 432 167 637 334 188 665 447 537 34290 1826 41
internal_value=-0.00226597 -0.00988487 -0.0152964 -0.0253371 -0.0326719 0.0186331 0.0241829 0.0170518 -0.0348795 -0.0365655 -0.0279437 0.00365314 0.0150999 0.0146211 0.0350274 0.00226752 -0.00692125 0.0152172 0.00455362 0.0236396 -0.00252787 -0.00693115 0.00164968 0.0197668 -0.0148763 0.00377487 -0.0341938 -0.0270675 -0.0215904 -0.0399264
internal_weight=285.159 247.817 230.538 178.09 142.925 52.4482 46.992 41.1387 136.644 132.396 67.3388 26.4059 18.4442 4.24821 5.66442 14.8492 12.5255 5.3403 35.1652 8.88369 26.2815 24.8462 21.4823 10.1543 11.328 7.22163 61.6744 42.5389 7.96169 4.37261
internal_count=156546 156350 156087 143852 139449 12235 9632 9602 136535 134579 59817 9294 5493 1956 545 4827 4814 1799 4403 1871 2532 2365 1728 522 1206 541 59272 34827 3801 1867
is_linear=0
shrinkage=0.05


Tree=33
num_leaves=25
num_cat=0
split_feature=8 9 25 17 19 9 11 1 23 2 2 21 1 20 1 19 11 0 16 1 2 0 2 0
split_gain=61.3264 35.6475 43.387 10.6182 9.55653 9.035 14.0396 12.6271 6.85855 5.9997 2.3849 2.02198 1.92432 1.87752 1.72853 2.90378 1.66384 1.47025 1.11559 0.637424 1.58675 0.482775 0.287999 0.209212
threshold=1.0000000180025095e-35 1.0000000180025095e-35 0.70000001788139354 33.014951705932624 7.1583552360534677 1.0000000180025095e-35 1.0000000180025095e-35 5.8302140235900888 0.22500000894069674 10.500000000000002 18.500000000000004 7.7295155525207528 8.3632612228393572 1.0000000180025095e-35 3.6369216442108159 10.745735168457033 1.0000000180025095e-35 2.7359894514083867 3.5000000000000004 11.728113651275637 11.500000000000002 5.7117505073547372 16.500000000000004 5.6539442539215097
decision_type=2 2 2 2 2 2 2 2 2 2 2 2 2 2 2 2 2 2 2 2 2 2 2 2
left_child=1 2 3 8 18 9 7 -7 13 14 11 -11 -5 16 15 -6 -1 -3 -2 20 -19 23 -22 -10
right_child=4 17 -4 12 5 6 -8 -9 21 10 -12 -13 -14 -15 -16 -17 -18 19 -20 -21 22 -23 -24 -25
leaf_value=-0.049586603981643662 0.028229183369479695 0.07622249115387969 0.047746477582706268 -0.014501380588578208 0.022338236655173298 -0.051589773854201187 0.050744481970838695 0.011512155030230804 -0.012739837438784733 0.066392399382336972 0.018977216581536616 0.027458024990303854 0.076480095064805034 0.023410435893238293 0.024396615679093916 -0.00924873534368921 0.0175113049622245 0.032728837920760777 0.054406923295698663 0.041324272299353863 -0.031863443117471586 0.055850626393517025 0.0035716450172029257 0.015516831701403036
leaf_weight=106.62463675218169 10.273075336473996 3.2635169625282279 13.376224875450133 0.40757249150192265 11.609150052070619 15.433361154049637 7.6203439589589825 14.738285729661582 0.34011111757717916 10.650471566244965 9.8290587738156301 7.8755867313593617 1.2763978429138658 0.35494238696992297 16.643498137593269 16.298476584255695 0.47508130606729437 2.1937710731290267 18.045225176378153 6.9282309180125594 0.81521712895482756 0.75651340698823333 0.57121300976723433 0.29131526872515678
leaf_count=153662 85 14 56 400 54 894 38 88 167 81 48 56 15 13 76 82 184 57 123 43 84 7 36 2
internal_value=-0.00263976 -0.0261988 -0.0347312 -0.0450515 0.0207124 0.0138378 -0.00590784 -0.0213852 -0.0471413 0.0240147 0.0416525 0.0520949 0.0572612 -0.0486765 0.0121209 0.00420917 -0.0491297 0.0477192 0.0461971 0.0330131 0.011419 0.0423238 -0.0218851 0.00181701
internal_weight=276.691 137.675 123.903 110.527 139.017 110.698 37.792 30.1716 108.843 72.9062 28.3551 18.5261 1.68397 107.455 44.5511 27.9076 107.1 13.7719 28.3183 10.5084 3.5802 1.38794 1.38643 0.631426
internal_count=156365 154740 154506 154450 1625 1417 1020 982 154035 397 185 137 415 153859 212 136 153846 234 208 220 177 176 120 169
is_linear=0
shrinkage=0.05


Tree=34
num_leaves=31
num_cat=0
split_feature=8 9 2 1 18 9 11 0 13 20 19 2 19 19 2 21 0 19 2 11 4 0 0 21 2 2 19 19 19 7
split_gain=58.4923 35.5447 16.5716 15.1708 9.58133 13.9034 8.43551 4.99129 4.00828 3.16703 2.90949 2.13019 2.96173 2.61084 2.01482 1.8493 1.74879 1.81025 1.62612 1.6127 1.54513 1.51889 1.59343 1.51883 2.16845 3.94047 1.29924 2.00286 0.989095 0.78623
threshold=1.0000000180025095e-35 1.0000000180025095e-35 4.5000000000000009 7.5148038864135751 1.0000000180025095e-35 1.0000000180025095e-35 1.0000000180025095e-35 5.7117505073547372 1.0000000180025095e-35 1.0000000180025095e-35 10.317415714263918 9.5000000000000018 10.745735168457033 11.188879013061525 21.500000000000004 7.9995107650756845 3.0337504148483281 12.937264442443849 11.500000000000002 1.0000000180025095e-35 1.0000000180025095e-35 5.5467584133148202 5.5014009475708017 7.9771103858947763 18.500000000000004 11.500000000000002 7.2812335491180429 6.1811795234680185 9.7045631408691424 1.0000000180025095e-35
decision_type=2 2 2 2 2 2 2 2 2 2 2 2 2 2 2 2 2 2 2 2 2 2 2 2 2 2 2 2 2 2
left_child=1 2 16 14 5 10 7 -7 9 21 18 12 -12 -14 19 26 -1 20 -2 -4 28 22 -5 24 25 -3 27 -6 -18 -30
right_child=4 23 3 8 15 6 -8 -9 -10 -11 11 -13 13 -15 -16 -17 17 -19 -20 -21 -22 -23 -24 -25 -26 -27 -28 -29 29 -31
leaf_value=-0.025109855976627279 -0.0064775078521231216 0.039954865898178094 -0.04737257382428197 -0.025603372120729707 0.046553772629673154 -0.046845490794936544 0.038434644330482846 0.011284043635993453 0.05160935527707057 0.065084271918465192 0.04308968376472546 0.046591549662457675 -0.0062879181389601385 0.026263242561061158 -0.003852724652375808 0.017957565618160483 -0.015607653090404103 -0.029634502419610537 0.019660628731983796 0.012015399413010958 -0.019916461169649055 -0.038684870317537541 0.035795434791343318 0.080680816022560581 0.066069064988749968 -0.031013191480858279 0.059630789779935391 0.013149214728845532 0.044368851328502906 -0.011328131383817573
leaf_weight=1.00731579621788 10.281149797141554 4.2674477160908264 94.642442851734813 1.0467739115701971 13.060777304228397 15.252757466747431 4.1050129085779181 4.3409838899970046 3.906717817299068 0.27898102998733509 10.502839699387549 13.88299181871116 10.92623842507601 12.245192758738993 3.0091205010539843 9.3521947739645821 0.31660630274563573 0.50874480942729938 11.984083693474529 0.78962839848827471 0.65864303725538853 3.3675099773681723 1.2486786060035229 3.3256293614394954 2.7345713241957128 2.209931179182604 13.208113994915037 8.1219684700481576 8.8543273354880476 0.29243402904830951
leaf_count=1412 49 61 142340 1296 86 849 19 27 70 2 47 86 52 57 3008 69 120 16 80 166 500 3709 139 44 27 108 122 66 1594 250
internal_value=-0.0014838 -0.0250899 -0.0335347 -0.0396118 0.0213137 0.0120529 -0.020442 -0.0340443 0.0180304 -0.00830126 0.023215 0.0301077 0.0221641 0.011289 -0.045502 0.0404011 0.0216715 0.0278821 0.00783149 -0.0467617 0.0331775 -0.021142 0.0085233 0.0521988 0.0350227 0.0148327 0.0458245 0.0349158 0.0384231 0.0416472
internal_weight=269.73 132.466 119.928 108.29 137.264 93.5213 23.6988 19.5937 9.84866 5.94194 69.8225 47.5573 33.6743 23.1714 98.4412 43.7431 11.6381 10.6308 22.2652 95.4321 10.122 5.66296 2.29545 12.5376 9.21195 6.47738 34.3909 21.1827 9.46337 9.14676
internal_count=156471 154862 154622 150730 1609 1266 895 876 5216 5146 371 242 156 109 145514 343 3892 2480 129 142506 2464 5144 1435 240 196 169 274 152 1964 1844
is_linear=0
shrinkage=0.05


end of trees

feature_importances:
amount_to_baseline=156
amount_log=101
log_seconds_since_last=86
hour_of_day=74
account_amount_24h_to_baseline=69
tenure_log=68
graph_merchant_risk=57
ip_country_mismatch=56
mcc_high_risk=43
is_foreign_merchant=31
card_country_change_1h=31
device_txn_count_1h=28
beneficiary_foreign=27
graph_device_risk=27
is_new_device=26
account_txn_count_24h=19
card_txn_count_1h=11
is_transfer=6
graph_account_risk=6
is_night=5
is_new_beneficiary=4
has_device=2
card_txn_count_10m=1

parameters:
[boosting: gbdt]
[objective: binary]
[metric: binary_logloss]
[tree_learner: serial]
[device_type: cpu]
[data_sample_strategy: bagging]
[data: ]
[valid: ]
[num_iterations: 1000]
[learning_rate: 0.05]
[num_leaves: 31]
[num_threads: 4]
[seed: 42]
[deterministic: 1]
[force_col_wise: 0]
[force_row_wise: 1]
[histogram_pool_size: -1]
[max_depth: -1]
[min_data_in_leaf: 50]
[min_sum_hessian_in_leaf: 0.001]
[bagging_fraction: 0.8]
[pos_bagging_fraction: 1]
[neg_bagging_fraction: 1]
[bagging_freq: 1]
[bagging_seed: 400]
[bagging_by_query: 0]
[feature_fraction: 0.8]
[feature_fraction_bynode: 1]
[feature_fraction_seed: 30056]
[extra_trees: 0]
[extra_seed: 12879]
[early_stopping_round: 0]
[early_stopping_min_delta: 0]
[first_metric_only: 0]
[max_delta_step: 0]
[lambda_l1: 0]
[lambda_l2: 1]
[linear_lambda: 0]
[min_gain_to_split: 0]
[drop_rate: 0.1]
[max_drop: 50]
[skip_drop: 0.5]
[xgboost_dart_mode: 0]
[uniform_drop: 0]
[drop_seed: 17869]
[top_rate: 0.2]
[other_rate: 0.1]
[min_data_per_group: 100]
[max_cat_threshold: 32]
[cat_l2: 10]
[cat_smooth: 10]
[max_cat_to_onehot: 4]
[top_k: 20]
[monotone_constraints: ]
[monotone_constraints_method: basic]
[monotone_penalty: 0]
[feature_contri: ]
[forcedsplits_filename: ]
[refit_decay_rate: 0.9]
[cegb_tradeoff: 1]
[cegb_penalty_split: 0]
[cegb_penalty_feature_lazy: ]
[cegb_penalty_feature_coupled: ]
[path_smooth: 0]
[interaction_constraints: ]
[verbosity: -1]
[saved_feature_importance_type: 0]
[use_quantized_grad: 0]
[num_grad_quant_bins: 4]
[quant_train_renew_leaf: 0]
[stochastic_rounding: 1]
[linear_tree: 0]
[max_bin: 255]
[max_bin_by_feature: ]
[min_data_in_bin: 3]
[bin_construct_sample_cnt: 200000]
[data_random_seed: 175]
[is_enable_sparse: 1]
[enable_bundle: 1]
[use_missing: 1]
[zero_as_missing: 0]
[feature_pre_filter: 1]
[pre_partition: 0]
[two_round: 0]
[header: 0]
[label_column: ]
[weight_column: ]
[group_column: ]
[ignore_column: ]
[categorical_feature: ]
[forcedbins_filename: ]
[precise_float_parser: 0]
[parser_config_file: ]
[objective_seed: 16083]
[num_class: 1]
[is_unbalance: 0]
[scale_pos_weight: 1]
[sigmoid: 1]
[boost_from_average: 1]
[reg_sqrt: 0]
[alpha: 0.9]
[fair_c: 1]
[poisson_max_delta_step: 0.7]
[tweedie_variance_power: 1.5]
[lambdarank_truncation_level: 30]
[lambdarank_norm: 1]
[label_gain: ]
[lambdarank_position_bias_regularization: 0]
[eval_at: ]
[multi_error_top_k: 1]
[auc_mu_weights: ]
[num_machines: 1]
[local_listen_port: 12400]
[time_out: 120]
[machine_list_filename: ]
[machines: ]
[gpu_platform_id: -1]
[gpu_device_id: -1]
[gpu_device_id_list: ]
[gpu_use_dp: 0]
[num_gpu: 1]

end of parameters

pandas_categorical:[]
