tree
version=v4
num_class=1
num_tree_per_iteration=1
label_index=0
max_feature_idx=22
objective=binary sigmoid:1
feature_names=amount_log amount_to_baseline hour_of_day is_night is_transfer is_ecom is_pos mcc_high_risk is_foreign_merchant ip_country_mismatch has_device is_new_device is_new_beneficiary beneficiary_foreign card_txn_count_10m card_txn_count_1h account_txn_count_24h account_amount_24h_to_baseline device_txn_count_1h log_seconds_since_last card_country_change_1h tenure_log risk_tier_elevated
feature_infos=[0.41210964322090149:9.4585943222045898] [0.0037047755904495716:216.81700134277344] [0:23] [0:1] [0:1] [0:1] [0:1] [0:1] [0:1] [0:1] [0:1] [0:1] [0:1] [0:1] [0:4] [0:6] [0:17] [0:227.16578674316406] [0:21] [0:14.767940521240234] [0:1] [2.5649492740631104:8.2022085189819336] [0:1]
tree_sizes=3419 3428 3443 3459 3454 3444 3428 3439 3462 3463 3466 3448 3442 3471 3462 3466 3441 3473 3461 3466 3443 3428 3464 3469 3459 3456 3470 3450 3451 3448 3463 3449 3496 3475 3461 3476 3477 3484 3457 3464 3469 3475 3479 3458 3465 3464 3500

Tree=0
num_leaves=31
num_cat=0
split_feature=20 11 8 19 9 2 5 19 21 19 10 21 17 18 21 2 17 7 5 5 2 19 21 21 2 19 2 10 17 19
split_gain=16531.2 2769.13 892.616 1019.95 577.395 246.84 404.728 169.907 33.3168 51.0539 37.4239 26.108 21.0053 32.2032 14.9599 8.75389 7.13794 6.57291 6.37549 5.16153 4.98516 5.22885 3.94002 2.73208 2.58235 2.35079 1.90661 1.87302 1.75897 1.39339
threshold=1.0000000180025095e-35 1.0000000180025095e-35 1.0000000180025095e-35 8.703165531158449 1.0000000180025095e-35 5.5000000000000009 1.0000000180025095e-35 10.19386148452759 4.6959142684936532 11.489326477050783 1.0000000180025095e-35 8.0987949371337908 34.935554504394538 1.0000000180025095e-35 4.3691272735595712 9.5000000000000018 17.531178474426273 1.0000000180025095e-35 1.0000000180025095e-35 1.0000000180025095e-35 22.500000000000004 12.459737777709963 8.0524559020996112 4.3691272735595712 14.500000000000002 9.8155350685119647 21.500000000000004 1.0000000180025095e-35 1.5759500265121462 12.67159414291382
decision_type=2 2 2 2 2 2 2 2 2 2 2 2 2 2 2 2 2 2 2 2 2 2 2 2 2 2 2 2 2 2
left_child=1 2 4 -4 5 6 14 22 9 17 -11 -8 18 -14 28 -12 -16 26 -10 -15 21 -20 -6 -19 29 -22 -7 -18 -1 -23
right_child=-2 -3 3 -5 7 8 11 -9 12 10 15 -13 13 19 16 -17 27 23 20 -21 25 24 -24 -25 -26 -27 -28 -29 -30 -31
leaf_value=-6.2447997284195447 -0.73292645542276702 -4.1855411151482524 -4.7833818134542776 -6.4586634437680166 -5.340515224179498 -6.4627326215857952 -5.8072094392882487 -6.441677017677927 -6.4755347999127881 -6.4465880481587972 -6.4308845930970726 -6.3989450799320853 -6.4595310629157892 -6.1334272142472379 -6.4658509360362615 -6.0008548427256851 -6.4367107074527556 -6.4381633440070454 -6.4630498394981153 -6.4316011972117932 -6.4435314184205863 -6.3319816465099645 -6.3845599071778558 -6.3032072768034926 -6.4484183439789611 -6.3455110997648898 -6.3871906315258853 -6.3230761391704231 -6.4304164616322756 -6.4211138306334812
leaf_weight=0.080673699267207577 0.27106362953781982 0.35335080279037256 0.71315550152212326 1.8538816091604529 0.49694998748600372 6.4248534096404892 2.8865049597807224 0.45015924191102386 294.53967602457851 0.69056686572730519 0.10487580904737115 0.29526573931798328 2.0023212158121164 0.31301395315676916 8.659514879342165 0.47274787770584226 0.26783668156713325 0.31624090112745751 93.97679227637127 0.12262402288615704 0.53244641516357549 0.3872337564826005 0.091968017164617777 0.15650697657838464 0.80189657071605314 0.53083294117823243 0.1242374968715011 0.30656005721539259 0.093581491149961948 0.81641783658415079
leaf_count=50 168 219 442 1149 308 3982 1789 279 182550 428 65 183 1241 194 5367 293 166 196 58245 76 330 240 57 97 497 329 77 190 58 506
internal_value=-6.42647 -6.4437 -6.45094 -5.66319 -6.45762 -6.46166 -6.25178 -5.61794 -6.46865 -6.37394 -6.16756 -5.84249 -6.47077 -6.3453 -6.43297 -6.03246 -6.45178 -6.4388 -6.47175 -6.16271 -6.45989 -6.46126 -5.37478 -6.34036 -6.39301 -6.37924 -6.45633 -6.34913 -6.26324 -6.36273
internal_weight=419.134 418.863 418.509 2.56704 415.942 414.903 12.5899 1.03908 402.313 8.29003 1.26819 3.18177 394.023 2.43796 9.40817 0.577624 9.23391 7.02184 391.585 0.435638 97.0456 95.9823 0.588918 0.472748 2.00555 1.06328 6.54909 0.574397 0.174255 1.20365
internal_count=259771 259603 259384 1591 257793 257149 7803 644 249346 5138 786 1972 244208 1511 5831 358 5723 4352 242697 270 60147 59488 365 293 1243 659 4059 356 108 746
is_linear=0
shrinkage=1


Tree=1
num_leaves=31
num_cat=0
split_feature=9 20 1 2 21 2 2 5 0 17 1 19 7 11 0 17 2 1 4 19 17 19 19 21 21 0 10 21 1 2
split_gain=945.465 910.247 346.09 319.006 262.361 198.398 154.651 147.313 109.373 60.2936 47.0202 38.8289 35.8186 26.8916 19.7731 15.5725 14.6145 13.8862 102.199 130.114 93.7406 12.8216 11.8263 10.369 5.74839 5.05793 5.03086 4.57899 4.89946 4.18081
threshold=1.0000000180025095e-35 1.0000000180025095e-35 16.079887390136722 7.5000000000000009 4.7915720939636239 16.500000000000004 5.5000000000000009 1.0000000180025095e-35 3.034231543540955 34.935554504394538 3.6215983629226689 7.6812267303466806 1.0000000180025095e-35 1.0000000180025095e-35 5.5385539531707773 0.82032060623168956 4.5000000000000009 4.336306333541871 1.0000000180025095e-35 7.5507926940917978 6.77691674232483 8.6820039749145526 7.5507926940917978 7.5644977092742929 7.701200246810914 6.6874763965606698 1.0000000180025095e-35 4.3691272735595712 4.4174230098724374 15.500000000000002
decision_type=2 2 2 2 2 2 2 2 2 2 2 2 2 2 2 2 2 2 2 2 2 2 2 2 2 2 2 2 2 2
left_child=2 3 6 -2 -4 -5 7 11 -9 13 -11 -1 14 17 16 -15 -10 -8 19 20 -19 24 -12 25 29 -6 -25 -23 -29 -21
right_child=1 -3 4 5 23 -7 9 8 12 10 22 -13 -14 15 -16 -17 -18 18 -20 21 -22 27 -24 26 -26 -27 -28 28 -30 -31
leaf_value=0.24822372425233041 1.5028512457681775 0.12941122831037374 1.0507728908370904 0.11086440463706611 0.091357381650793656 0.80325796641125558 -0.045121376302523421 -0.031474955325477887 0.5184221057252999 -0.042202411121734444 0.24574290968970938 -0.040054643392842509 -0.013880874725570886 -0.026328111816029183 -0.0079213301123774848 0.18689275193635366 0.075302682326556999 0.022732320553390514 -0.049043710425914724 0.16649855913942357 0.69222552204414123 0.08592051435616592 0.0067410305296980617 -0.0072389166145294462 -0.016281959058711104 -0.024250452472761148 0.23405594144117231 0.074456742194987088 -0.036470465212718649 -0.010372299853677325
leaf_weight=0.3235492977546518 0.64194860518909891 29.594470337033272 0.1355533036403348 2.7252625717082997 1.643046014942229 1.1676569700939579 327.56426501378883 1.6846789367264126 2.8695125227095568 2.6911246093222863 2.692471800022759 8.982066988013683 0.38274945772718627 1.0775818899273866 0.18738032307010133 1.1071046814322469 0.59536234789993603 0.91690684226341435 47.453773083630949 1.2361541040008868 0.48189963481854647 0.10352203447837371 0.66891887551173557 0.16898301825858686 0.48169737355783571 0.93896495772059996 2.112040838226676 0.20511057227849949 6.354811797500588 0.26123247272334982
leaf_count=50 141 135 71 840 352 278 210576 576 976 1124 137 5732 133 73 61 75 202 299 30847 330 221 63 278 110 308 610 865 133 4111 169
internal_value=-0.00479077 0.24427 -0.0258966 0.835032 0.351346 0.440266 -0.0313618 0.12117 0.299579 -0.0374815 0.108171 -0.00691776 0.416599 -0.0400308 0.454999 0.106479 0.476201 -0.0411357 -0.0180451 0.119624 0.445799 0.0260741 0.210632 0.155955 0.112487 0.0542826 0.219422 -0.0109206 -0.023612 0.143844
internal_weight=447.45 34.1293 413.32 4.53487 4.99859 3.89292 408.322 15.0253 5.71968 393.297 6.05252 9.30562 4.035 387.244 3.65226 2.18469 3.46487 385.059 57.4951 10.0413 1.39881 8.64253 3.36139 4.86303 1.97908 2.58201 2.28102 6.66344 6.55992 1.49739
internal_count=259876 1394 258482 1259 2008 1118 256474 7730 1948 248744 1539 5782 1372 247205 1239 148 1178 247057 36481 5634 520 5114 415 1937 807 962 975 4307 4244 499
is_linear=0
shrinkage=0.05


Tree=2
num_leaves=31
num_cat=0
split_feature=8 1 20 1 2 0 10 20 1 10 17 7 21 1 12 17 1 5 1 5 1 5 2 0 0 0 0 0 0 21
split_gain=655.033 594.351 269.671 545.838 263.686 193.096 119.013 114.012 56.8949 41.0216 31.6564 29.6781 27.5583 21.6205 26.293 26.0454 17.8469 15.4135 48.8185 15.1301 16.8073 13.1515 10.9192 10.7249 43.2907 8.40438 23.375 12.6358 26.4376 8.06276
threshold=1.0000000180025095e-35 19.637836456298832 1.0000000180025095e-35 3.4938747882843022 5.5000000000000009 1.3596928715705874 1.0000000180025095e-35 1.0000000180025095e-35 0.11797450482845308 1.0000000180025095e-35 3.5340375900268559 1.0000000180025095e-35 8.0121836662292498 8.7351131439209002 1.0000000180025095e-35 34.935554504394538 2.3422205448150639 1.0000000180025095e-35 6.4660279750823983 1.0000000180025095e-35 2.4163576364517216 1.0000000180025095e-35 18.500000000000004 4.6051201820373544 3.9196934700012211 3.034231543540955 1.6686493158340456 3.4113126993179326 3.8374071121215825 8.0121836662292498
decision_type=2 2 2 2 2 2 2 2 2 2 2 2 2 2 2 2 2 2 2 2 2 2 2 2 2 2 2 2 2 2
left_child=1 4 3 5 6 -2 -1 9 11 -3 -5 -6 -11 19 15 21 -7 18 -8 -10 -21 -15 -22 24 25 26 -19 -27 -29 -20
right_child=2 7 -4 10 8 16 17 -9 13 12 -12 -13 -14 14 -16 -17 -18 23 29 20 22 -23 -24 -25 -26 27 -28 28 -30 -31
leaf_value=-0.042224031059954668 0.59015094062872975 -0.0073383396286291758 0.11598975414167814 0.13220314493430596 -0.0052907190238822149 -0.041568696192011811 -0.03591276246242471 -0.0017981109111607101 -0.049589162186671337 0.80087177804816467 1.1658985725976609 0.30996377568355804 0.063270397119697314 -0.046397106041936906 0.15016682465404305 0.19327924726569123 0.15364764573124998 0.23953851456326666 0.30599463917820413 -0.032822850370391496 0.0056443033660503895 0.10834652400529228 0.12692961813547501 0.37487220601120425 -0.017816282970322169 0.39023449852429931 -0.029948613654822983 -0.029085034156351986 0.27131219879265117 -0.0075155171491906444
leaf_weight=5.3780109421350071 0.87141912919469078 0.17166832368820895 31.398632362484932 0.36949512897990633 1.2340788980945938 4.720590521581471 2.5328507581725712 0.68564830720424641 264.87374466331676 1.81952369294595 1.1372771441237999 0.77013082883786399 0.32353377947583783 12.574984098784618 1.9944796380586929 0.40881777252070683 0.47215148073155422 0.37847123341634858 0.96410720597486921 84.679411834455095 7.855406442540696 0.5784739122027539 1.4721500843297688 2.4704888832056895 1.8995078196749089 1.3842561829369517 1.4822175465524194 1.3753865014296023 0.24471683497540642 0.17648019036278129
leaf_count=3588 35 107 137 92 816 1299 1616 3 177652 709 99 58 150 8212 1130 87 111 39 436 55522 4920 351 614 358 379 312 524 313 55 108
internal_value=-0.00474961 -0.0240829 0.188234 0.439359 -0.0301538 0.154698 0.150375 0.582493 -0.0392986 0.703895 1.06627 0.178701 0.745076 -0.0409383 0.0158937 -0.0128086 -0.00187395 0.227884 0.0995605 -0.0434392 -0.0257715 -0.0324174 0.0352234 0.264213 0.180723 0.248062 0.0894393 0.299433 0.102522 0.276636
internal_weight=436.698 397.729 38.9696 7.57093 394.728 6.06416 18.2865 3.00037 376.442 2.31473 1.50677 2.00421 2.14306 374.437 15.5568 13.5623 5.19274 12.9085 3.67344 358.881 94.007 13.1535 9.32756 9.23505 6.76456 4.86505 1.86069 3.00436 1.6201 1.14059
internal_count=259832 258059 1773 1636 257090 1445 7728 969 249362 966 191 874 859 248488 9780 8650 1410 4140 2160 238708 61056 8563 5534 1980 1622 1243 563 680 368 544
is_linear=0
shrinkage=0.05


Tree=3
num_leaves=31
num_cat=0
split_feature=9 8 2 11 10 11 0 18 8 18 13 22 0 17 16 16 0 0 17 0 18 18 17 0 19 22 10 7 0 19
split_gain=650.881 281.206 164.962 134.659 72.8725 68.3381 63.7031 69.8414 46.3015 60.9645 40.0902 41.8742 36.6841 36.5194 23.2439 16.8662 19.3846 14.5033 13.2224 15.0768 9.19524 13.2112 8.95288 8.19798 6.87565 11.4141 3.70519 5.1764 26.1947 3.53891
threshold=1.0000000180025095e-35 1.0000000180025095e-35 5.5000000000000009 1.0000000180025095e-35 1.0000000180025095e-35 1.0000000180025095e-35 4.2269067764282235 1.0000000180025095e-35 1.0000000180025095e-35 1.0000000180025095e-35 1.0000000180025095e-35 1.0000000180025095e-35 3.034231543540955 6.6239390373229989 4.5000000000000009 2.5000000000000004 3.9063067436218266 3.4113126993179326 41.573511123657234 6.8781821727752694 1.5000000000000002 1.0000000180025095e-35 0.82032060623168956 5.5385539531707773 12.459737777709963 1.0000000180025095e-35 1.0000000180025095e-35 1.0000000180025095e-35 5.6656651496887216 10.56394672393799
decision_type=2 2 2 2 2 2 2 2 2 2 2 2 2 2 2 2 2 2 2 2 2 2 2 2 2 2 2 2 2 2
left_child=1 2 4 8 -1 10 -3 13 9 14 18 -12 -6 -8 -2 16 17 -14 24 -20 21 -10 -7 29 26 -26 -4 -28 -29 -17
right_child=3 6 5 -5 12 22 7 -9 20 -11 11 -13 15 -15 -16 23 -18 -19 19 -21 -22 -23 -24 -25 25 -27 27 28 -30 -31
leaf_value=-0.041902757996685372 -0.035012902473257133 -0.018387670197177696 -0.049849707767105164 0.46363185394527257 -0.031376072312638462 0.026032670876532132 0.10647894073628689 0.10902135886865141 -0.034979291804447803 0.36700245209161708 -0.026342242151729429 0.38264758229597096 0.16169538457332921 0.51613339341326281 0.21817296536806571 0.14932629364500261 0.30484989372158089 -0.027788832812835975 -0.012948347822520787 0.2032953983584283 0.13113545394509618 0.094551992552263167 0.23881460643347735 -0.024626432346173649 -0.018425607573999615 0.1410939263498425 -0.040421759712597309 -0.039029671016913403 0.15432085011263597 0.020666254120324662
leaf_weight=5.1292347291018823 2.2860248589422549 2.141525247367098 163.09702251350973 3.0364644378423682 1.6711818312760449 0.96295918151736204 1.4118311353959128 4.6477422602474689 2.2459372107405207 4.031001066789031 1.1099355553742487 0.15543923573568452 1.595008091651833 2.3205308249453083 0.30431782989762712 1.7570482894079766 4.6326853442005813 1.2386312824673948 2.1902689966373141 0.18429108534473915 25.462864709086716 5.2552595399320126 1.4188124090433119 0.96551277686376114 6.9017236393410704 0.30791550828143943 174.45168171159457 8.0608662158483622 1.1716541511705134 1.1180923052597789
leaf_count=3569 523 733 115866 48 602 67 197 23 509 97 760 21 253 128 45 481 1745 330 699 79 122 56 78 498 4771 143 120953 5476 521 311
internal_value=-0.00354428 -0.0240414 -0.0313783 0.179622 0.112048 -0.0388825 0.219466 0.275729 0.14695 0.264508 -0.0408939 0.170632 0.171537 0.416419 0.0472138 0.20164 0.245031 0.0932252 -0.0421204 0.0591047 0.116244 0.0562164 0.185923 0.0840939 -0.042964 0.0047438 -0.0439666 -0.0385013 -0.00180905 0.117537
internal_weight=431.263 388.642 378.12 42.6219 18.1074 360.013 10.5216 8.3801 39.5854 6.62134 357.631 1.26537 12.9782 3.73236 2.59034 11.307 7.46632 2.83364 356.365 2.37456 32.9641 7.5012 2.38177 3.84065 353.991 7.20964 346.781 183.684 9.23252 2.87514
internal_count=259704 258304 257223 1400 7789 249434 1081 348 1352 665 249289 781 4220 325 568 3618 2328 583 248508 778 687 565 145 1290 247730 4914 242816 126950 5997 792
is_linear=0
shrinkage=0.05


Tree=4
num_leaves=31
num_cat=0
split_feature=1 1 13 2 15 5 20 6 11 19 21 1 1 17 20 0 17 20 11 0 0 0 0 19 16 5 2 1 2 14
split_gain=380.237 260.722 212.797 152.476 105.091 86.261 82.3703 65.8479 51.2204 70.4144 59.7873 50.3956 42.1124 41.4417 37.2083 22.0007 21.6001 21.4038 18.4346 15.0698 50.7075 11.3449 39.6858 10.9917 10.0714 5.49492 8.56521 7.84876 10.2528 6.80315
threshold=9.4774923324584979 0.11797450482845308 1.0000000180025095e-35 5.5000000000000009 1.5000000000000002 1.0000000180025095e-35 1.0000000180025095e-35 1.0000000180025095e-35 1.0000000180025095e-35 7.8365728855133066 4.6959142684936532 2.3422205448150639 1.9351415634155276 13.553474426269533 1.0000000180025095e-35 4.6051201820373544 10.168295860290529 1.0000000180025095e-35 1.0000000180025095e-35 3.4113126993179326 3.3709100484848027 3.049036026000977 3.034231543540955 6.4784636497497567 1.5000000000000002 1.0000000180025095e-35 22.500000000000004 1.4000559449195864 18.500000000000004 1.0000000180025095e-35
decision_type=2 2 2 2 2 2 2 2 2 2 2 2 2 2 2 2 2 2 2 2 2 2 2 2 2 2 2 2 2 2
left_child=1 6 8 5 17 23 7 -1 9 16 24 -6 19 15 -13 -14 -2 18 25 20 21 22 -7 -3 -11 29 27 -27 -29 -5
right_child=2 3 -4 4 11 12 -8 -9 -10 10 -12 14 13 -15 -16 -17 -18 -19 -20 -21 -22 -23 -24 -25 -26 26 -28 28 -30 -31
leaf_value=0.43513762743761336 0.039758093491308766 0.12646809706573259 0.64925543899297811 -0.04781703900841186 -0.017318752829868396 -0.030915193758569444 0.092754515229431261 -0.023016862118519638 0.32739626364164176 0.3421041665628286 -0.028255724914445869 0.36557484459788037 0.020925157431529732 0.097681238709329488 0.084994135736349216 0.4727369130407631 0.18141714707155088 0.078350463705985446 0.072016178205467019 0.023219798399831949 0.43015770938378384 -0.033184685863384113 0.3360505461917479 -0.039822889108959772 -0.0079715561854981666 -0.041788873835486434 0.072599911820859828 -0.019315826747921858 0.078520247967946377 0.019754172613991376
leaf_weight=3.0938410958042346 4.0393216481897989 0.13164363289252001 1.0697098885430012 241.56866070406977 3.784018576378001 1.6073003303026769 11.173370197415352 0.85034437582362432 1.8478279830887903 0.40210541780106623 12.717723746318368 1.5156245500547809 0.40830464311875481 2.7800616093445569 3.8792375177145004 1.5635957692284135 14.907092431792989 2.8670745640993109 2.6627296879887572 5.0120181374950334 0.24937163526192296 1.9240857639815656 0.165473646018654 8.7478122276952472 0.18848341377452016 65.365472554345615 1.0384178360691283 18.492854900192473 2.1093447369057676 3.2776176995830602
leaf_count=372 782 14 109 177177 1539 588 46 587 26 84 7572 173 80 37 16 151 514 12 141 846 31 259 21 5561 75 46456 675 12436 1317 2132
internal_value=-0.00448209 -0.019024 0.150527 -0.027549 -0.0358322 0.0956601 0.177938 0.351685 0.116833 0.0952875 0.00577202 0.122951 0.170063 0.280012 0.208661 0.417704 0.154723 -0.0405027 -0.0417518 0.0894778 0.151923 0.0455662 0.112181 -0.0248059 0.295609 -0.0428783 -0.0313356 -0.0334114 -0.00612781 -0.0468358
internal_weight=419.441 384.268 35.1723 369.151 346.561 22.5897 15.1176 3.94419 34.1026 32.2547 13.3083 9.17888 13.7102 4.75196 5.39486 1.9719 18.9464 337.382 334.515 8.95825 3.94623 3.69686 1.77277 8.87946 0.590589 331.852 87.0061 85.9677 20.6022 244.846
internal_count=259829 250667 9162 249662 242074 7588 1005 959 9053 9027 7731 1728 2013 268 189 231 1296 240346 240334 1745 899 868 609 5575 159 240193 60884 60209 13753 179309
is_linear=0
shrinkage=0.05


Tree=5
num_leaves=31
num_cat=0
split_feature=9 8 2 20 13 5 0 20 11 0 21 19 17 5 21 0 19 19 19 21 19 7 0 19 0 21 0 0 0 19
split_gain=409.791 229.048 142.501 95.3147 63.4825 54.0031 44.5294 86.5214 41.2015 31.2232 29.5839 20.3277 17.5961 16.3805 41.9141 69.1672 11.861 11.5193 11.4477 11.0115 10.8642 10.3476 11.7048 9.34154 7.17042 5.55971 5.19399 48.9883 5.15981 5.00608
threshold=1.0000000180025095e-35 1.0000000180025095e-35 5.5000000000000009 1.0000000180025095e-35 1.0000000180025095e-35 1.0000000180025095e-35 4.2269067764282235 1.0000000180025095e-35 1.0000000180025095e-35 3.034231543540955 4.6959142684936532 12.179728507995607 34.935554504394538 1.0000000180025095e-35 4.6959142684936532 5.5134489536285409 7.8365728855133066 7.5053846836090097 10.936897277832033 7.5644977092742929 7.8365728855133066 1.0000000180025095e-35 5.0156559944152841 8.5976648330688494 5.0359456539154062 8.0121836662292498 4.6051201820373544 3.9196934700012211 5.5134489536285409 12.459737777709963
decision_type=2 2 2 2 2 2 2 2 2 2 2 2 2 2 2 2 2 2 2 2 2 2 2 2 2 2 2 2 2 2
left_child=1 2 5 20 8 11 -3 -8 12 -7 -6 17 13 -4 15 -15 19 -1 -10 -14 -2 22 26 -22 -13 -21 27 -11 -24 -16
right_child=3 6 4 -5 10 9 7 -9 18 21 -12 24 16 14 29 -17 -18 -19 -20 25 23 -23 28 -25 -26 -27 -28 -29 -30 -31
leaf_value=0.13328224344896564 0.34343733091420026 -0.032726714770431188 -0.049479017076070067 0.086508720095593558 0.35459889556270618 -0.03039936731921998 0.36954811354741368 0.080774960806485191 0.18418781744179358 0.24289086059381126 0.015020577868855554 -0.011978933215494585 -0.0093377735092834754 -0.032059216953026888 -0.031958618065338222 0.42497876013079827 -0.033437171405803628 -0.039736358119794757 0.0076381664162832631 0.21335246510422756 0.032583687235984503 0.0065055345236228693 -0.024752124863342287 0.20141485823773159 0.22057108887217478 -0.0094936883845029782 0.343532505524549 -0.033630436248261966 0.1024348004596891 0.037884425135816052
leaf_weight=0.091145728016271188 3.9142863745801142 1.8677140150684852 240.27298499771859 28.793570294976234 0.48072400945238669 1.5399880480254076 4.2117332804482412 6.6625457555055618 1.5524349668994539 4.1156470116693491 1.2963606867706401 0.3144587504211821 1.0183663418283684 1.7793192085809999 80.720831856597215 0.36780911788810033 1.7053043984342364 8.6240068044280616 1.5750389499589799 0.81505468918476232 1.3892145029967631 0.76460363226942796 0.95856015011668183 7.3678902279352769 0.29238768888171762 0.23378069291356951 1.4115730132907627 2.0118289035744965 0.63624416850507259 1.8430928571615357
leaf_count=38 174 698 185781 117 25 585 326 27 64 639 751 223 209 1212 58841 65 1045 5540 86 177 136 139 96 928 64 131 131 347 73 1265
internal_value=-0.00512472 -0.0220762 -0.0297639 0.141962 -0.0377521 0.0944571 0.178364 0.214323 -0.0396346 0.162649 0.20149 0.00313165 -0.0414958 -0.0427927 -0.0234718 0.156392 0.0557838 -0.0243941 0.118667 0.11629 0.252426 0.192717 0.206125 0.180716 0.167606 0.183291 0.230671 0.16012 0.0459109 -0.0299648
internal_weight=408.629 367.164 354.422 41.465 333.661 20.7604 12.742 10.8743 331.884 11.4384 1.77708 9.322 328.757 324.984 84.7111 2.14713 3.77251 8.71515 3.12747 2.0672 12.6714 9.89846 9.13385 8.7571 0.606846 1.04884 7.53905 6.12748 1.5948 82.5639
internal_count=259933 258578 257527 1355 249652 7875 1051 353 248876 2010 776 5865 248726 247164 61383 1277 1562 5578 150 517 1238 1425 1286 1064 287 308 1117 986 169 60106
is_linear=0
shrinkage=0.05


Tree=6
num_leaves=31
num_cat=0
split_feature=8 1 2 21 5 18 11 20 20 1 1 1 17 5 1 0 18 21 0 0 0 0 0 0 18 1 1 2 17 19
split_gain=358.405 327.209 158.496 112.554 71.2224 69.8092 59.6292 54.8465 29.3383 60.8732 65.5591 18.6037 18.4929 17.7841 17.4056 16.1129 13.7743 9.45041 9.1944 28.0654 24.91 19.7845 18.8494 9.49455 8.67724 8.63402 5.43249 5.13847 4.6324 6.7881
threshold=1.0000000180025095e-35 12.888023376464846 5.5000000000000009 4.5591125488281259 1.0000000180025095e-35 1.0000000180025095e-35 1.0000000180025095e-35 1.0000000180025095e-35 1.0000000180025095e-35 2.3422205448150639 0.11797450482845308 2.0615297555923466 9.2607893943786639 1.0000000180025095e-35 3.0493198633193974 3.9196934700012211 1.0000000180025095e-35 6.8690137863159189 3.3986942768096928 3.049036026000977 3.4257273674011235 3.8513171672821049 3.034231543540955 1.6686493158340456 1.5000000000000002 0.14287002384662631 16.079887390136722 22.500000000000004 3.2528103590011601 11.275974273681642
decision_type=2 2 2 2 2 2 2 2 2 2 2 2 2 2 2 2 2 2 2 2 2 2 2 2 2 2 2 2 2 2
left_child=1 2 4 -3 16 26 13 -7 9 10 -2 15 -11 24 25 18 -1 -13 19 22 -20 -22 23 -6 -4 -15 -5 -27 29 -16
right_child=8 3 6 5 11 7 -8 -9 -10 12 -12 17 -14 14 28 -17 -18 -19 20 -21 21 -23 -24 -25 -26 27 -28 -29 -30 -31
leaf_value=-0.035068139863264937 0.22291138094254059 0.53997078788295072 -0.049923958019514304 -0.0089388073595665831 0.13440182995365299 0.42997280417400463 0.12870450790797386 -0.00074040064792582584 0.089311682571397641 0.09494674761846425 -0.042302067739017589 0.035267799580965938 0.32106378011265035 0.047462791924507482 0.12246463711396034 0.015191265844005484 0.13709240951887738 0.28759610159790794 0.39596572806536706 -0.035877775286842828 -0.0312672217910233 0.21327991997053719 0.32711339264788453 -0.029016310130792644 0.071601351549966372 -0.034158648756162806 0.073290289411095902 0.050467100397625919 0.0049849556794214489 -0.0071609530973275014
leaf_weight=8.7684366884641332 2.8992259362712485 1.45276778936386 228.02892419253476 2.6374090214958397 0.60265864362008725 1.798022493021562 4.2542376695200792 0.999780774116516 37.460397705435753 2.3579558744095257 5.160837082657963 0.75137662095949176 5.2252239253139123 2.6872028628131366 2.1492387009784575 3.5760458005825058 0.32865530170966017 2.8536222069524229 0.344865964027122 2.4515024847351015 1.6425498570315538 0.32880619284696866 0.32523140963166941 1.3738540702033786 0.64427652419544656 73.761622589663602 5.4000662432517856 0.98992380837444116 3.6488477624952793 1.3319492716109378
leaf_count=5741 30 91 184151 1804 39 308 157 4 151 206 1295 70 86 686 1257 506 18 182 31 266 292 39 24 545 469 56298 1775 633 1704 903
internal_value=-0.00229344 -0.0205997 -0.0300066 0.22295 0.0931775 0.138412 -0.0393293 0.316392 0.117572 0.175812 0.0671701 0.159277 0.270007 -0.0420137 -0.0220428 0.108111 -0.015887 0.254083 0.147406 0.0792924 0.221126 0.0675727 0.175671 0.0492253 -0.0492713 -0.0290459 0.0483043 -0.0323865 0.0482342 0.0823379
internal_weight=406.236 353.132 340.844 12.288 23.3476 10.8353 317.496 2.7978 53.1036 15.6432 8.06006 14.2505 7.58318 313.242 84.5688 10.6455 9.09709 3.605 7.06947 4.75325 2.31622 1.97136 2.30174 1.97651 228.673 77.4387 8.03748 74.7515 7.13004 3.48119
internal_count=259761 257993 254011 3982 7753 3891 246258 312 1768 1617 1325 1994 292 246101 61481 1742 5759 252 1236 874 362 331 608 584 184620 57617 3579 56931 3864 2160
is_linear=0
shrinkage=0.05


Tree=7
num_leaves=31
num_cat=0
split_feature=9 8 2 21 0 10 11 8 16 0 17 18 0 15 16 19 0 17 0 21 0 16 11 18 19 19 0 0 10 2
split_gain=364.081 207.296 133.213 45.0013 64.9688 39.8789 35.9875 35.1413 27.635 27.4466 20.26 26.8692 17.3131 16.812 12.3145 12.0346 8.64609 8.32198 6.95085 16.763 10.9095 6.76214 5.56726 19.819 3.46792 3.09242 3.32365 3.52324 2.10991 3.21541
threshold=1.0000000180025095e-35 1.0000000180025095e-35 5.5000000000000009 4.6959142684936532 5.5134489536285409 1.0000000180025095e-35 1.0000000180025095e-35 1.0000000180025095e-35 1.5000000000000002 3.9630012512207036 34.935554504394538 1.0000000180025095e-35 3.034231543540955 1.5000000000000002 2.5000000000000004 7.5507926940917978 3.4113126993179326 0.82032060623168956 3.3986942768096928 8.0754270553588885 3.0930857658386235 8.5000000000000018 1.0000000180025095e-35 1.0000000180025095e-35 5.2204017639160165 10.506982803344728 4.6051201820373544 5.5385539531707773 1.0000000180025095e-35 22.500000000000004
decision_type=2 2 2 2 2 2 2 2 2 2 2 2 2 2 2 2 2 2 2 2 2 2 2 2 2 2 2 2 2 2
left_child=1 2 5 4 -4 -1 10 13 -6 -3 28 -12 -7 -2 18 -11 -16 -8 20 -20 -14 24 23 -9 -13 26 -18 -28 -5 -30
right_child=7 9 3 6 8 12 17 22 -10 15 11 21 14 -15 16 -17 25 -19 19 -21 -22 -23 -24 -25 -26 -27 27 -29 29 -31
leaf_value=-0.040866518054399975 0.22199919707956012 -0.03075751149024257 -0.034760750446125657 -0.049745636648034594 0.28928043048039265 -0.029767382402733834 -0.0065163381253556659 -0.036916452035558794 -0.021515114718605084 0.20183660943778092 -0.038829398630670711 0.016818280208368126 0.14253247655827181 0.044387844359353723 0.14197443372181526 0.075023420551485018 -0.023347523200205333 0.13843424963406645 0.1954802708234675 -0.0218445650824159 -0.030634158205315693 0.010414242980888727 0.16102339707156224 0.094382412244621711 0.27756796639901804 -0.03212896351168492 0.10356592943958572 -0.017100170744388837 -0.040613482745515635 0.016462210123892134
leaf_weight=4.4441449384903562 10.042101187515071 1.5788720691343758 5.531627662596291 134.23720965662505 2.2227750719757755 1.4615159091772536 1.2713721916079515 2.6268899269634849 0.7508095591329037 10.031697261147199 2.328194802626967 0.29166399838868506 0.55605817213654818 2.1750424504280081 0.82059057429432769 4.3018286844016975 0.86606815317645702 2.4236649423837662 8.750692350789901 0.76810685871169049 1.5355422674911094 0.50450867065228522 3.2236613389104596 32.195926019921899 0.37354829360265285 1.7576915142126379 0.9502526889555154 0.5178519826149568 156.39330081874505 2.0069846741389474
leaf_count=3599 673 632 4346 115877 325 587 69 482 468 96 1271 19 50 9 92 349 191 74 1853 243 171 110 21 171 151 518 197 292 125493 1420
internal_value=-0.00205894 -0.0203952 -0.0290447 -0.0376746 0.0702323 0.0861401 -0.0409589 0.12234 0.225141 0.150484 -0.0430135 0.0643438 0.118024 0.196129 0.13205 0.171152 0.0511347 0.0977951 0.159516 0.177534 0.0466149 0.192949 0.0942294 0.0837237 0.241997 0.00861263 0.0397268 0.0713196 -0.0445115 -0.0397916
internal_weight=396.94 346.677 330.764 308.336 8.50521 22.4285 299.83 50.2636 2.97358 15.9124 296.135 3.49792 17.9844 12.2171 16.5229 14.3335 4.91245 3.69504 11.6104 9.5188 2.0916 1.16972 38.0465 34.8228 0.665212 4.09186 2.33417 1.4681 292.637 158.4
internal_count=259849 258493 257416 249623 5139 7793 244484 1356 793 1077 244341 1551 4194 682 3607 445 1290 143 2317 2096 221 280 674 653 170 1198 680 489 242790 126913
is_linear=0
shrinkage=0.05


Tree=8
num_leaves=31
num_cat=0
split_feature=9 8 2 1 1 1 5 20 20 22 11 11 1 1 17 7 1 5 7 1 17 19 16 2 19 17 2 19 17 1
split_gain=322.002 155.805 121.299 74.5143 41.0887 32.9724 40.6333 28.4912 27.2644 22.465 29.1068 14.2387 11.8762 35.2857 11.7045 11.6596 10.7415 8.47231 8.41945 6.84233 6.62658 5.34264 5.19632 5.04358 4.94297 5.90021 4.80037 3.8747 3.58094 3.11719
threshold=1.0000000180025095e-35 1.0000000180025095e-35 5.5000000000000009 11.887571334838869 2.3422205448150639 6.1548624038696298 1.0000000180025095e-35 1.0000000180025095e-35 1.0000000180025095e-35 1.0000000180025095e-35 1.0000000180025095e-35 1.0000000180025095e-35 9.9298791885375994 0.16113296151161197 34.935554504394538 1.0000000180025095e-35 1.9351415634155276 1.0000000180025095e-35 1.0000000180025095e-35 2.900287508964539 0.82032060623168956 10.19386148452759 2.5000000000000004 22.500000000000004 11.918655395507814 8.2603316307067889 12.500000000000002 9.7014241218566912 2.2318334579467778 4.4174230098724374
decision_type=2 2 2 2 2 2 2 2 2 2 2 2 2 2 2 2 2 2 2 2 2 2 2 2 2 2 2 2 2 2
left_child=1 2 5 11 -3 6 -1 12 -6 10 14 17 13 -2 15 -5 -15 -4 21 23 -13 27 -7 -19 25 -23 28 -8 29 -21
right_child=7 4 3 9 8 22 18 -9 -10 -11 -12 20 -14 16 -16 -17 -18 19 -20 26 -22 24 -24 -25 -26 -27 -28 -29 -30 -31
leaf_value=-0.043933689077558492 0.21184631340374638 -0.037066654985266838 -0.049625173417844032 -0.033676923923311154 0.22084112348624216 0.23176428559425755 0.07367102067414473 0.078860782999434956 0.06319503200977393 0.20770004695864133 0.24218074087527325 -0.029153417983828936 0.23111489847663347 -0.024911111626294089 0.14844036435336425 0.11789314298257839 0.083348887908482272 -0.035963651049033471 -0.024795342266987937 0.13424762804345167 0.087055747322644969 0.14380557263011687 0.017096203285067543 0.046865259062343928 0.0026004804039324908 0.024353711211773887 -0.015939499055675009 -0.028608980394729967 -0.0053143700623568546 0.0038049749655363579
leaf_weight=7.1494308508699804 5.3636398706585195 2.7780696033732957 203.79658019519411 8.1171035816660062 7.4314145611133409 2.5339068950852375 0.61423797975294192 31.290316641330719 5.6800501346588135 1.8762536360882229 0.53348348848521787 1.3377706389874213 5.3019817902240893 2.8488526979926956 0.25936134101357389 0.48400734411552626 5.9762113683391362 68.930545125971548 0.96796020108740854 0.62800078711006724 2.2522037457674742 8.515691458364012 0.48922558000776906 1.0637995582073916 0.88907573767937798 1.6769647530745722 4.3710178817855194 1.305224167415872 1.2356501508038489 0.72089450375642627
leaf_count=5162 47 841 182989 4569 195 490 83 126 23 79 10 74 98 500 59 125 609 56267 177 447 66 1113 247 638 125 237 2531 178 849 321
internal_value=-0.00336899 -0.0212152 -0.0289508 -0.0378113 0.126949 0.0767311 0.0490383 0.112717 0.161865 0.0834245 0.0410083 -0.0428923 0.160569 0.120727 0.00556346 -0.0137569 0.0494226 -0.0442018 0.0963777 -0.0293859 0.0468345 0.106526 0.209909 -0.0340624 0.119065 0.128084 0.0160404 0.0181446 0.0594837 0.0958336
internal_weight=386.419 335.638 319.748 295.607 15.8895 24.1417 21.1186 50.781 13.1115 11.2702 9.39396 284.336 19.4907 14.1887 8.86047 8.60111 8.82506 280.746 13.9692 76.9499 3.58997 13.0012 3.02313 69.9943 11.0817 10.1927 6.95556 1.91946 2.58455 1.3489
internal_count=259275 257895 256836 249024 1059 7812 7075 1380 218 4842 4763 244182 1254 1156 4753 4694 1109 244042 1913 61053 140 1736 737 56905 1475 1350 4148 261 1617 768
is_linear=0
shrinkage=0.05


Tree=9
num_leaves=31
num_cat=0
split_feature=9 1 2 21 17 20 15 1 10 4 12 4 1 20 1 1 2 1 2 18 1 1 2 17 7 17 17 1 4 2
split_gain=282.298 143.787 88.4426 38.0653 46.1116 25.6503 18.8697 16.3771 14.8016 17.7013 12.5437 19.9924 11.6616 8.92325 7.97927 36.1897 14 5.89233 5.87059 5.32393 4.78458 4.33158 4.31466 4.29101 3.71775 3.18653 3.74967 3.16026 17.6231 6.5488
threshold=1.0000000180025095e-35 8.7351131439209002 5.5000000000000009 4.5591125488281259 22.001013755798343 1.0000000180025095e-35 1.5000000000000002 2.3422205448150639 1.0000000180025095e-35 1.0000000180025095e-35 1.0000000180025095e-35 1.0000000180025095e-35 3.2063616514205937 1.0000000180025095e-35 11.111482143402101 0.16113296151161197 7.5000000000000009 14.112694263458254 4.5000000000000009 1.0000000180025095e-35 0.14287002384662631 3.6215983629226689 21.500000000000004 5.4510929584503183 1.0000000180025095e-35 2.164039254188538 5.581200599670411 5.0701956748962411 1.0000000180025095e-35 15.500000000000002
decision_type=2 2 2 2 2 2 2 2 2 2 2 2 2 2 2 2 2 2 2 2 2 2 2 2 2 2 2 2 2 2
left_child=1 2 8 -3 10 14 13 -8 21 12 11 -5 18 20 15 -2 -17 -12 24 -13 25 -1 -18 -19 -10 -4 -27 -22 29 -29
right_child=5 3 6 4 -6 -7 7 -9 9 -11 17 19 -14 -15 -16 16 22 23 -20 -21 27 -23 -24 -25 -26 26 -28 28 -30 -31
leaf_value=-0.039903016944524819 0.1992476401794202 0.2330924298286593 -0.027341521518324724 0.078594700390092087 0.17658661728681874 0.070968361196385207 -0.040400649870763444 0.10807541325557157 0.08825573943406001 -0.018261696985628729 0.011444686354039901 -0.045734191223155779 0.19449662955887786 0.054446659603436837 0.20514906039447231 0.12007318063428543 -0.015793510075680691 0.17013096524667132 -0.011784568800112374 0.043831172214159109 -0.043299321919181399 0.053155175467597793 0.075904815083549404 -0.010295799047731771 -0.017924013932235552 0.10015878682274595 -0.019411268235403793 0.079346019189206418 -0.045073092624320008 -0.028846192455218633
leaf_weight=3.9293783318717059 6.2042045956477549 3.0089766428573084 1.2016269288724282 4.7426571274409151 5.4881243371637529 31.424567088484764 2.5953815012471741 3.2094772314885631 12.31481883628294 3.7088985905284053 1.4323596088215702 10.360885833390055 2.0552130038850001 1.6581135690212239 5.7259928423445663 2.8879545046947879 6.1520764093147591 1.2528899806784464 1.6017992165870971 1.1298097320832319 241.4564823624678 0.73594092112034548 0.56327706994488824 0.25825504551175971 0.5528297333512463 0.66146001941524424 0.63309297838713974 3.9357793539529693 18.924503382528201 1.3541198805905876
leaf_count=3449 50 195 915 1066 489 127 1536 150 1427 1896 893 7337 106 7 81 89 982 226 314 645 216265 179 26 102 119 396 490 2129 17234 987
internal_value=-0.00243564 -0.0198046 -0.0299248 0.0873078 0.0611338 0.103579 -0.0381145 0.0455094 0.0587063 0.0765228 0.0209786 0.00145726 0.0976249 -0.0400749 0.145907 0.113519 0.0445656 0.100968 0.072182 -0.0341237 -0.0408595 -0.0184319 0.000739288 0.147475 0.0827304 0.0213129 0.0587083 -0.0415213 -0.0227779 0.0514678
internal_weight=381.161 328.203 300.529 27.674 24.665 52.9581 275.63 5.80486 24.8989 20.2336 19.1769 16.2334 16.5247 269.825 21.5335 15.8075 9.60331 2.9435 14.4694 11.4907 268.167 4.66532 6.71535 1.51115 12.8676 2.49618 1.29455 265.671 24.2144 5.2899
internal_count=259907 258552 247599 10953 10758 1355 240109 1686 7490 3862 10269 9048 1966 238423 1228 1147 1097 1221 1860 7982 238416 3628 1008 328 1546 1801 886 236615 20350 3116
is_linear=0
shrinkage=0.05


Tree=10
num_leaves=31
num_cat=0
split_feature=9 8 1 3 1 5 1 21 20 20 5 18 12 19 8 1 1 1 17 19 17 16 19 19 17 19 1 19 1 17
split_gain=261.104 142.954 119.42 58.1107 34.1766 25.7429 20.255 18.3505 17.8543 14.4791 12.2392 13.3786 11.8508 12.1311 9.1804 8.6319 9.71352 6.94144 6.61109 6.50065 6.2563 5.52492 4.4086 8.52713 6.48389 4.61751 4.21906 4.1146 3.31718 3.8386
threshold=1.0000000180025095e-35 1.0000000180025095e-35 16.079887390136722 1.0000000180025095e-35 2.3422205448150639 1.0000000180025095e-35 2.9487051963806157 4.6959142684936532 1.0000000180025095e-35 1.0000000180025095e-35 1.0000000180025095e-35 1.5000000000000002 1.0000000180025095e-35 7.8365728855133066 1.0000000180025095e-35 0.11797450482845308 2.4987462759017949 1.4000559449195864 4.4636275768280038 7.0465402603149423 34.935554504394538 1.5000000000000002 9.0042147636413592 11.09644937515259 1.0864626169204714 11.443606853485109 0.14287002384662631 6.7970266342163095 12.888023376464846 34.935554504394538
decision_type=2 2 2 2 2 2 2 2 2 2 2 2 2 2 2 2 2 2 2 2 2 2 2 2 2 2 2 2 2 2
left_child=1 2 3 10 -3 19 -7 -4 14 -6 11 28 13 27 -2 -16 -17 26 22 -5 -13 -8 -19 24 -24 -25 -12 -9 -1 -30
right_child=8 4 7 5 9 6 21 12 -10 -11 17 20 -14 -15 15 16 -18 18 -20 -21 -22 -23 23 25 -26 -27 -28 -29 29 -31
leaf_value=-0.049633183273887355 0.16016490308741427 -0.036598240965388086 0.22416129333941606 0.089206291682695865 0.18341332030061039 0.039573108206894088 0.21909482674465403 -0.012139980883454284 0.068531880959886327 0.062644302586581296 0.038419658875294062 -0.017342724142090562 0.14802679840617236 -0.038182709018118849 0.12731370884443077 -0.036092191578973497 0.079075555426912664 -0.025705339169558847 -0.034125075567720285 -0.044675155920819852 0.16249916958633526 0.040747158484568669 -0.0051723412815121604 -0.037844093172150838 0.12472057405942216 0.037872674337199347 -0.034711555095711881 0.15381924718307893 -0.021591502978763125 0.085281424668877504
leaf_weight=189.27531635737978 13.249047888442874 2.6586702524218735 3.2968880375847203 0.077368269325236549 9.0234129885211569 15.068818395608107 1.5885142898187035 0.31805859459564123 31.768916010856628 5.2582645118236533 1.2541254959069181 0.5300299032824104 1.7373275796417145 3.1935803508386016 4.3145867390558124 2.4698770486284047 3.1648274096660316 2.7798525101970908 6.9343481099931514 8.2436096542514843 0.17623592517338693 1.1865199354942886 1.2273431284120291 3.0764003711519763 2.4314551204442978 2.9791507151676342 53.652315365383402 0.47130218264646828 2.5041915181791405 0.10841176798567165
leaf_count=183714 658 885 58 22 198 1849 63 81 129 22 659 437 226 1435 24 471 96 1947 5042 5737 51 69 916 2353 1790 2228 46744 149 1857 21
internal_value=-0.00300504 -0.0204204 -0.0284785 -0.0341752 0.116863 0.0359018 0.0685697 0.141616 0.0966392 0.145957 -0.0411527 -0.0478346 0.0677635 0.0100726 0.130708 0.0804363 0.0307626 -0.0234353 0.002201 -0.0339934 0.0964694 0.173833 0.023397 0.0385358 0.0893905 -0.000505502 -0.0323838 0.117535 -0.0488631 0.00522232
internal_weight=374.019 319.052 302.111 293.094 16.9403 26.1648 17.8439 9.01716 54.9673 14.2817 266.929 192.594 5.72027 3.98294 23.1983 9.94929 5.6347 74.335 19.4285 8.32098 0.706266 2.77503 12.4942 9.71435 3.6588 6.05555 54.9064 0.789361 191.888 2.6126
internal_count=259931 258553 257448 255499 1105 7740 1981 1949 1378 220 247759 186080 1891 1665 1249 591 567 61679 14276 5759 488 132 9234 7287 2706 4581 47403 230 185592 1878
is_linear=0
shrinkage=0.05


Tree=11
num_leaves=31
num_cat=0
split_feature=9 8 2 21 0 10 0 5 16 0 2 20 0 0 0 0 0 0 0 0 0 0 0 20 0 16 0 0 21 21
split_gain=231.709 132.855 83.8127 30.0722 22.7829 18.4619 14.1502 11.5075 11.3648 10.6009 11.2689 10.3277 9.80987 9.13054 19.2868 23.7218 18.0102 22.2732 17.4117 22.7635 14.3276 16.3175 11.8762 8.43831 8.22145 8.84987 6.34383 35.9315 5.52509 7.2347
threshold=1.0000000180025095e-35 1.0000000180025095e-35 5.5000000000000009 4.5591125488281259 5.0748298168182382 1.0000000180025095e-35 3.9630012512207036 1.0000000180025095e-35 1.5000000000000002 7.1347475051879892 14.500000000000002 1.0000000180025095e-35 3.034231543540955 3.049036026000977 3.3986942768096928 3.4113126993179326 3.9063067436218266 3.9338823556900029 4.6051201820373544 4.6206989288330087 4.9965362548828134 5.0156559944152841 5.5134489536285409 1.0000000180025095e-35 5.5385539531707773 1.5000000000000002 4.6051201820373544 4.6206989288330087 7.1887903213500985 7.7358703613281259
decision_type=2 2 2 2 2 2 2 2 2 2 2 2 2 2 2 2 2 2 2 2 2 2 2 2 2 2 2 2 2 2
left_child=1 2 5 4 -4 -1 -3 9 -6 -5 -11 -2 -7 -14 -15 -16 -17 -18 -19 -20 -21 -22 -23 -8 -24 -26 -9 -28 -12 -30
right_child=11 6 3 7 8 12 23 26 -10 10 28 -13 13 14 15 16 17 18 19 20 21 22 24 -25 25 -27 27 -29 29 -31
leaf_value=-0.039746890415991762 0.11722212303698326 -0.029498727187249243 -0.038869374238534218 -0.047622943079226362 0.14479348146802296 -0.031506228462294263 0.14383381212537469 -0.028693024203167175 -0.024173737121866958 -0.039487432330209953 -0.021706161097817298 0.068739694319236586 0.20700207078852434 -0.038456637976580714 0.2836804829136827 -0.037728948299233282 0.29088101406868216 -0.02801626100587324 0.28012164495837399 -0.026162752190877214 0.24909234032768277 -0.024047938327339299 0.19708061142130096 0.059463666131555959 0.093292423853084699 -0.031877478091828414 0.23752242550106631 -0.016186143268933039 0.15780309376180385 -0.0012355003616618247
leaf_weight=3.8564987735589993 23.324457083828747 1.424143327865752 3.4665251878323016 178.0945711164386 3.9658528293366544 1.6889877179637576 11.183359127375299 56.977294091833755 0.92224450432695437 3.7094481193926176 0.76463496650103513 34.163766741752625 0.55324945633765565 3.1565158689627451 0.49575692496728407 2.964104363461959 0.31927756441291322 3.4770798293175167 0.51107159536331792 3.0234273376408956 0.50041882577352037 2.7368909512879327 0.60753995913546521 6.8586945384740821 2.4335925529012457 1.7312585980398578 0.53802085644565423 14.165093019022605 1.1502002577180976 1.0482847561943343
leaf_count=3652 1228 650 3206 180335 356 580 441 50224 551 2715 578 140 22 298 17 447 30 679 25 378 25 484 34 29 418 736 222 10176 489 759
internal_value=-0.00128253 -0.0183327 -0.0268574 -0.0355951 0.0533367 0.0539992 0.104962 -0.0386882 0.114223 -0.0453067 0.0146639 0.0900782 0.0699235 0.0785504 0.0664378 0.0851019 0.0653073 0.0863066 0.0640738 0.0918333 0.0605571 0.092562 0.0540836 0.116568 0.0952946 0.0451635 -0.0212395 0.00763225 0.0753129 0.105293
internal_weight=369.812 312.324 292.858 264.802 8.35462 28.0557 19.4662 256.448 4.8881 184.767 6.67257 57.4882 24.1992 22.5102 21.9569 18.8004 18.3047 15.3406 15.0213 11.5442 11.0331 8.0097 7.50928 18.0421 4.77239 4.16485 71.6804 14.7031 2.96312 2.19849
internal_count=259924 258556 257436 249611 4113 7825 1120 245498 907 184876 4541 1368 4173 3593 3571 3273 3256 2809 2779 2100 2075 1697 1672 470 1188 1154 60622 10398 1826 1248
is_linear=0
shrinkage=0.05


Tree=12
num_leaves=31
num_cat=0
split_feature=9 1 8 2 11 21 17 5 1 19 5 11 18 21 11 0 0 0 0 0 0 1 0 0 1 4 8 2 2 2
split_gain=207.58 123.335 62.9797 67.6817 32.0837 31.4103 53.1635 29.8308 23.9095 13.678 13.6367 12.5377 26.065 11.5976 9.99008 9.51312 21.5667 17.7347 14.0125 14.5725 16.5375 10.1346 7.9961 34.4615 6.74892 6.65714 6.58109 5.30441 6.97256 4.93302
threshold=1.0000000180025095e-35 8.7351131439209002 1.0000000180025095e-35 4.5000000000000009 1.0000000180025095e-35 4.6959142684936532 13.335381984710695 1.0000000180025095e-35 2.3422205448150639 8.0429420471191424 1.0000000180025095e-35 1.0000000180025095e-35 1.0000000180025095e-35 7.5644977092742929 1.0000000180025095e-35 3.034231543540955 3.049036026000977 3.3986942768096928 3.4257273674011235 3.9063067436218266 4.6206989288330087 4.6835310459136972 3.9630012512207036 4.6051201820373544 2.900287508964539 1.0000000180025095e-35 1.0000000180025095e-35 18.500000000000004 2.5000000000000004 22.500000000000004
decision_type=2 2 2 2 2 2 2 2 2 2 2 2 2 2 2 2 2 2 2 2 2 2 2 2 2 2 2 2 2 2
left_child=1 2 3 7 5 -3 25 -1 -4 13 -5 12 27 -8 24 -9 -17 -18 -19 -20 22 -22 -21 -24 29 -7 -14 28 -2 -12
right_child=11 4 8 10 -6 6 9 15 -10 -11 14 -13 26 -15 -16 16 17 18 19 20 21 -23 23 -25 -26 -27 -28 -29 -30 -31
leaf_value=-0.042966324938949113 0.073066457859381942 0.15808414228630419 -0.036856170048280124 -0.048954977449175881 0.23940966127519064 0.025539508265173969 0.052511963493061059 -0.02899509415679534 0.1201173014519234 -0.0097952273008536754 -0.032939341811878617 0.13533264032091957 0.12914620455368528 0.20352715286406162 0.069740447808190803 0.26435505881685895 -0.03734182398479409 0.22928380116379135 -0.035491555226007068 0.27194725289324378 -0.013657518410963146 0.11835280849294097 -0.034955203871814333 0.25416073906852366 0.019812013315241028 -0.045917505632923926 0.072349261495095671 0.060243457762092403 -0.044139886587191639 0.04968265743908884
leaf_weight=6.0398743700934601 0.59258394688367655 5.2786726431222695 2.7161531867459408 166.64647088234778 1.8849346730858076 3.7388991392217585 3.0058631324209255 1.3699874178273628 8.639340174617244 1.4475312112481331 62.525579032604583 10.302683088928459 8.5256054631900025 3.6897919773473404 1.8993100011721242 0.74529282655566831 2.7862454727292052 0.78431086847558518 2.3690195549279442 0.55112750665284549 4.3420423422940075 1.0652522542513905 2.2477579250698914 0.63699261471629132 6.6289958162233225 10.993435202632099 32.085891710594296 1.257046654820442 6.538435933412984 1.0055521769681934
leaf_count=4689 16 254 848 178551 22 1018 236 468 176 946 56913 54 101 223 80 23 228 27 281 35 243 36 272 14 3978 8322 169 106 945 630
internal_value=-0.000616472 -0.0174226 -0.0280715 -0.0331722 0.0771427 0.0584396 0.0297879 0.0473795 0.0826263 0.124779 -0.041078 0.0841287 0.0708712 0.151365 -0.0224407 0.0802682 0.0910792 0.0661472 0.0912068 0.063564 0.09101 0.0267616 0.163295 0.0778771 -0.0258811 -0.0273119 0.0870898 -0.00856502 -0.0266118 -0.030882
internal_weight=362.341 303.038 272.999 261.644 30.0391 28.1542 22.8755 22.9379 11.3555 8.14319 238.706 59.3022 48.9996 6.69566 72.0594 16.898 15.528 14.7827 11.9965 11.2122 8.84317 5.40729 3.43588 2.88475 70.1601 14.7323 40.6115 8.38807 7.13102 63.5311
internal_count=259904 258513 247492 246468 11021 10999 10745 6316 1024 1405 240152 1391 1337 459 61601 1627 1159 1136 908 881 600 279 321 286 61521 9340 270 1067 961 57543
is_linear=0
shrinkage=0.05


Tree=13
num_leaves=31
num_cat=0
split_feature=9 1 8 5 1 1 1 4 17 19 1 19 18 21 21 19 19 19 18 11 20 16 19 19 19 19 1 11 1 19
split_gain=182.97 118.117 54.523 56.9598 19.4981 18.3317 14.2483 18.5125 13.4328 12.8435 12.3327 11.792 9.26627 8.00866 7.52977 6.60708 10.3136 6.4176 5.95202 28.208 14.9757 8.05176 5.33287 5.30788 4.93529 5.32791 4.80549 4.28715 4.04437 3.88086
threshold=1.0000000180025095e-35 9.4774923324584979 1.0000000180025095e-35 1.0000000180025095e-35 2.9487051963806157 2.3422205448150639 16.079887390136722 1.0000000180025095e-35 34.935554504394538 9.6150860786438006 0.14287002384662631 10.952540397644045 1.5000000000000002 6.4232456684112558 8.0629053115844744 11.434051036834719 11.918655395507814 10.113376617431642 1.0000000180025095e-35 1.0000000180025095e-35 1.0000000180025095e-35 4.5000000000000009 7.6382517814636239 11.79802465438843 10.19386148452759 10.678053855895998 0.75303038954734813 1.0000000180025095e-35 6.9958300590515146 11.476673603057863
decision_type=2 2 2 2 2 2 2 2 2 2 2 2 2 2 2 2 2 2 2 2 2 2 2 2 2 2 2 2 2 2
left_child=1 2 3 12 9 -4 7 -3 27 10 -5 24 -1 -6 17 -13 -17 -15 19 21 -20 -2 -7 -19 26 -26 -11 -9 -14 -8
right_child=18 6 5 4 13 22 29 8 -10 11 -12 15 28 14 -16 16 -18 23 20 -21 -22 -23 -24 -25 25 -27 -28 -29 -30 -31
leaf_value=-0.049839978326361466 -0.037794840757881171 0.098135503164555479 -0.036671524999545131 0.10223133718186331 -0.030181747757418873 0.1232887229052798 0.079142569448571676 -0.043988011936655823 0.13825190263577489 -0.037902543351209475 -0.041587563252451075 -0.031341553105141001 -0.015737852209158767 0.027587980773957806 -0.02600735614087582 0.054922986672666152 -0.026031624669392663 0.14862286629061836 0.137785242986768 0.11974534460784488 0.067926600446485408 0.064886739403575269 0.035927726598170347 0.0046382993664036828 0.080715328948860465 0.013086931481952913 0.036632101492033928 0.054052168363612943 0.13375037621839067 0.15626653724205267
leaf_weight=165.4009376927861 6.7863097698427719 6.1941387226106599 2.6710557988844803 0.63767480640672403 1.4679372098762531 6.661091346293686 9.1572541224304569 7.2188368075876497 0.32695532648358483 3.083175677224065 27.029359078849666 17.608204608666714 0.45841011963784595 3.153795699356122 1.0688711004331706 6.5915432808687893 7.2804619030794129 3.7507734638638794 12.143078279215841 6.2311276197433463 30.879327684640884 1.5578029167372731 3.6812958619557321 0.81585491122677911 6.9900773731060308 5.2970157649833709 3.5996923317434266 0.42709750868380059 0.088344182120636106 4.7982599034439781
leaf_count=184183 986 674 877 303 628 39 1716 6288 63 2474 24854 15379 393 1450 565 3846 5681 1112 139 33 130 87 141 325 2191 2294 2389 8 53 259
internal_value=-0.000287958 -0.0162448 -0.0265746 -0.0317599 0.000691446 0.0697966 0.0794919 0.0398932 -0.0112493 -0.00807663 -0.0348223 0.00698249 -0.0489423 0.0622532 0.0791972 -0.0117553 0.013542 0.0950746 0.0804462 0.0473559 0.0903262 -0.0137322 0.0981023 0.128353 0.0371089 0.0547396 0.00178757 -0.0328932 0.0792719 0.114335
internal_weight=353.056 295.458 267.336 254.322 88.3744 13.0134 28.1225 14.167 7.97289 78.1172 27.667 50.4502 165.948 10.2572 8.7893 31.4802 13.872 7.72042 57.5976 14.5752 43.0224 8.34411 10.3424 4.56663 18.97 12.2871 6.68287 7.64593 0.546754 13.9555
internal_count=259560 258185 249177 248120 63491 1057 9008 7033 6359 59411 25157 34254 184629 4080 3452 24906 9527 2887 1375 1106 269 1073 180 1437 9348 4485 4863 6296 446 1975
is_linear=0
shrinkage=0.05


Tree=14
num_leaves=31
num_cat=0
split_feature=1 2 1 15 10 11 19 21 4 11 20 1 4 0 4 6 1 1 0 2 6 0 1 0 0 0 0 0 0 0
split_gain=155.362 89.6387 69.6809 28.5603 12.971 12.3765 18.5519 43.1997 13.8759 12.3626 11.9217 10.3444 9.01938 6.76569 6.71475 6.5332 4.37305 4.08621 11.1288 4.25855 3.81024 3.60215 5.73299 14.3517 12.1824 17.0023 24.9935 18.1687 15.7401 7.21102
threshold=8.7351131439209002 5.5000000000000009 0.14287002384662631 1.5000000000000002 1.0000000180025095e-35 1.0000000180025095e-35 7.8365728855133066 4.6959142684936532 1.0000000180025095e-35 1.0000000180025095e-35 1.0000000180025095e-35 2.6667716503143315 1.0000000180025095e-35 6.3111629486083993 1.0000000180025095e-35 1.0000000180025095e-35 6.4660279750823983 6.3026816844940194 4.7586207389831552 22.500000000000004 1.0000000180025095e-35 5.8341672420501718 2.9487051963806157 3.9196934700012211 3.8652456998825078 3.4113126993179326 3.3986942768096928 3.049036026000977 3.034231543540955 1.6686493158340456
decision_type=2 2 2 2 2 2 2 2 2 2 2 2 2 2 2 2 2 2 2 2 2 2 2 2 2 2 2 2 2 2
left_child=1 4 15 9 -1 6 14 -8 13 10 17 -5 21 -9 -2 -3 -14 19 -19 -4 -20 22 23 24 25 26 27 28 29 -6
right_child=5 2 3 11 12 -7 7 8 -10 -11 -12 -13 16 -15 -16 -17 -18 18 20 -21 -22 -23 -24 -25 -26 -27 -28 -29 -30 -31
leaf_value=-0.024194761823764524 0.073577385850756447 0.080268482468842675 -0.040694206536061518 -0.029425932651504283 0.075020435467697433 0.14446644586528914 0.12395032272135076 0.10393675498711047 -0.046072132744083526 0.042090587294804763 0.050901670162349977 0.077461395173586689 -0.036454689755009831 -0.026066569122480621 0.14321117486672616 -0.026332926951183468 0.058183643609817239 0.12372202007343419 -0.036004195578632617 0.017163081146159578 0.030784118839337949 -0.0092560542408573528 0.1266267015341658 0.0049680688157603074 0.23229381080175773 -0.036275926901154699 0.26676153450298157 -0.037958991966491107 0.22262959776689134 -0.030493108990662106
leaf_weight=3.7712971863220437 19.491373117663901 15.341164666693658 208.68788239324931 2.530116949870715 5.4002482770010864 6.0342540796846142 6.8744313459610593 1.8667875233804783 11.226660310174339 4.2740266649052492 2.9877716004848471 7.0861102779163048 2.6675369215663518 1.0268897162750361 6.0594057651469475 1.109734709258192 0.83686453267000604 0.43701475136913259 9.5138385738828184 2.7179212752962476 1.8621084176120355 0.96238446515053411 5.6854580803774288 7.313623158261179 0.59094071551226157 2.5606211500708023 0.88546483032405454 2.9796403078362346 1.0080443639308212 1.5503118225606156
leaf_count=3607 214 744 223836 1592 56 38 236 553 8402 151 13 143 1700 422 1333 1197 263 291 9622 2441 923 42 110 598 30 334 18 268 23 546
internal_value=-4.73555e-05 -0.0143286 -0.0247656 -0.0316655 0.0582916 0.0782527 0.0668106 0.0299099 -0.021043 -0.0352381 -0.036878 0.0492156 0.0683174 0.062956 0.094863 0.0719805 -0.00595494 -0.0382747 -0.00879144 -0.0398731 -0.0234677 0.0772107 0.0804021 0.0636802 0.0902482 0.0696926 0.0936811 0.0584985 0.0948175 0.0506106
internal_weight=345.34 292.76 256.548 240.097 36.2124 52.5798 46.5455 20.9948 14.1203 230.481 226.207 9.61623 32.4411 2.89368 25.5508 16.4509 3.5044 223.219 11.813 211.406 11.3759 28.9367 27.9744 22.2889 14.9753 14.3843 11.8237 10.9382 7.9586 6.95056
internal_count=259746 248548 240953 239012 7595 11198 11160 9613 9377 237277 237126 1735 3988 975 1547 1941 1963 237113 10836 226277 10545 2025 1983 1873 1275 1245 911 893 625 602
is_linear=0
shrinkage=0.05


Tree=15
num_leaves=31
num_cat=0
split_feature=9 2 8 13 11 5 21 18 0 7 21 22 19 5 19 0 0 19 2 0 0 11 19 0 0 0 0 21 21 2
split_gain=152.371 76.0254 75.5364 30.5932 21.9531 17.4117 19.0609 14.2573 14.1522 13.9779 13.4351 12.0749 12.2855 15.1789 7.70887 7.07159 62.9409 8.22176 6.95223 6.54573 6.46445 6.36327 11.9028 5.90859 13.1902 24.6828 9.93718 6.25448 6.8312 5.90753
threshold=1.0000000180025095e-35 5.5000000000000009 1.0000000180025095e-35 1.0000000180025095e-35 1.0000000180025095e-35 1.0000000180025095e-35 4.6959142684936532 1.0000000180025095e-35 6.6350209712982187 1.0000000180025095e-35 7.5644977092742929 1.0000000180025095e-35 9.190312862396242 1.0000000180025095e-35 7.5507926940917978 3.034231543540955 3.049036026000977 12.179728507995607 12.500000000000002 3.034231543540955 4.6051201820373544 1.0000000180025095e-35 10.15249824523926 3.049036026000977 3.3986942768096928 3.4113126993179326 3.9063067436218266 8.035764694213869 6.3007841110229501 9.5000000000000018
decision_type=2 2 2 2 2 2 2 2 2 2 2 2 2 2 2 2 2 2 2 2 2 2 2 2 2 2 2 2 2 2
left_child=1 11 3 4 5 7 9 -3 -9 -7 -10 12 -1 -14 -4 -8 -17 -18 -12 -15 -6 22 29 -21 -25 -26 -27 28 -28 -2
right_child=21 2 14 -5 20 6 15 8 10 -11 18 -13 13 19 -16 16 17 -19 -20 23 -22 -23 -24 24 25 26 27 -29 -30 -31
leaf_value=0.13650567254888063 0.087980024860560918 -0.049766267287780275 0.091550226458102499 0.092927083076476 -0.0029463561863394736 -0.028359210611194192 -0.047657687505580387 -0.031039387004272487 -0.025510832722428257 0.15129351612206066 -0.011984086943386396 0.15911907349385057 -0.026661694877082715 -0.030276500098597937 0.01913224197779298 0.33040762607782131 -0.025349619588064077 0.068127664610287325 0.20782374688593228 0.15136135291571093 0.10686169317867499 0.11102758178256673 -0.035366830933035068 -0.037772261772342101 0.22834984002057485 -0.036682936972282768 -0.026590806726010066 -0.028484724250295024 0.086712736236587346 0.047430455353104105
leaf_weight=2.3938155190553578 21.817258298280649 149.73549235565588 12.407091459725054 3.8229424752062178 2.1169891506433478 1.3044635332189491 18.285448177950457 4.2621288055670439 1.0301160605740736 1.8676257247570902 0.31397316796937935 1.7916681229253288 7.2706766416667987 1.5224417907884369 5.9362216037116005 0.31433998059946944 42.972002612776123 1.538828691060188 0.93747882905881852 0.97226313687861221 2.4227912332862616 10.170729070901869 2.341206311248242 2.9260855535976615 1.1387354303151358 2.6580543571617445 1.0748645379208017 1.2251015407964576 8.7203871016390604 23.334230389911681
leaf_count=272 140 181033 146 782 81 1146 18432 4789 599 133 199 144 5491 532 882 331 40522 1361 429 20 67 50 540 271 18 333 81 112 514 631
internal_value=-0.000293918 -0.0155466 -0.024865 -0.0326961 -0.0352089 -0.0375189 -0.0157253 -0.0466035 0.0227719 0.0883252 0.102121 0.0562593 0.0451466 0.0326872 0.0703151 -0.0222512 -0.0110734 -0.020692 0.171848 0.0542603 0.0643674 0.0730223 0.0627616 0.0623239 0.0496298 0.0681867 0.0402046 0.0602584 0.0729681 0.0685058
internal_weight=338.625 280.962 249.268 230.925 227.102 222.562 66.2827 156.279 6.5437 3.17209 2.28157 31.6941 29.9024 27.5086 18.3433 63.1106 44.8252 44.5108 1.25145 20.2379 4.53978 57.6634 47.4927 18.7155 17.7432 14.8171 13.6784 11.0204 9.79525 45.1515
internal_count=260081 258720 250932 249904 249122 248974 61925 187049 6016 1279 1227 7788 7644 7372 1028 60646 42214 41883 628 1881 148 1361 1311 1349 1329 1058 1040 707 595 771
is_linear=0
shrinkage=0.05


Tree=16
num_leaves=31
num_cat=0
split_feature=9 1 2 8 5 1 1 17 5 11 19 0 0 19 0 0 0 0 0 0 0 0 19 19 0 0 5 11 2 4
split_gain=134.193 87.8994 53.5156 49.5228 17.6431 15.3621 13.5751 16.2497 12.1634 11.6168 7.1985 7.01544 56.0097 7.89341 6.93312 10.2469 12.243 13.0554 10.6387 15.691 11.9142 8.31148 6.86314 5.90251 5.44357 5.34978 5.046 4.79147 8.07347 7.30909
threshold=1.0000000180025095e-35 8.7351131439209002 5.5000000000000009 1.0000000180025095e-35 1.0000000180025095e-35 2.3422205448150639 16.079887390136722 10.168295860290529 1.0000000180025095e-35 1.0000000180025095e-35 8.3815803527832049 3.034231543540955 3.049036026000977 12.179728507995607 3.034231543540955 3.049036026000977 3.3986942768096928 3.4113126993179326 3.9063067436218266 3.9480656385421757 4.6051201820373544 5.0156559944152841 7.6812267303466806 9.0410933494567889 5.5385539531707773 7.794163942337037 1.0000000180025095e-35 1.0000000180025095e-35 3.5000000000000004 1.0000000180025095e-35
decision_type=2 2 2 2 2 2 2 2 2 2 2 2 2 2 2 2 2 2 2 2 2 2 2 2 2 2 2 2 2 2
left_child=1 2 8 4 -4 -5 7 24 22 11 -9 -6 23 -14 -10 -16 -17 -18 -19 -20 -21 -22 -1 -13 26 -8 -3 28 -2 -30
right_child=27 6 3 5 9 -7 25 10 14 -11 -12 12 13 -15 15 16 17 18 19 20 21 -23 -24 -25 -26 -27 -28 -29 29 -31
leaf_value=0.075290032456829109 0.096987610771553573 -0.024535764938482529 -0.049779675853427907 -0.036400762952223595 -0.047578263179769979 0.088568986558784549 0.10413937411824502 0.10081864341449827 -0.030343961735607185 0.077715673990900305 -0.013756133687532555 -0.0051776343950738811 -0.025305547904565809 0.065415311011134736 0.17049038342822198 -0.037288150866326003 0.17762614149469735 -0.036558857362046233 0.20520742281546808 -0.038049049831844463 0.1070410229691045 0.0054283863715439175 -0.036329791788024146 0.3260598420983985 -0.032808570912964512 0.012093539005977266 0.098010733285950447 0.10209327277482555 0.057046661872657368 0.0014388116499151377
leaf_weight=0.72934197087306785 10.931274938397108 0.95484218705678514 138.03345604118658 2.5993436219869173 17.786901953513734 9.4988491120748204 13.612917416146955 5.8322047428227952 1.5324702383950377 2.099479477852582 1.4390867071924729 0.11534791119629417 41.155976440000813 1.5984432058176015 1.24775826931 2.7890815520659116 1.3859414216130961 2.6283569759689263 0.75639475742354889 3.0370239986805228 4.3344427195843309 3.4114985524211079 6.27371622226201 0.32951731403591111 7.9316341244266368 2.087804587907157 0.85287139040883631 10.413536448031662 28.079745995579287 7.4823075642343602
leaf_count=44 65 888 178034 859 18754 163 1532 670 566 75 1097 90 40875 1332 22 268 19 342 30 357 147 184 5516 250 6288 447 74 50 644 626
internal_value=-0.000216108 -0.0147799 -0.0252545 -0.0338172 -0.0397938 0.0609896 0.0609583 0.0275318 0.0385898 -0.0175085 0.0792211 -0.0219875 -0.0106127 -0.0204963 0.0568647 0.064829 0.0491989 0.0660234 0.044115 0.0639404 0.0374563 0.068026 -0.0167499 0.296033 -0.0148423 0.0933566 0.0475966 0.0689648 0.0595514 0.045706
internal_weight=330.962 274.055 241.343 213.217 201.119 12.0982 32.7114 17.0106 28.126 63.0857 7.27129 60.9862 43.1993 42.7544 21.123 19.5905 18.3427 15.5537 14.1677 11.5394 10.783 7.74594 7.00306 0.444865 9.73935 15.7007 1.80771 56.9069 46.4933 35.5621
internal_count=260308 258923 247927 240432 239410 1022 10996 9017 7495 61376 1767 61301 42547 42207 1935 1369 1347 1079 1060 718 688 331 5560 340 7250 1979 962 1385 1335 1270
is_linear=0
shrinkage=0.05


Tree=17
num_leaves=31
num_cat=0
split_feature=9 1 8 3 4 1 17 12 19 18 13 17 11 0 0 17 0 0 17 17 18 11 7 20 21 16 1 0 0 11
split_gain=141.862 87.3331 33.6013 34.8682 26.7181 26.4782 12.9586 17.9493 12.5091 11.8238 11.0696 8.72625 7.47757 5.90121 12.3866 7.5197 6.87505 8.31484 6.00147 5.11399 4.63321 17.6617 16.564 7.73619 4.55784 4.22661 4.21318 4.14427 10.715 3.55712
threshold=1.0000000180025095e-35 6.4660279750823983 1.0000000180025095e-35 1.0000000180025095e-35 1.0000000180025095e-35 12.888023376464846 17.125852584838871 1.0000000180025095e-35 7.5507926940917978 1.0000000180025095e-35 1.0000000180025095e-35 1.1310224533081057 1.0000000180025095e-35 3.9196934700012211 3.9063067436218266 1.7464923262596133 3.4113126993179326 3.034231543540955 1.445408880710602 41.573511123657234 1.0000000180025095e-35 1.0000000180025095e-35 1.0000000180025095e-35 1.0000000180025095e-35 7.701200246810914 1.5000000000000002 2.9487051963806157 3.049036026000977 3.3986942768096928 1.0000000180025095e-35
decision_type=2 2 2 2 2 2 2 2 2 2 2 2 2 2 2 2 2 2 2 2 2 2 2 2 2 2 2 2 2 2
left_child=1 2 3 12 24 19 7 10 -4 -8 -7 -5 -1 14 16 18 17 -13 -15 29 21 22 -2 -22 -3 26 -17 -19 -29 -6
right_child=20 4 8 11 5 6 9 -9 -10 -11 -12 13 -14 15 -16 25 -18 27 -20 -21 23 -23 -24 -25 -26 -27 -28 28 -30 -31
leaf_value=-0.041197554371133878 -0.044139067031007201 0.10540908598126048 0.095853650636718982 -0.017275462047262446 -0.046439168315842362 -0.043511171668470044 -0.016000082415687691 0.1023846987155706 -0.0059030199675292284 0.23673675577047787 0.080727652614840051 -0.029094563043641511 0.027038849333585357 -0.019984973020903116 0.19911141753207923 -0.023471780683876717 -0.033076985093847988 0.14815707903754813 0.13259665343781696 0.069543556574459139 0.11029449249624459 0.096248729228684271 0.10330148124605013 0.060398940944279535 0.038390333498251404 -0.02994630731727916 0.092044198599002189 -0.033096272308548273 0.11980249251030305 0.036029315141875538
leaf_weight=181.9883759166114 6.6308229819405806 14.189768788695803 6.1928561339154822 9.2873764762189257 12.841386236133982 5.9273439675453101 0.46791976998793028 5.0220789423910901 5.0170023273094557 0.74089593021199107 1.4355418370105324 1.3846530004520916 3.4590729717165223 0.62717466725734794 0.59796572179766361 0.85792544664582215 1.9125691216322591 1.2435999001027083 0.89917268930003047 0.2535171328927398 14.947752670384942 6.7867301702499381 1.5434129816712809 27.903062239289284 4.969681311340536 6.2291735358885489 0.73839950037654489 1.9034681622870266 1.0260046725161374 0.71595838386565525
leaf_count=229710 936 1527 108 2506 14815 2830 226 418 903 71 8 965 126 138 30 209 650 33 116 66 153 33 94 127 1011 1884 122 481 24 18
internal_value=0.000686921 -0.0145951 -0.0275942 -0.0321134 0.0470302 0.0143157 0.0616985 0.0382345 0.0535586 0.175953 -0.0125317 0.0206798 -0.0397866 0.0407546 0.0696369 0.0115167 0.0369895 0.0624685 0.0868071 -0.0333393 0.071075 0.0423147 -0.00807469 0.0799224 0.090792 -0.0113406 0.0448329 0.092601 0.0373145 -0.0399082
internal_weight=327.741 269.929 223.365 212.155 46.5641 27.4046 13.5938 12.385 11.2099 1.20882 7.36289 26.7075 185.447 17.4201 8.06826 9.35185 7.47029 5.55773 1.52635 13.8109 57.8118 14.961 8.17424 42.8508 19.1595 7.8255 1.59632 4.17307 2.92947 13.5573
internal_count=260338 258995 238005 236994 20990 18452 3553 3256 1011 297 2838 7158 229836 4652 2183 2469 2153 1503 254 14899 1343 1063 1030 280 2538 2215 331 538 505 14833
is_linear=0
shrinkage=0.05


Tree=18
num_leaves=31
num_cat=0
split_feature=9 8 2 11 21 17 5 0 0 6 0 0 19 0 0 0 0 18 16 19 22 19 0 0 0 0 16 21 21 19
split_gain=111.942 74.328 52.386 24.787 19.9249 18.6708 15.9172 10.9908 9.5914 9.19064 8.75845 61.9786 8.05382 9.84246 61.8336 8.20322 38.2084 7.95983 6.45108 6.2214 6.11456 6.58874 5.73015 22.0552 5.66889 8.31891 4.76742 7.80297 4.99272 5.25831
threshold=1.0000000180025095e-35 1.0000000180025095e-35 5.5000000000000009 1.0000000180025095e-35 4.6959142684936532 41.573511123657234 1.0000000180025095e-35 5.0748298168182382 4.2269067764282235 1.0000000180025095e-35 3.034231543540955 3.049036026000977 10.285048961639406 3.9063067436218266 3.9196934700012211 4.6051201820373544 4.6206989288330087 1.0000000180025095e-35 1.5000000000000002 9.0410933494567889 1.0000000180025095e-35 9.190312862396242 3.4113126993179326 3.3986942768096928 3.049036026000977 3.034231543540955 1.5000000000000002 7.3923397064208993 8.035764694213869 10.56394672393799
decision_type=2 2 2 2 2 2 2 2 2 2 2 2 2 2 2 2 2 2 2 2 2 2 2 2 2 2 2 2 2 2
left_child=1 2 9 4 7 6 -6 -4 -3 20 -8 19 -13 -14 -15 -16 -17 -7 -9 -12 21 -1 23 24 25 -23 27 -24 29 -29
right_child=-2 8 3 -5 5 17 10 18 -10 -11 11 12 13 14 15 16 -18 -19 -20 -21 -22 22 26 -25 -26 -27 -28 28 -30 -31
leaf_value=0.12766739384736281 0.063585624006609262 -0.030658930390135716 -0.038276540779702835 0.070033686590023944 -0.048611049631766795 -0.023200287518574225 -0.047063071023057977 0.080439237745279835 0.082274462839361198 -0.037422705024162624 -0.0051334158200016661 -0.035524011883267197 -0.029169562160661973 0.38916423169555503 -0.041606583288325477 0.30352400121075651 -0.016117421373467149 0.13923206001577285 -0.027533648142034829 0.33657933911616783 0.11925213240039803 -0.029600129187197694 -0.014527207479316512 0.18905140740515131 -0.037016170459792282 0.10571360867385222 -0.014006279734505883 -0.0210234096335951 -0.023330751306100579 0.10140054726626731
leaf_weight=0.9590049214311972 56.175593708408996 1.5590135494130688 3.2527234284207207 5.0177639992907634 133.2970241404837 0.77049179910682042 15.783902260765897 6.2130180804524571 20.052518317010254 2.9652365988004012 0.11425540409982105 21.778509525465779 8.582356624654496 0.13851051352685217 4.9283425509929639 0.13143969629891206 4.8928456870489754 1.1924422864685764 1.1854661974939515 0.42263797984924167 1.814406893448903 1.4406641629757386 4.4376164310378972 1.4702390177408231 2.7230875279637985 1.5245160547783598 8.4556270863977243 0.68294493621215213 0.85805550671648223 4.4144699826720171
leaf_count=141 1367 715 4008 142 183451 618 18434 499 368 3524 92 22547 9485 146 5213 102 4210 145 660 240 78 570 615 18 300 23 1791 108 215 471
internal_value=0.000198357 -0.0136321 -0.0217347 -0.0308865 -0.0337165 -0.0374277 -0.0391949 0.0306626 0.0731321 0.0372573 -0.0166278 -0.0040662 -0.0155323 0.0084041 0.0401087 0.000162842 0.04124 0.0891624 0.0619202 0.307836 0.0459497 0.0369298 0.0289807 0.0642053 0.00849507 0.0490852 0.013042 0.0343459 0.0676157 0.0842405
internal_weight=317.235 261.059 239.448 207.702 202.684 192.033 190.07 10.6512 21.6115 31.7459 56.7728 40.9889 40.452 18.6735 10.0911 9.95263 5.02429 1.96293 7.39848 0.536893 28.7806 26.9662 26.0072 7.15851 5.68827 2.96518 18.8487 10.3931 5.95547 5.09741
internal_count=260296 258929 257846 249992 249850 244683 243920 5167 1083 7854 60469 42035 41703 19156 9671 9525 4312 763 1159 332 4330 4252 4111 911 893 593 3200 1409 794 579
is_linear=0
shrinkage=0.05


Tree=19
num_leaves=31
num_cat=0
split_feature=9 2 8 13 5 17 18 11 21 19 0 10 19 0 0 21 19 19 19 17 17 0 0 0 0 0 0 0 0 0
split_gain=101.749 57.0742 58.3887 21.3991 20.4405 20.8657 14.3977 13.0597 11.2863 10.5192 8.85585 8.71 7.65508 7.18138 51.8355 6.38957 6.33236 11.3596 6.51837 5.31113 4.86618 4.77604 10.7693 8.06315 14.8804 6.66859 13.4832 9.28263 18.3587 8.60178
threshold=1.0000000180025095e-35 5.5000000000000009 1.0000000180025095e-35 1.0000000180025095e-35 1.0000000180025095e-35 34.935554504394538 1.0000000180025095e-35 1.0000000180025095e-35 4.6959142684936532 9.190312862396242 5.0748298168182382 1.0000000180025095e-35 7.5507926940917978 3.034231543540955 3.049036026000977 7.5644977092742929 10.285048961639406 11.064232349395754 12.179728507995607 2.7889690399169926 1.9009867310523989 3.034231543540955 3.049036026000977 3.3986942768096928 3.4113126993179326 3.9063067436218266 3.9196934700012211 4.6051201820373544 4.6206989288330087 4.9965362548828134
decision_type=2 2 2 2 2 2 2 2 2 2 2 2 2 2 2 2 2 2 2 2 2 2 2 2 2 2 2 2 2 2
left_child=1 9 3 4 5 7 -7 -3 10 -1 -6 -11 -4 -10 20 -8 -16 19 -19 -18 -15 -13 -23 -24 -25 -26 -27 -28 -29 -30
right_child=-2 2 12 -5 8 6 15 -9 13 11 -12 21 -14 14 16 -17 17 18 -20 -21 -22 22 23 24 25 26 27 28 29 -31
leaf_value=0.12808413683781136 0.060071289300407497 -0.048954954908293734 0.080468823436636888 0.078795824737069531 -0.027197807126963198 -0.030006265850735715 -0.011904410914227778 0.045756401620012099 -0.041610940327195228 -0.037309606844445231 0.11538902515541057 -0.029542979937385069 0.012835269001212452 0.3091109009885587 -0.031573079030033722 0.20106716944744771 0.1228417488098425 -0.02607582346236988 0.057955233388719857 0.011733000176282633 0.023287906392468447 0.14503966466170512 -0.036488017337100588 0.15494994922505431 -0.036091234761286346 0.17324109541761801 -0.039314139774133346 0.17971950365289505 -0.040328810481185709 0.043518453787046413
leaf_weight=2.7033445380511685 57.469610868953168 129.58301391737768 12.552027256693693 3.4683466389542437 1.1840152827207924 1.2766014611115672 0.30611847731051944 2.9975920356810084 16.156066548428498 2.9283899428555769 2.1097682858817279 1.4340054087806517 6.6828439329401581 0.39199879579245944 22.392369141511153 0.7872645438183099 1.6019363083178206 13.553822279383892 1.7765553367789824 2.2360865726950578 0.36394378950353712 1.7703498695045734 2.5846690614707795 1.8549421511124844 2.5171645199297954 0.7775511884829055 3.5084766611689728 1.1410151596646745 3.4766037571243933 9.1616253143874911
leaf_count=271 1380 185638 139 769 1183 1073 83 75 18308 3576 108 573 894 152 22622 121 1533 13957 1357 2310 184 21 293 19 430 14 667 24 380 1654
internal_value=0.000599204 -0.0130784 -0.0224345 -0.03049 -0.0328056 -0.0436502 0.0817509 -0.0464871 -0.0087939 0.046459 0.0697363 0.0356132 0.0587662 -0.0143157 -0.00317465 0.164237 -0.0140872 0.00689239 -0.0133853 0.0739135 0.263132 0.0441964 0.0490641 0.0369609 0.0466177 0.0301274 0.0407632 0.0256575 0.0437414 0.0191874
internal_weight=310.748 253.279 219.42 200.185 196.717 134.951 2.36998 132.581 61.7666 33.8581 3.29378 31.1548 19.2349 58.4728 42.3167 1.09338 41.5608 19.1684 15.3304 3.83802 0.755943 28.2264 26.7924 25.022 22.4374 20.5824 18.0653 17.2877 13.7792 12.6382
internal_count=259808 258428 250506 249473 248704 186990 1277 185713 61714 7922 1291 7651 1033 60423 42115 204 41779 19157 15314 3843 336 4075 3502 3481 3188 3169 2739 2725 2058 2034
is_linear=0
shrinkage=0.05


Tree=20
num_leaves=31
num_cat=0
split_feature=9 2 8 11 21 0 0 10 0 0 0 0 0 0 15 0 21 16 11 2 0 0 2 0 0 0 0 0 0 0
split_gain=97.6881 56.5233 51.2573 17.8801 15.1633 8.03526 7.88244 7.23314 5.70485 10.4088 5.79375 11.3151 12.1517 11.7136 5.37536 4.7487 4.63108 4.46771 4.28976 5.04483 4.51755 15.9327 3.86234 2.67472 12.8622 6.41413 12.0022 8.03696 4.99078 6.02899
threshold=1.0000000180025095e-35 5.5000000000000009 1.0000000180025095e-35 1.0000000180025095e-35 4.6959142684936532 5.0748298168182382 3.034231543540955 1.0000000180025095e-35 3.049036026000977 3.3986942768096928 3.4113126993179326 3.9063067436218266 3.9196934700012211 4.6051201820373544 1.0000000180025095e-35 4.6051201820373544 8.0754270553588885 1.5000000000000002 1.0000000180025095e-35 3.5000000000000004 1.6686493158340456 5.0553855895996103 18.500000000000004 4.6206989288330087 4.9014525413513192 5.0156559944152841 5.5134489536285409 4.9965362548828134 5.5385539531707773 6.6350209712982187
decision_type=2 2 2 2 2 2 2 2 2 2 2 2 2 2 2 2 2 2 2 2 2 2 2 2 2 2 2 2 2 2
left_child=1 6 3 4 5 -3 -1 -6 -8 -10 -11 -12 -13 -14 -4 -5 23 -7 19 -2 -21 -22 -9 -15 -25 27 -27 -26 -28 -30
right_child=18 2 14 15 7 17 8 22 9 10 11 12 13 16 -16 -17 -18 -19 -20 20 21 -23 -24 24 25 26 28 -29 29 -31
leaf_value=-0.034595779640068845 0.082107449239225222 -0.037554679265468821 0.005821969400160506 -0.0058480510130727902 -0.049488251055603019 0.064700830712077967 0.11891660801367712 -0.031807975007537813 -0.037621739634160906 0.12051297917156741 -0.038114585469871579 0.17705602505452275 -0.03027521916934783 0.13316481108341452 0.067266721123712472 0.080437946977843261 -0.025856768357177887 -0.026315133728894314 0.090915489431128996 0.070171322164270911 -0.036790824033657153 0.048498119743309698 -0.0013687598760041889 -0.037282372077747816 0.017227242154999593 -0.027417745253998611 0.16102724382566977 0.2044105281851023 -0.0037765134655939007 0.086879055171862021
leaf_weight=2.2307378221885292 9.9227544125169498 3.0077043964411114 4.9030269796494421 2.2982322108000508 74.03592166985618 6.2248778623761609 2.1790322172455481 91.3531941549154 2.919027907424609 2.1146166549879153 3.1132949311286238 0.96159061911748978 3.9835812380770248 0.87463829421904016 14.286243901588021 3.4087308198213577 0.99862615915481079 1.0790862004505468 9.5021295212209207 8.7765724018681777 6.4286018625134629 21.451011400669813 11.850854136107953 2.5944575459579928 1.1000040180515491 3.1218520503607561 0.84934714448172588 0.94180475827306498 2.9897752440301701 3.4369301940314472
leaf_count=1642 62 4010 869 77 116025 504 41 115004 798 39 1112 36 1383 29 174 70 324 678 44 55 649 559 13065 429 125 647 40 33 864 354
internal_value=-0.000227239 -0.0138074 -0.0234641 -0.031252 -0.0339765 0.0231828 0.0447927 -0.0374133 0.0511731 0.0425751 0.0522515 0.0420513 0.0546404 0.0411751 0.052633 0.0499989 0.0587601 0.0497045 0.0587447 0.0504089 0.0398756 0.0282389 -0.0283593 0.0652867 0.053279 0.0735354 0.04871 0.142383 0.0807395 0.0498753
internal_weight=302.938 246.857 212.448 193.259 187.552 10.3117 34.4093 177.24 32.1786 29.9995 27.0805 24.9659 21.8526 20.891 19.1893 5.70696 16.9074 7.30396 56.0811 46.5789 36.6562 27.8796 103.204 15.9088 15.0342 12.4397 10.3979 2.04181 7.27605 6.42671
internal_count=259741 258372 250476 249433 249286 5192 7896 244094 6254 6213 5415 5376 4264 4228 1043 147 2845 1182 1369 1325 1263 1208 128069 2521 2492 2063 1905 158 1258 1218
is_linear=0
shrinkage=0.05


Tree=21
num_leaves=31
num_cat=0
split_feature=1 5 8 1 2 1 2 0 20 0 0 2 0 0 0 0 0 18 17 0 0 1 0 0 17 19 1 0 20 19
split_gain=88.0567 86.0733 49.5377 27.7913 33.1179 11.783 10.314 9.29635 8.25178 7.40937 11.8596 5.24685 5.00742 14.2649 32.7527 10.7388 10.5366 4.95236 4.69342 6.78779 27.0085 10.1123 4.27028 16.8144 4.19145 3.96176 7.68913 3.45716 3.3918 3.47293
threshold=9.4774923324584979 1.0000000180025095e-35 1.0000000180025095e-35 0.14287002384662631 7.5000000000000009 2.3422205448150639 21.500000000000004 3.034231543540955 1.0000000180025095e-35 3.049036026000977 3.3986942768096928 5.5000000000000009 3.4113126993179326 4.6051201820373544 4.6206989288330087 4.9965362548828134 5.0156559944152841 1.5000000000000002 2.7889690399169926 3.034231543540955 3.049036026000977 0.55580112338066112 3.9196934700012211 3.9063067436218266 2.4816431999206547 7.4052453041076669 4.6835310459136972 7.794163942337037 1.0000000180025095e-35 9.3016567230224627
decision_type=2 2 2 2 2 2 2 2 2 2 2 2 2 2 2 2 2 2 2 2 2 2 2 2 2 2 2 2 2 2
left_child=1 2 17 28 7 -4 8 -5 18 -9 -11 -2 -12 22 -15 -16 -17 -1 19 -6 21 -21 23 -14 -18 -7 -27 -13 29 -3
right_child=11 3 5 4 6 25 -8 9 -10 10 12 27 13 14 15 16 24 -19 -20 20 -22 -23 -24 -25 -26 26 -28 -29 -30 -31
leaf_value=-0.048940539810800023 0.091999325951197211 0.13708829733156555 -0.036739341251950407 -0.035314333471141712 -0.044759018934255018 0.088125833703935369 0.059047076393310839 0.13228605849418276 0.039332353382369657 -0.037999607135049629 0.11830921603944122 0.05386651761008307 -0.03773114819577162 0.24051526057155492 -0.029398621321687725 0.16122528629769869 -0.014606757971607568 0.051179811042206272 -0.0392641395282496 0.27213401847113089 -0.0088724062271909286 -0.011918232578859846 -0.036673642663673629 0.1388506420377639 0.055547883092467158 -0.032117011638303973 0.084052979366084191 -0.0070874242008752272 0.045828369022633458 0.057062752572044177
leaf_weight=122.91406588582322 11.898307756695429 3.317277017282322 2.6713929821853517 2.3761958278482771 8.3117965611163545 7.6564444005489332 3.7124512695590957 2.2143714651465443 4.8105373233556739 3.0410859455587369 2.4207899708999348 33.357250158616807 2.9772495352081041 1.5320364836952638 3.5503480952465898 1.319763128645717 2.6635648432420549 0.48198722128290583 24.971076976158656 0.24121288792230444 19.565989689843263 0.31171719916164875 4.3183752927579917 1.0863528632908126 5.4235868148971349 2.4145072428509597 1.5229411607142536 2.2616333783953442 10.257391840219498 5.9980238518328406
leaf_count=185233 348 264 857 1753 10241 36 1286 47 23 826 34 7960 985 30 394 33 219 454 26135 68 19690 110 1133 40 371 101 35 813 51 471
internal_value=0.000423499 -0.011407 -0.0379212 0.0205446 0.00901633 0.0478451 -0.0125554 0.0487638 -0.0180419 0.056216 0.0459637 0.0621269 0.0571206 0.0459594 0.074408 0.0389428 0.0650825 -0.0481412 -0.0238383 -0.0094158 0.00661365 0.207442 -0.00590696 0.0275743 0.0333772 0.0687042 0.0207388 0.0499084 0.0732565 0.0960878
internal_weight=299.6 252.083 137.661 114.421 94.8485 14.2653 61.9248 32.9237 58.2123 30.5475 28.3332 47.5172 25.2921 22.8713 14.4893 12.9573 9.40691 123.396 53.4018 28.4307 20.1189 0.55293 8.38198 4.0636 8.08715 11.5939 3.93745 35.6189 19.5727 9.3153
internal_count=260041 250920 186716 64204 63418 1029 57553 5865 56267 4112 4065 9121 3239 3205 1047 1017 623 185687 56244 30109 19868 178 2158 1025 590 172 136 8773 786 735
is_linear=0
shrinkage=0.05


Tree=22
num_leaves=31
num_cat=0
split_feature=18 1 5 8 4 12 13 19 0 0 1 0 0 0 0 0 0 0 0 21 21 19 21 1 0 1 1 16 0 0
split_gain=85.4626 41.5882 39.3833 30.2941 17.0289 33.0232 12.6153 9.53835 8.62445 33.2498 15.4191 11.3391 36.0847 15.1431 81.8168 18.653 46.308 10.5309 15.9235 7.79268 16.0065 6.99256 5.75945 5.74402 8.46656 4.87638 6.08108 4.4544 3.97985 8.68851
threshold=1.0000000180025095e-35 6.4660279750823983 1.0000000180025095e-35 1.0000000180025095e-35 1.0000000180025095e-35 1.0000000180025095e-35 1.0000000180025095e-35 7.5507926940917978 3.034231543540955 3.049036026000977 0.11797450482845308 3.3986942768096928 3.4113126993179326 3.9063067436218266 3.9196934700012211 4.6051201820373544 4.6206989288330087 4.9965362548828134 5.0156559944152841 7.5809547901153573 7.5451252460479745 9.6790695190429705 7.9741888046264657 6.9958300590515146 1.54862517118454 6.4660279750823983 0.14287002384662631 4.5000000000000009 5.5134489536285409 5.5642714500427255
decision_type=2 2 2 2 2 2 2 2 2 2 2 2 2 2 2 2 2 2 2 2 2 2 2 2 2 2 2 2 2 2
left_child=1 2 3 -1 -3 6 -6 -5 10 -10 -4 -11 22 -14 -15 -16 21 -18 -19 20 23 -17 -13 24 -2 26 -21 28 -20 -30
right_child=19 4 8 7 5 -7 -8 -9 9 11 -12 12 13 14 15 16 17 18 27 25 -22 -23 -24 -25 -26 -27 -28 -29 29 -31
leaf_value=-0.049656029525465217 0.05351450891258254 0.073477030568085619 0.061924753435842306 0.073517929649304231 -0.047688916469339926 0.077729240606926042 0.067319728713576832 -0.014967836931343022 0.15009567295705165 -0.045146375754837181 -0.044808442350342717 0.19388468287527741 -0.046201937253553191 0.31427209583287041 -0.046669568287461417 0.013564263721904763 -0.044468395325662775 0.16596843613759044 -0.041299952297377651 0.069652132395739627 -0.091275929235180339 0.2746296131694283 0.022753229818804711 0.064465406862781668 -0.024336177759022172 0.09455261873601388 0.0091042772649962168 0.056392109940092784 0.10813709583132854 -0.024798055754228186
leaf_weight=104.14968040434178 6.0902487470302784 14.51367512566503 3.3146732752211419 5.9443842843174917 15.883493732952047 9.6399986199103314 1.8803210291080183 4.9163867412717082 3.1610582441207944 8.943437342415562 15.786927480483426 1.9903321407036849 11.592250193760263 1.1808180667576369 12.903173764119854 0.41930699482327571 6.8137933759135221 0.82938788807950814 4.3715233958209847 11.61363365175203 1.5022458682069544 0.98193864058703184 0.94152821734314773 13.215585664962417 6.0339284529327415 13.479059175355358 6.6802083232905707 2.1197536379331714 0.85146363108651746 2.8666596785769798
leaf_count=169559 49 2474 295 106 14850 2309 14 910 347 8068 18139 276 10972 282 11223 85 3871 145 2550 77 201 141 65 763 4841 821 4256 698 169 1520
internal_value=0.000397754 -0.0130644 -0.0228211 -0.0413698 0.0315882 0.00759708 -0.0325762 0.0355779 0.00433927 0.0136542 -0.024128 0.0035964 0.013442 0.000715121 0.0178996 -0.00213344 0.0285436 0.00077262 0.0300722 0.0539092 0.0321913 0.234691 0.158692 0.0426984 0.0158678 0.0707146 0.0491602 0.00521099 -0.0129287 0.0221118
internal_weight=294.611 235.996 194.078 115.01 41.9175 27.4038 17.7638 10.8608 79.068 59.9664 19.1016 56.8054 47.8619 44.9301 33.3378 32.157 19.2538 17.8526 11.0388 58.6149 26.842 1.40125 2.93186 25.3398 12.1242 31.7729 18.2938 10.2094 8.08965 3.71812
internal_count=260076 249068 229421 170575 19647 17173 14864 1016 58846 40412 18434 40065 31997 31656 20684 20402 9179 8953 5082 11008 5854 226 341 5653 4890 5154 4333 4937 4239 1689
is_linear=0
shrinkage=0.05


Tree=23
num_leaves=31
num_cat=0
split_feature=9 1 2 17 8 4 12 13 1 10 4 17 0 0 1 4 0 0 0 1 0 2 1 0 21 21 1 0 2 2
split_gain=75.956 53.9929 44.0547 18.4709 13.5103 11.6193 18.5032 8.76167 7.85344 7.53615 10.401 6.89562 8.44994 31.1531 6.06271 5.17299 5.59497 7.82681 6.88558 5.08644 4.91876 4.7584 5.34738 7.72241 7.66382 11.9487 4.21544 5.7516 6.21339 3.87865
threshold=1.0000000180025095e-35 6.4660279750823983 4.5000000000000009 22.001013755798343 1.0000000180025095e-35 1.0000000180025095e-35 1.0000000180025095e-35 1.0000000180025095e-35 3.6215983629226689 1.0000000180025095e-35 1.0000000180025095e-35 2.7889690399169926 3.034231543540955 3.049036026000977 1.4000559449195864 1.0000000180025095e-35 3.034231543540955 3.049036026000977 3.3986942768096928 1.4545075297355654 1.3596928715705874 9.5000000000000018 0.16113296151161197 5.4649541378021249 6.7804899215698251 7.6184968948364267 2.900287508964539 4.6206989288330087 11.500000000000002 21.500000000000004
decision_type=2 2 2 2 2 2 2 2 2 2 2 2 2 2 2 2 2 2 2 2 2 2 2 2 2 2 2 2 2 2
left_child=1 2 15 5 9 -3 7 -7 -6 -4 11 12 20 -14 -15 16 -1 -18 -19 -16 -11 -2 -23 29 -25 -26 -21 28 -28 -24
right_child=21 3 4 -5 8 6 -8 -9 -10 10 -12 -13 13 14 19 -17 17 18 -20 26 -22 22 23 24 25 -27 27 -29 -30 -31
leaf_value=-0.031507752978530569 0.071012421966522521 0.057493372642164753 -0.049330376096748563 0.10790347841602661 -0.024651931979470264 -0.040989508618079082 0.062811503372998886 0.058620888185258235 0.057518227347235357 0.062215838218125111 -0.048531574539357358 -0.031982743211875636 0.21498699280224259 -0.019688726676561311 0.11883563880287887 -0.032313708934640965 0.12210684409023392 -0.035180008726661556 0.045658005315521479 -0.015039100233782616 -0.044902402996074731 0.065399429497573214 -0.036374997864472923 0.10074294661967104 -0.067848230761629727 0.048958520279955627 0.15824600999869698 -0.0037926107311777959 -0.016552905468561013 0.047323208171864306
leaf_weight=1.6953607341274679 25.423032075166702 13.896618498314636 63.767376743373461 6.9435486445436245 4.4461171453003754 14.784222760761626 7.2377849626354864 1.668886678817217 5.5512410956434906 0.33128499041777359 31.250153488945216 23.633036911836825 0.88405609480105596 12.113193916506136 0.47907096281414663 1.8187300692661654 2.3625850972603102 2.301744329219221 18.190730749804061 4.6836132818716578 8.5867485101916809 10.505028732586654 5.7834711156319853 3.0103836650960138 2.1827933791792002 6.157608890440315 0.62699821882415585 2.1998422318720259 0.4889413844794035 0.82818839419633139
leaf_count=1398 292 2469 117178 923 904 15358 2289 12 67 190 52434 28441 195 13984 410 1441 33 650 2526 4722 11271 58 617 59 112 177 173 1343 325 16
internal_value=0.00192026 -0.0106525 -0.022534 0.0382263 -0.0324617 0.0228921 0.00108917 -0.0281059 0.0220561 -0.0362412 -0.0259952 -0.0123146 0.0035102 0.0203704 0.00244501 0.0363417 0.0424934 0.0490734 0.0353638 0.0328085 -0.0350514 0.0547827 0.0383707 0.0199481 0.0436002 0.0143976 0.0150241 0.0511342 0.110031 -0.021051
internal_weight=283.832 229.942 185.411 44.5311 159.042 37.5875 23.6909 16.4531 9.99736 149.044 85.2769 54.0268 30.3937 21.4757 20.5917 26.3692 24.5504 22.8551 20.4925 8.47847 8.91803 53.8905 28.4675 17.9624 11.3508 8.3404 7.9994 3.31578 1.11594 6.61166
internal_count=260067 258736 237685 21051 231637 20128 17659 15370 971 230666 113488 61054 32613 21152 20957 6048 4607 3209 3176 6973 11461 1331 1039 981 348 289 6563 1841 498 633
is_linear=0
shrinkage=0.05


Tree=24
num_leaves=31
num_cat=0
split_feature=1 5 8 9 0 0 1 11 18 4 13 1 0 0 0 0 0 0 21 21 8 1 21 0 0 0 0 0 0 8
split_gain=79.0848 66.9477 36.6167 26.4838 15.6006 40.4671 15.5958 10.1688 16.0874 24.268 17.9739 10.0603 9.15153 28.7371 11.9257 51.4742 14.5554 46.9704 12.1073 7.98939 7.10294 6.46835 5.54716 5.34303 16.0778 4.27017 6.91171 3.58501 14.5102 2.38359
threshold=7.6320796012878427 1.0000000180025095e-35 1.0000000180025095e-35 1.0000000180025095e-35 3.034231543540955 3.049036026000977 0.59317052364349376 1.0000000180025095e-35 1.0000000180025095e-35 1.0000000180025095e-35 1.0000000180025095e-35 2.6667716503143315 3.3986942768096928 3.4113126993179326 3.9063067436218266 3.9196934700012211 4.6051201820373544 4.6206989288330087 7.8286354541778573 6.550363540649415 1.0000000180025095e-35 0.75303038954734813 7.9741888046264657 4.9965362548828134 5.0156559944152841 1.3596928715705874 5.1770250797271737 5.5134489536285409 5.5385539531707773 1.0000000180025095e-35
decision_type=2 2 2 2 2 2 2 2 2 2 2 2 2 2 2 2 2 2 2 2 2 2 2 2 2 2 2 2 2 2
left_child=1 2 -1 4 -3 6 -6 8 9 -2 -11 -4 -7 22 -15 18 -17 19 -16 -18 -5 -8 -14 -19 -25 -22 -27 -26 -29 -10
right_child=7 3 11 20 5 12 21 -9 29 10 -12 -13 13 14 15 16 17 23 -20 -21 25 -23 -24 24 27 26 -28 28 -30 -31
leaf_value=-0.04871238590732524 0.067200244093329711 -0.043855380179337711 -0.027953817321612225 0.1004451670297206 0.23381083363125713 -0.044997132699665113 -0.031848160340609603 0.10414212151892632 0.093254926217308978 -0.047217066758822257 0.063159484461944873 0.066951720356335467 0.16940617062896257 -0.046018825115139043 0.26129122107907782 -0.045592753061600183 -0.013419301730811446 -0.044036358576941367 -0.014283286361093064 0.21738911894597482 0.055704184507324707 0.091129157410071424 0.017610512941611332 0.12323199900054201 -0.041013791911955852 -0.038794106898248665 0.044569641102139422 0.12891168006170498 -0.033064018999426285 0.051763958497394291
leaf_weight=103.38430616771802 12.592195801844356 14.897980460431425 3.2632669919985338 6.425893202424052 1.6080068214796472 8.667591995908877 1.2278869237052279 7.246838003396987 9.6904577066889033 13.878955862019213 3.9629048752831286 8.7426905666943622 2.0641299438429992 11.098299860954283 1.3767232399550255 12.78653800964821 0.30051167582860516 6.4335864029126268 0.35940924490569148 2.0421303053153679 13.63861019164324 1.3992292017210273 1.0657530387397853 1.516740605351514 5.5440219441079517 3.418265432585029 4.7447401958052069 0.91359092568745826 4.0590946346055716 14.433915816247463
leaf_count=180004 1635 19339 881 35 173 8604 81 41 1189 12056 156 137 306 11626 215 11982 40 4229 91 190 70 120 69 178 3299 456 81 111 2266 79
internal_value=0.00108518 -0.0129339 -0.0391072 0.0157675 0.000442436 0.0115324 0.144689 0.050617 0.0417609 0.0166798 -0.0206501 0.0409901 -0.000431958 0.00809782 -0.00307885 0.0113045 -0.00551743 0.0200683 0.219872 0.192624 0.0563156 0.0407171 0.134498 -0.0105918 0.00929593 0.039474 0.00923696 -0.0164096 0.0132956 0.0714787
internal_weight=282.784 220.979 115.39 105.589 77.3612 62.4632 4.23512 61.8053 54.5584 30.4341 17.8419 12.006 58.2281 49.5605 46.4306 35.3323 33.5962 20.8097 1.73613 2.34264 28.2275 2.62712 3.12988 18.467 12.0334 21.8016 8.16301 10.5167 4.97269 24.1244
internal_count=259739 244583 181022 63561 62919 43580 374 15156 15115 13847 12212 1018 43206 34602 34227 22601 22295 10313 306 230 642 201 375 10083 5854 607 537 5676 2377 1268
is_linear=0
shrinkage=0.05


Tree=25
num_leaves=31
num_cat=0
split_feature=1 5 8 9 17 11 4 13 1 3 8 0 0 0 0 0 16 0 16 0 1 8 17 1 7 0 0 0 0 0
split_gain=71.6885 56.6544 28.6608 27.6561 14.6356 21.7067 13.9918 27.0192 11.2595 9.79282 8.95781 5.31726 6.12864 45.3832 5.3108 19.766 5.07597 4.15875 4.6612 4.13793 6.5332 2.6718 2.62587 2.49135 2.45982 2.48904 4.84596 4.35903 6.33953 4.07704
threshold=6.4660279750823983 1.0000000180025095e-35 1.0000000180025095e-35 1.0000000180025095e-35 24.707138061523441 1.0000000180025095e-35 1.0000000180025095e-35 1.0000000180025095e-35 2.6667716503143315 1.0000000180025095e-35 1.0000000180025095e-35 1.3596928715705874 3.9063067436218266 3.9196934700012211 4.6051201820373544 4.6206989288330087 6.5000000000000009 6.1953334808349618 6.5000000000000009 1.3596928715705874 2.4987462759017949 1.0000000180025095e-35 17.125852584838871 19.637836456298832 1.0000000180025095e-35 3.3986942768096928 3.9196934700012211 4.6051201820373544 4.6206989288330087 4.9965362548828134
decision_type=2 2 2 2 2 2 2 2 2 2 2 2 2 2 2 2 2 2 2 2 2 2 2 2 2 2 2 2 2 2
left_child=1 2 -1 9 5 6 17 22 -4 11 -5 -3 -13 -14 -15 -16 21 18 -2 -12 -21 -6 -8 -24 25 -11 -27 -28 -29 -30
right_child=4 3 8 10 16 -7 7 -9 -10 24 19 12 13 14 15 -17 -18 -19 -20 20 -22 -23 23 -25 -26 26 27 28 29 -31
leaf_value=-0.049609009071164785 0.074990961194215208 0.074371467872369479 -0.038535670574849815 0.10324449075746717 0.14010129372751109 0.10128639245301363 -0.045170170310394296 0.07987914418328447 0.06470801811300872 -0.0027019441428878903 0.051100906058245334 -0.033578025589814701 0.2554725837472373 -0.043825129657769968 0.15634632825164319 -0.020756620469014487 0.047566628232438408 0.01588691536562245 -0.034232528462534322 -0.043785074249689387 0.041291375591471932 0.062076827804954215 -0.023573985566409102 0.069212022279490165 -0.029910706567950848 0.064951477276031205 -0.036401198610775315 0.095880900138887407 -0.037686581636980902 0.032944508633779068
leaf_weight=93.865616051858524 8.9684441909193993 0.59572788776131247 3.0287617538124305 6.3452113419771221 4.0575303607620317 7.3978973571211091 17.516789109533427 5.1430528076598412 7.6011913346592337 5.7340724047389875 12.697797993198039 29.135029732016847 0.63391620799666526 9.2595580088673177 0.8561229599872594 9.4723516131634806 10.319798642885869 8.0083662167307903 0.51341849734308276 3.0884190204087636 4.0442438237369061 5.2387269362807274 0.88784160328213946 0.25691357417963445 1.3533480069017958 6.6836996427737203 2.586605095304547 1.546118840575218 2.6570401946082711 3.6333161732181907
leaf_count=174215 1588 295 866 35 401 50 16837 225 122 772 67 38965 309 11524 223 9528 327 926 27 448 81 29 907 42 186 344 351 11 112 150
internal_value=-0.000402974 -0.0152124 -0.0408062 0.0115857 0.0435806 0.027896 0.0126643 -0.0122242 0.034507 -0.00417457 0.0547399 -0.0167327 -0.0192874 0.00191414 -0.0183018 0.0064287 0.0792728 0.0453672 0.0663751 0.0350084 0.00359932 0.106432 -0.0403792 0.0198109 0.0213887 0.0255553 0.0346531 0.0112394 0.0293041 0.00203296
internal_weight=273.127 204.818 104.496 100.323 68.3088 48.6927 41.2948 23.8046 10.63 74.1469 26.1757 49.9527 49.357 20.2219 19.588 10.3285 19.6161 17.4902 9.48186 19.8305 7.13266 9.29626 18.6615 1.14476 24.1942 22.8409 17.1068 10.4231 7.83648 6.29036
internal_count=259963 238604 175203 63401 21359 20602 20552 18011 988 62770 631 60844 60549 21584 21275 9751 757 2541 1615 596 529 430 17786 949 1926 1740 968 624 273 262
is_linear=0
shrinkage=0.05


Tree=26
num_leaves=31
num_cat=0
split_feature=9 1 2 4 5 15 1 7 19 1 19 0 0 0 0 19 21 0 0 1 19 19 1 18 19 2 2 0 0 0
split_gain=60.8182 45.0067 24.7526 8.70673 7.6278 11.7882 7.54783 5.22476 7.12918 5.16195 7.31296 8.25948 27.8372 6.38067 47.03 5.20775 5.02775 6.79674 11.1019 6.93033 5.47973 4.44855 4.42057 4.35896 4.32746 5.74309 4.46454 3.96522 3.74338 9.2308
threshold=1.0000000180025095e-35 7.8685159683227548 5.5000000000000009 1.0000000180025095e-35 1.0000000180025095e-35 1.5000000000000002 12.888023376464846 1.0000000180025095e-35 8.5508441925048846 0.14287002384662631 9.0410933494567889 3.034231543540955 3.049036026000977 3.9063067436218266 3.9196934700012211 11.590451717376711 7.8125805854797372 4.6051201820373544 5.0156559944152841 1.4355666637420657 9.1155786514282244 10.723247051239015 2.7537297010421757 1.5000000000000002 7.2364459037780771 15.500000000000002 18.500000000000004 7.5379920005798349 5.0156559944152841 4.9965362548828134
decision_type=2 2 2 2 2 2 2 2 2 2 2 2 2 2 2 2 2 2 2 2 2 2 2 2 2 2 2 2 2 2
left_child=1 2 28 -3 5 7 23 -4 22 -6 -11 -12 15 -14 -15 -13 20 -18 19 -19 -16 -21 -9 -5 25 27 -26 -8 29 -1
right_child=-2 3 4 6 9 -7 24 8 -10 10 11 12 13 14 16 -17 17 18 -20 21 -22 -23 -24 -25 26 -27 -28 -29 -30 -31
leaf_value=0.014622505340881303 0.046371701662297121 0.063844025246538011 -0.046957429922859645 -0.033283532672075615 0.05981530698329407 0.040453033086915217 0.17624212081594559 -0.026819624857702631 -0.041743065303641545 -0.046322690786993609 -0.044751684353627391 0.20927987405738549 -0.032766173670343811 0.28148106813308055 0.072020829574448705 -0.0091803306526204963 -0.03295315185303737 -0.013703861776377972 -0.027191652901302706 -0.0074580938594037225 -0.044667598237763444 0.22095353438058379 0.069261438893998287 0.068245482154827578 0.0041233587362660027 -0.018834517570482448 0.07254343050280905 0.0095205446393649938 -0.016961747807660656 0.11450573246164981
leaf_weight=24.173116392921663 54.761665708618239 15.95824854436796 83.946747460082406 7.5390562803368093 1.2597229980747204 3.6559417526586904 0.54324316146085105 1.1402521372365284 4.8958053638052661 14.651361588155849 8.3731131780659762 0.92750939063262439 10.528713850828355 0.50816393201239307 0.22869480849476431 0.22323604673147202 1.9267256275052194 0.37702324538258858 1.1858118045493027 0.17507718218257651 8.1791900040116143 0.47527491074288264 2.617210192111088 0.26424091472290445 9.7758003931958211 0.56587606063112605 2.2125587412156156 0.62105103832436725 5.9018946052528909 1.6202007701504033
leaf_count=5729 1374 1521 163824 8785 680 1112 128 1847 8700 19113 12989 215 13887 203 243 40 2557 460 1155 175 9201 356 525 57 2927 76 350 71 1651 40
internal_value=-0.000170182 -0.0122151 -0.0227673 0.0369064 -0.0314677 -0.0396224 0.0149844 -0.0431822 -0.00548794 -0.0149831 -0.0181423 -0.0046793 0.0100973 -0.00538144 0.0174624 0.182336 -0.0132175 0.0277149 0.0743489 0.147152 -0.0341757 0.192203 0.0405957 -0.0224838 0.0363764 0.0944722 0.0213639 0.1328 0.0168543 0.0249361
internal_weight=269.213 214.451 176.971 37.4801 145.276 96.256 21.5218 92.6 8.65327 49.0196 47.7599 33.1085 24.7354 23.5847 13.056 1.15075 12.5478 4.13991 2.21319 1.02738 8.40788 0.650352 3.75746 7.8033 13.7185 1.73017 11.9884 1.16429 31.6952 25.7933
internal_count=259991 258617 244702 13915 237282 176008 12394 174896 11072 61274 60594 41481 28492 28237 14350 255 14147 4703 2146 991 9444 531 2372 8842 3552 275 3277 199 7420 5769
is_linear=0
shrinkage=0.05


Tree=27
num_leaves=31
num_cat=0
split_feature=1 5 8 9 0 0 1 0 0 0 0 0 0 8 0 0 2 11 17 5 1 18 1 2 0 0 2 1 2 17
split_gain=55.9385 52.5276 39.0079 14.8568 14.877 15.9235 10.8924 9.94962 19.9349 14.0934 59.483 13.3844 32.7514 7.31726 6.77074 22.0654 5.60303 7.77538 11.2482 8.93055 5.52827 5.10312 4.01714 3.76933 3.31185 6.72647 3.25123 2.31706 3.12134 2.65036
threshold=9.0877089500427264 1.0000000180025095e-35 1.0000000180025095e-35 1.0000000180025095e-35 3.034231543540955 3.049036026000977 2.6667716503143315 3.3986942768096928 3.4113126993179326 3.9063067436218266 3.9196934700012211 4.6051201820373544 4.6206989288330087 1.0000000180025095e-35 4.9965362548828134 5.0156559944152841 5.5000000000000009 1.0000000180025095e-35 24.707138061523441 1.0000000180025095e-35 0.59317052364349376 1.5000000000000002 0.84146595001220714 16.500000000000004 1.3596928715705874 5.0949459075927743 2.5000000000000004 19.637836456298832 15.500000000000002 8.4724421501159686
decision_type=2 2 2 2 2 2 2 2 2 2 2 2 2 2 2 2 2 2 2 2 2 2 2 2 2 2 2 2 2 2
left_child=1 2 21 4 -3 20 -4 -7 -9 -10 -11 -12 -13 -5 -14 -16 -2 18 19 27 26 -1 -22 -21 -15 -26 -6 29 -29 -18
right_child=16 3 6 13 5 7 -8 8 9 10 11 12 14 24 15 -17 17 -19 -20 23 22 -23 -24 -25 25 -27 -28 28 -30 -31
leaf_value=-0.048597050632521711 0.078831306296445039 -0.043497891428878548 -0.037782068436864172 0.08932670156665555 0.022009251465873458 -0.044595388718487589 0.062095629395108959 0.11650137710956479 -0.045748687965635783 0.21316180418252606 -0.044778377759239291 0.16702473493691122 -0.04373926360679866 0.045312568241481527 0.13306858930106044 -0.016208979567973788 -0.04405288043253644 0.092552378790929993 0.066924826315784822 0.010935443557578304 -0.030896276305748482 0.054319704601563171 0.063633818798105549 0.08753846315258311 -0.037065218064881091 0.037320709283958857 0.16240772815153071 -0.022735629394595752 0.040474397421594283 0.0063477004216587023
leaf_weight=93.661324627464637 10.851118266116826 13.715713615179991 2.8046379237202919 6.003982778638604 0.91727585345506613 7.9691417552530757 10.913349010748787 3.2278416059561996 10.353182206512427 2.5281127452617502 11.263589654583482 2.2486424076487337 6.1762140275677693 11.783603445161136 2.1411679121083571 10.923468769353347 6.7620436503493746 4.4882913120090953 10.310589323693419 3.4135989916976532 1.2116544171003627 0.43725581490434606 1.5179699787404386 2.7099859116133302 4.2442169381538388 6.269758646376431 1.5496214373270047 2.988724250579252 2.9079446413670667 3.5872154417447746
leaf_count=184502 362 19385 878 33 6 8633 148 361 11743 315 12042 245 4295 66 180 5876 6386 25 345 289 110 448 93 91 469 103 169 584 263 1825
internal_value=-0.000689525 -0.0117763 -0.0360806 0.0135127 0.00179303 0.0123391 0.040496 0.00396902 0.0126251 0.00293704 0.0180909 -0.00283526 0.0201625 0.0437463 -0.00440489 0.0159779 0.0474678 0.0364859 0.0262664 0.00546415 0.0884645 -0.0475527 0.0246395 0.0523656 0.0281657 0.00668184 0.131609 -0.0142258 0.00978524 -0.0275632
internal_weight=259.881 211.862 107.817 104.045 75.7436 62.0279 13.718 56.8314 48.8622 45.6344 35.2812 32.7531 21.4895 28.3016 19.2409 13.0646 48.0195 37.1684 32.6801 22.3695 5.19652 94.0986 2.72962 6.12358 22.2976 10.514 2.4669 16.2459 5.89667 10.3493
internal_count=260270 250100 185976 64124 63453 44068 1026 43690 35057 34696 22953 22638 10596 671 10351 6056 10170 9808 9783 9438 378 184950 203 380 638 572 175 9058 847 8211
is_linear=0
shrinkage=0.05


Tree=28
num_leaves=31
num_cat=0
split_feature=18 11 5 15 13 0 0 0 0 0 21 2 0 0 0 0 17 2 0 0 0 0 7 17 0 2 9 0 16 0
split_gain=59.5171 35.8197 28.2318 21.3527 19.1178 18.3692 14.8149 14.4032 29.1392 11.103 10.3458 8.93522 7.54159 22.705 6.5886 26.6883 5.33756 5.30543 4.6699 9.65263 22.0109 12.2817 4.65358 13.0181 7.72084 5.87909 5.05353 3.6578 3.67167 4.66901
threshold=1.0000000180025095e-35 1.0000000180025095e-35 1.0000000180025095e-35 1.0000000180025095e-35 1.0000000180025095e-35 3.034231543540955 3.049036026000977 4.6051201820373544 4.6206989288330087 4.2269067764282235 4.6959142684936532 2.5000000000000004 3.9196934700012211 3.9063067436218266 3.4113126993179326 3.3986942768096928 7.3821370601654062 7.5000000000000009 4.9965362548828134 5.5385539531707773 5.5134489536285409 5.0156559944152841 1.0000000180025095e-35 16.389547348022464 5.4649541378021249 19.500000000000004 1.0000000180025095e-35 7.794163942337037 7.5000000000000009 6.6350209712982187
decision_type=2 2 2 2 2 2 2 2 2 2 2 2 2 2 2 2 2 2 2 2 2 2 2 2 2 2 2 2 2 2
left_child=1 2 3 4 -1 -4 11 12 -9 -5 -10 -7 13 14 15 -8 -11 -2 -12 20 21 -20 23 26 -25 -24 -19 28 29 -26
right_child=17 -3 5 9 -6 6 7 8 10 16 18 -13 -14 -15 -16 -17 -18 22 19 -21 -22 -23 25 24 27 -27 -28 -29 -30 -31
leaf_value=-0.045408002204476709 0.074869509050065411 0.067324143747645185 -0.046448069578546677 -0.036353377321435829 0.050719708312914939 -0.0022550945529040823 -0.043953898228419302 0.15817599852793729 0.079239468924793388 -0.015124435456798389 -0.035972355387985849 0.13184973013637077 -0.045618852822290133 0.11126737214918946 -0.045289315502945238 0.1105040479136741 0.061679085982432214 -0.046684776069947538 0.097300908667389066 -0.035034955210309658 0.18996430695510297 -0.030787620157979929 0.075278235992974757 -0.033379021588736589 0.032978379611100332 0.0082538556185585595 0.016696265265205401 -0.01737542880990153 0.01590017597601109 0.15209463557689568
leaf_weight=94.111931721592555 15.142276406986637 12.815541138872502 12.24501940893242 5.2751427065813941 4.6656951609766102 1.7036369144916523 7.1003380336915196 3.2212881154846427 3.947630813636354 2.4682257357926565 5.760682865802667 3.2774486538255587 10.023392256873192 3.1419531425926825 9.3586939814849739 3.2808709014207125 9.1897405050985963 5.4725638287491183 1.5733916375320385 5.2720848451135671 1.057933739502914 5.8763179348316044 11.038532871869391 1.1522598236915644 2.0069587487378158 4.8619987634592681 5.3601412181742489 0.51068549882620562 1.600698087539058 2.3967331692110747
leaf_count=175509 618 186 18263 9207 731 11 8134 221 191 2028 3819 332 11134 290 11035 338 1596 7670 168 2429 114 3095 487 895 548 47 92 58 276 286
internal_value=0.00135905 -0.0105563 -0.0160608 -0.0315615 -0.0404047 0.0073866 0.0181442 0.0104315 0.037043 0.0194008 0.0146492 0.0932746 -0.0116246 0.00455317 -0.0169782 0.0102812 0.045508 0.0499825 -0.00162207 0.0142005 0.045187 0.0045786 0.0372224 0.0186191 0.064501 0.0564848 -0.0165625 0.0839502 0.0938185 0.113957
internal_weight=254.91 205.367 192.551 115.711 98.7776 76.8407 64.5957 59.6146 26.7093 16.9331 23.488 4.98109 32.9052 22.8819 19.7399 10.3812 11.658 49.5428 19.5404 13.7797 8.50764 7.44971 34.4006 18.5 7.66734 15.9005 10.8327 6.51508 6.00439 4.40369
internal_count=259808 248831 248645 189071 176240 59574 41311 40968 10037 12831 9816 343 30931 19797 19507 8472 3624 10977 9625 5806 3377 3263 10359 9825 2063 534 7762 1168 1110 834
is_linear=0
shrinkage=0.05


Tree=29
num_leaves=31
num_cat=0
split_feature=18 11 5 15 1 0 0 1 0 0 0 0 0 0 1 2 2 2 21 21 17 1 0 0 2 0 17 19 2 1
split_gain=46.3019 36.0131 25.0676 18.9501 16.9736 16.4396 11.387 10.5811 10.0603 11.6393 14.114 32.9681 15.3057 18.9466 9.51923 8.44225 8.39986 6.6251 6.51893 4.9573 4.64794 4.35782 7.70009 4.05639 3.83955 5.22305 4.26115 3.45507 3.41322 3.38661
threshold=1.0000000180025095e-35 1.0000000180025095e-35 1.0000000180025095e-35 1.0000000180025095e-35 2.3422205448150639 3.034231543540955 3.049036026000977 19.637836456298832 3.3986942768096928 3.4113126993179326 3.9063067436218266 3.9196934700012211 4.6051201820373544 4.6206989288330087 11.887571334838869 9.5000000000000018 2.5000000000000004 13.500000000000002 8.0389957427978533 4.6959142684936532 7.3821370601654062 12.888023376464846 1.54862517118454 5.2176222801208505 4.5000000000000009 4.9965362548828134 1.445408880710602 11.088924407958986 21.500000000000004 2.4566701650619511
decision_type=2 2 2 2 2 2 2 2 2 2 2 2 2 2 2 2 2 2 2 2 2 2 2 2 2 2 2 2 2 2
left_child=1 2 3 7 -5 -4 16 -1 -8 18 -11 -12 -13 -14 24 -2 -7 -17 -10 -9 -6 22 -19 -24 25 -15 -27 -18 -26 -3
right_child=15 29 5 4 20 6 8 19 9 10 11 12 13 14 -16 17 27 21 -20 -21 -22 -23 23 -25 28 26 -28 -29 -30 -31
leaf_value=-0.044474361536903956 0.068127685678445515 0.025726311289678311 -0.046264245626456875 -0.043622101855989387 -0.012438571710026611 -0.005459886657732926 -0.043806536266991505 0.04667739752184176 0.11064274519518201 -0.045034812094028542 0.15349168591990781 -0.045385681027460191 0.11989060645585466 -0.03606395918860051 0.075887094494077767 -0.018287077003442523 0.1530781438887347 0.054795815199933734 -0.024641081662512134 -0.03395485648402552 0.070186976695940317 0.074905138887197062 -0.044089594657185933 0.017627220174520241 -0.033526179179289899 -0.016655352291512705 0.066502104294708222 0.029692533396227849 0.049654523069282946 0.081120255940149377
leaf_weight=88.082019065885106 19.859983084461419 5.6012400910258284 11.707946065987924 6.1087361097743296 1.7534753891814023 1.8576342612504948 6.9116615715320213 4.3440585099160662 3.5286244392627841 8.8474985318607633 3.2514511268818742 9.5118865378317405 3.4667524499818709 2.3142020960804137 3.0900251958519211 6.3049773628008579 1.8831701800227167 8.3380998650100135 0.71189293405041087 2.0889200267265551 8.237292431178501 4.9986260971054426 3.6266312101215572 5.3828268025827128 10.558280141383872 1.7673136384692041 3.8250566727947444 1.4386772729922084 0.49457266804529432 8.9431407116353494
leaf_count=175403 1344 101 18340 11466 839 12 8165 31 294 10920 294 11127 217 109 174 3805 189 70 49 804 456 191 3161 2442 9115 50 121 138 208 100
internal_value=0.000250541 -0.0104036 -0.0164413 -0.0314772 0.0177777 0.00580823 0.0159841 -0.0399655 0.00897716 0.0167803 0.00872409 0.0219795 0.00585051 0.0259416 0.0066097 0.0435679 0.0806149 0.0248205 0.0875632 0.0194489 0.0558731 0.0372456 0.022903 -0.00913884 -0.00791757 0.0174324 0.0416824 0.118875 -0.0259932 0.0628147
internal_weight=248.837 200.326 185.781 110.615 16.0995 75.1666 63.4587 94.515 58.2792 51.3676 47.127 38.2795 35.0281 25.5162 22.0495 48.5111 5.17948 28.6512 4.24052 6.43298 9.99077 22.3462 17.3476 9.00946 18.9594 7.90657 5.59237 3.32185 11.0529 14.5444
internal_count=259735 248722 248521 188999 12761 59522 41182 176238 40843 32678 32335 21415 21121 9994 9777 11013 339 9669 343 835 1295 5864 5673 5603 9603 280 171 327 9323 201
is_linear=0
shrinkage=0.05


Tree=30
num_leaves=31
num_cat=0
split_feature=18 11 5 8 0 0 0 13 0 0 0 21 0 0 0 0 19 21 21 0 0 21 12 0 0 21 19 18 16 21
split_gain=43.8489 37.1847 27.6356 36.9757 16.5753 26.7885 18.7589 15.5245 11.754 10.3943 8.24276 8.44219 5.72756 10.3993 13.7959 9.26805 5.70499 5.19621 14.2826 4.78391 30.7613 4.4331 4.16887 4.10482 4.12603 2.91757 2.73387 2.65231 2.51036 2.43603
threshold=1.0000000180025095e-35 1.0000000180025095e-35 1.0000000180025095e-35 1.0000000180025095e-35 3.9063067436218266 3.9196934700012211 4.6051201820373544 1.0000000180025095e-35 4.6206989288330087 4.9965362548828134 5.0156559944152841 4.5591125488281259 3.034231543540955 3.4113126993179326 3.3986942768096928 3.049036026000977 8.703165531158449 7.5809547901153573 7.573017120361329 5.5385539531707773 5.5134489536285409 7.8707385063171396 1.0000000180025095e-35 4.9965362548828134 1.54862517118454 4.6959142684936532 7.8365728855133066 1.5000000000000002 4.5000000000000009 7.3271231651306161
decision_type=2 2 2 2 2 2 2 2 2 2 2 2 2 2 2 2 2 2 2 2 2 2 2 2 2 2 2 2 2 2
left_child=1 2 3 7 12 -6 -7 -1 21 -10 -11 -12 -4 14 15 29 -5 18 23 20 28 -8 -3 24 -2 -9 -25 -19 -13 -14
right_child=17 22 4 16 5 6 8 25 9 10 11 19 13 -15 -16 -17 -18 27 -20 -21 -22 -23 -24 26 -26 -27 -28 -29 -30 -31
leaf_value=-0.049596366615536125 0.03135592493507685 0.035547173636775217 -0.046119910370975715 0.049345197059818303 0.14024108844470318 -0.045247273403317086 0.040687185145585017 0.059414556754300456 -0.035572345847997698 0.11767051356062275 0.082508452153488593 -0.04168058859227608 -0.00499135898062468 -0.044914799363246855 0.096919938234026989 -0.043501649518080984 -0.03254642529799557 0.032775353934896008 -0.099960149610849314 -0.02943379434591098 0.19934967747095744 0.17236163556679585 0.093094555692790404 0.054833292607642151 -0.039104074867945253 -0.022891659550701989 -0.021855709050045063 0.071782830582136234 0.021563632864123869 0.059976595221674506
leaf_weight=86.968315015255939 3.8965684354188914 10.005650369450448 11.234401374822481 13.101068655494599 3.7352692156564435 9.1971856603049655 2.2423131475225122 3.3475030942354342 5.6109515564166967 1.8184763429453621 3.3449472131324027 4.4596731439232808 1.9558728688280114 8.5997857498587091 3.3552242794539771 6.558216767210979 1.7912610363564443 9.8244955895643233 1.1926775702740986 5.7495972894248553 0.98004951613256697 0.95912872627377499 5.8085561878979197 13.120751521637427 2.6106276653008536 0.83806052966974665 0.74467988178366873 15.38033684180118 1.4821958247339351 3.2973000924102962
leaf_count=187256 49 167 18343 282 298 11191 155 26 3985 142 92 2707 138 10941 344 8205 740 4653 31 2474 106 69 39 2107 2955 733 675 463 381 213
internal_value=0.000136913 -0.0102638 -0.0168012 -0.0330858 0.00648522 0.0283215 0.0131689 -0.0449973 0.0342383 0.0195124 0.0378109 0.0223615 -0.0183086 -0.00383082 0.0208019 -0.00669805 0.0380671 0.0431216 0.0234573 0.00161056 0.0278575 0.111771 0.0609639 0.0350215 0.00164458 0.0416982 0.0495213 0.0584092 -0.0250707 0.0388576
internal_weight=243.211 196.441 180.627 106.046 74.5806 39.5798 35.8445 91.1539 26.6473 23.4459 17.8349 16.0165 35.0008 23.7664 15.1666 11.8114 14.8923 46.7701 21.5653 12.6715 6.92192 3.20144 15.8142 20.3726 6.5072 4.18556 13.8654 25.2048 5.94187 5.25317
internal_count=259960 249027 248821 189037 59784 21600 21302 188015 10111 9887 5902 5760 38184 19841 8900 8556 1022 10933 5817 5668 3194 224 206 5786 3004 759 2782 5116 3088 351
is_linear=0
shrinkage=0.05


Tree=31
num_leaves=31
num_cat=0
split_feature=1 5 8 1 0 0 1 1 2 17 13 4 12 18 2 2 2 17 2 0 0 17 17 1 17 1 17 0 1 0
split_gain=40.8064 49.8584 29.3344 15.5178 14.9289 14.4958 16.4742 7.07701 6.10692 7.24023 5.86478 9.61483 8.66471 6.37012 5.5902 5.02065 4.47823 7.04449 4.18247 3.83895 6.67324 4.75641 3.73519 3.48637 3.34682 3.10062 3.06358 3.02861 2.99127 2.89125
threshold=6.4660279750823983 1.0000000180025095e-35 1.0000000180025095e-35 0.16113296151161197 3.034231543540955 3.049036026000977 1.4000559449195864 2.3422205448150639 5.5000000000000009 34.935554504394538 1.0000000180025095e-35 1.0000000180025095e-35 1.0000000180025095e-35 1.5000000000000002 8.5000000000000018 2.5000000000000004 18.500000000000004 8.3713335990905779 7.5000000000000009 4.6206989288330087 4.6051201820373544 2.4816431999206547 1.7770476937294009 0.99189496040344249 1.5759500265121462 0.3359819650650025 17.125852584838871 3.9063067436218266 14.112694263458254 6.1953334808349618
decision_type=2 2 2 2 2 2 2 2 2 2 2 2 2 2 2 2 2 2 2 2 2 2 2 2 2 2 2 2 2 2
left_child=1 2 -1 -3 -5 15 14 -4 -2 10 11 13 26 29 22 -6 18 27 19 20 -8 -21 24 -17 -7 -16 -13 -18 -28 -10
right_child=8 3 7 4 5 6 16 -9 9 -11 -12 12 -14 -15 25 23 17 -19 -20 21 -22 -23 -24 -25 -26 -27 28 -29 -30 -31
leaf_value=-0.04943147230096364 0.063415144590166436 0.056481854891420304 -0.033654681426896559 -0.046155978430250502 0.0088952490177739412 0.0079623742464734661 0.018628572925408735 0.058100478698689964 0.069917947861020624 0.06169936676117356 0.06138198254188975 -0.046671751816787732 0.033079008752119103 -0.032622388540475285 0.03217671316963288 0.12411228687260718 -0.00970270094252919 -0.024017816812645289 0.00465926727234492 -0.026956135981188817 0.1355591828243887 0.047620815162312223 -0.017371390841895581 0.002716267232323156 0.084921870243951106 -0.041764350050993992 -0.028343648640710973 0.14208201152158836 0.059604473653989243 0.021190425938932052
leaf_weight=72.19657661949168 14.957733399758579 17.128463870554697 2.0094275753363027 11.12256870252895 1.9801380038261402 5.1371412148582767 2.9752436471753807 8.1280782589456049 6.5909585634944978 10.537116414343471 5.0831298221601164 11.31262839457486 5.4366960220213505 2.2336127839516839 0.82324118789984169 3.447754462249577 0.23752107104519327 0.70623170613544051 12.814228240080409 2.8177212881855667 1.6442349809221921 4.128349213511683 7.7173830258834641 0.73455358785577107 1.0881858415086751 16.505803327047033 1.2222971502051212 1.5466612703748976 0.77416505489964027 7.1909716675872914
leaf_count=173968 714 1149 848 18497 13 1451 683 147 1525 249 212 14389 2115 15 1200 305 232 297 11164 247 15 331 2209 42 92 24618 1037 920 158 914
internal_value=0.00242454 -0.0101892 -0.0382695 0.0149321 0.00488108 0.0142804 0.0059067 0.0385243 0.0358316 0.0265675 0.0159936 0.0078256 -0.0161539 0.0351929 -0.0185204 0.0814305 0.0339797 0.0884845 0.0251449 0.0456652 0.076965 0.017783 0.0050035 0.107429 0.0313064 -0.0366878 -0.0371716 0.125648 0.0142702 0.047647
internal_weight=240.229 174.89 82.3341 92.5554 75.427 64.3044 58.1419 10.1375 65.3393 50.3816 39.8445 34.7613 18.7458 16.0155 31.2718 6.16245 26.8702 2.49041 24.3798 11.5655 4.61948 6.94607 13.9427 4.18231 6.22533 17.329 13.3091 1.78418 1.99646 13.7819
internal_count=259756 238428 174963 63465 62316 43819 43459 995 21328 20614 20365 20153 17699 2454 29570 360 13889 1449 12440 1276 698 578 3752 347 1543 25818 15584 1152 1195 2439
is_linear=0
shrinkage=0.05


Tree=32
num_leaves=31
num_cat=0
split_feature=1 9 2 8 4 8 6 4 1 18 17 0 1 0 17 11 21 19 2 17 17 1 17 0 16 17 19 19 19 2
split_gain=42.2159 30.2789 18.9419 14.3734 7.44279 8.23566 5.7164 9.56289 5.69696 5.17991 5.04028 4.89864 7.55589 4.34917 4.23106 7.8733 10.3105 6.60013 6.24523 3.52349 3.35286 3.04876 2.99888 2.94329 2.87103 2.78855 2.75447 3.67145 4.2225 3.72142
threshold=8.7351131439209002 1.0000000180025095e-35 5.5000000000000009 1.0000000180025095e-35 1.0000000180025095e-35 1.0000000180025095e-35 1.0000000180025095e-35 1.0000000180025095e-35 4.7739629745483407 1.5000000000000002 3.2979288101196294 3.034231543540955 0.3696493953466416 1.3596928715705874 24.707138061523441 1.0000000180025095e-35 4.6959142684936532 7.1766235828399667 7.5000000000000009 12.113766193389894 21.280866622924808 0.26115387678146368 19.429489135742191 3.4113126993179326 3.5000000000000004 25.969861030578617 9.0042147636413592 11.064232349395754 10.285048961639406 16.500000000000004
decision_type=2 2 2 2 2 2 2 2 2 2 2 2 2 2 2 2 2 2 2 2 2 2 2 2 2 2 2 2 2 2
left_child=1 2 25 6 5 -3 7 10 19 -7 11 13 21 -4 15 16 -2 -18 -19 -5 -6 -13 -12 -23 -24 -1 -14 28 -28 -29
right_child=14 4 3 8 20 9 -8 -9 -10 -11 22 12 26 -15 -16 -17 17 18 -20 -21 -22 23 24 -25 -26 -27 27 29 -30 -31
leaf_value=0.011257720568231206 0.060836379052738948 0.091445039750199741 0.057190287620623517 -0.036404365162496392 -0.040057521079074634 -0.0098248368879300055 -0.048904886078646466 -0.048235571344552947 0.058592305854253651 0.04284200213411668 -0.037712126816970698 -0.010382788292417192 -0.030858087380302157 -0.043134925495123051 0.06515810841777861 0.075711873723645559 0.039510277996511196 0.026597026606949788 -0.039416030688439067 0.023342923932313516 0.048717077081857185 0.16665205461163729 0.06769017156435253 -0.0079040241608427288 -0.019201618544454568 0.081885524658351208 0.0067210307097930943 -0.018010917789618715 0.092344354093490733 0.044965629747109576
leaf_weight=30.560386781871788 8.6069014052627626 6.0674811974167886 0.38582482101628812 3.7790773005108331 3.7667745465878388 6.4158007533988011 41.323883737903088 25.807840204419335 4.7723532484378666 13.486315561458467 15.133551307488235 0.25973867275752383 3.0161388202104744 6.1834454349591397 13.246135000197681 6.7933335751295081 5.7936041017819688 4.3923332765116347 10.433493086806264 4.1414720597094856 0.46291607758030284 0.38393145511508919 0.59428264584857915 0.18744933122070506 1.5764557720976879 0.50984055321896349 3.3892786825890644 8.3284648246481066 1.7471992233768103 2.1361535964242639
leaf_count=7422 244 33 201 828 519 528 114695 63269 49 83 23634 228 4195 11899 409 40 758 918 8742 117 20 289 543 291 1765 150 4240 10018 1656 2139
internal_value=0.000419254 -0.0106007 -0.0195849 -0.0283442 0.0344358 0.0442739 -0.0341226 -0.0247148 0.0207592 0.0262061 -0.00993084 0.00406518 0.0166484 -0.0304655 0.0410602 0.0306775 0.0180513 -0.00179587 -0.019414 -0.00604921 -0.022884 0.113684 -0.0300468 0.140799 0.0184327 0.0149339 0.0067422 0.0154323 0.0461484 -0.00235464
internal_weight=233.682 184.416 154.217 123.147 30.1993 25.9696 110.454 69.1298 12.6929 19.9021 43.3219 26.0176 19.4484 6.56927 49.2658 36.0197 29.2263 20.6194 14.8258 7.92055 4.22969 0.831119 17.3043 0.571381 2.17074 31.0702 18.6172 15.6011 5.13648 10.4646
internal_count=259922 248811 247628 240056 1183 644 239062 124367 994 611 61098 35156 23056 12100 11111 10702 10662 10418 9660 945 539 808 25942 580 2308 7572 22248 18053 5896 12157
is_linear=0
shrinkage=0.05


Tree=33
num_leaves=31
num_cat=0
split_feature=5 1 8 17 11 13 1 1 17 8 15 1 1 2 1 2 2 1 1 1 17 2 2 17 15 18 17 2 1 17
split_gain=39.0789 42.5943 17.5055 11.773 19.3168 12.5073 11.2091 18.0721 7.17366 5.81549 5.70798 4.60389 3.86796 3.46268 3.25992 4.6869 3.92004 3.18311 2.99962 3.19105 2.95364 2.94463 3.53097 7.21859 3.05257 2.67152 2.58812 2.1808 2.78901 2.177
threshold=1.0000000180025095e-35 6.4660279750823983 1.0000000180025095e-35 17.125852584838871 1.0000000180025095e-35 1.0000000180025095e-35 0.14287002384662631 1.9351415634155276 1.9316289424896242 1.0000000180025095e-35 1.0000000180025095e-35 0.3758248388767243 0.86700496077537548 7.5000000000000009 0.98155847191810619 7.5000000000000009 3.5000000000000004 1.8195749521255495 1.349091708660126 1.4545075297355654 1.0221264362335207 7.5000000000000009 16.500000000000004 4.4636275768280038 2.5000000000000004 1.0000000180025095e-35 1.6874456405639651 12.500000000000002 3.0493198633193974 0.72662669420242321
decision_type=2 2 2 2 2 2 2 2 2 2 2 2 2 2 2 2 2 2 2 2 2 2 2 2 2 2 2 2 2 2
left_child=1 2 -1 4 5 9 -2 8 11 -3 -4 29 26 -10 15 -14 -16 -15 -18 -20 -17 -9 27 -24 -25 -5 -13 28 -23 -8
right_child=6 3 10 25 -6 -7 7 21 13 -11 -12 12 14 17 16 20 18 -19 19 -21 -22 22 23 24 -26 -27 -28 -29 -30 -31
leaf_value=-0.049363065471470173 0.061881006725146438 -0.04320738797272649 -0.029143937192031691 0.030096557396950521 0.085465608205379517 0.052193167602104129 0.012842691319536201 0.055072064323925189 0.0016101188609714814 0.035265289986910468 0.042895077518904715 -0.022623037598987244 -0.020866877036266888 -0.038828236823151174 0.048745209599461568 0.13094584318170152 -0.039863432032162471 0.036815505395987887 0.064272116627163631 -0.017312299992123522 -0.010844178552214683 -0.027821956438318942 0.092407417861711541 -0.011745768712427303 0.046815646924066555 0.089998942935755097 0.037609243153948459 -0.010327426474385112 0.038221814516719251 0.08720226771094311
leaf_weight=65.851258129318012 14.785714083234778 15.946245386003291 3.3456256123026815 4.6746715606714115 5.1273087076842776 4.597192855726461 2.1021798447473001 18.276911414141068 11.079302931990243 1.9746954413130886 6.9837452673818916 10.605189197667643 0.62229198569548216 16.403207549738003 3.1031435424229112 0.93338009549188405 3.3969555996009149 0.73673417596728441 1.1083906218118502 2.0492475283972453 0.27657971647568047 1.2391261992743254 4.1479352890164574 4.6455774513888173 2.7986027896404266 5.5119216360326391 1.1789162132772606 6.805047420290065 6.7808992376667447 1.9108316519996149
leaf_count=174186 793 18311 856 1301 37 217 2721 848 2682 30 138 10873 175 26387 156 1270 4056 448 780 2372 461 1433 1246 759 17 381 696 3253 1332 1513
internal_value=0.00206535 -0.0185963 -0.0399604 0.024345 0.0065808 -0.0142513 0.0225357 0.0161758 -0.0029439 -0.0331537 0.0190491 0.0150598 0.00545138 -0.0202725 0.025054 0.0725474 0.0100821 -0.0337265 -0.0122517 0.0198962 0.108294 0.0394656 0.0270534 0.0466347 0.013207 0.0676573 -0.0141267 0.00976281 0.0260646 0.0585818
internal_weight=228.999 114.013 76.1806 37.832 27.6454 22.5181 114.986 100.2 55.5064 17.9209 10.3294 27.2871 23.2741 28.2192 11.49 1.83225 9.65774 17.1399 6.55459 3.15764 1.20996 44.6941 26.4172 11.5921 7.44418 10.1866 11.7841 14.8251 8.02003 4.01301
internal_count=259728 195457 175180 20277 18595 18558 64271 63478 54590 18341 994 25073 20839 29517 9270 1906 7364 26835 7208 3152 1731 8888 8040 2022 776 1682 11569 6018 2765 4234
is_linear=0
shrinkage=0.05


Tree=34
num_leaves=31
num_cat=0
split_feature=9 1 5 17 0 0 8 19 0 0 0 0 0 0 0 4 13 0 19 19 19 1 1 2 1 0 0 2 2 16
split_gain=30.3369 23.9146 27.1988 11.6307 11.4925 24.0994 8.56938 7.77609 7.42464 8.7382 8.65715 14.1113 9.3428 19.9282 6.68032 5.33173 10.3453 6.46071 4.8986 4.83936 3.62194 3.53885 3.09514 4.65596 4.26474 2.86865 12.5432 2.74956 5.25039 5.71494
threshold=1.0000000180025095e-35 5.0701956748962411 1.0000000180025095e-35 17.531178474426273 3.034231543540955 3.049036026000977 1.0000000180025095e-35 10.237838745117189 3.3986942768096928 3.4113126993179326 3.9063067436218266 3.9196934700012211 4.6051201820373544 4.6206989288330087 7.5379920005798349 1.0000000180025095e-35 1.0000000180025095e-35 5.8341672420501718 7.1766235828399667 11.51930093765259 7.8365728855133066 14.112694263458254 1.8195749521255495 17.500000000000004 4.1806623935699472 4.9965362548828134 5.0156559944152841 9.5000000000000018 13.500000000000002 7.5000000000000009
decision_type=2 2 2 2 2 2 2 2 2 2 2 2 2 2 2 2 2 2 2 2 2 2 2 2 2 2 2 2 2 2
left_child=1 2 6 15 -4 19 -1 22 -9 -10 -11 -12 -13 -14 20 17 21 -3 -8 -6 -5 -17 -7 -24 -25 -15 -27 -2 -29 -30
right_child=27 3 4 14 5 7 18 8 9 10 11 12 13 25 -16 16 -18 -19 -20 -21 -22 -23 23 24 -26 26 -28 28 29 -31
leaf_value=-0.049172827670096016 0.053419450314283426 0.051515767719240636 -0.041663224441894929 0.084749604511376184 0.12545626557549661 -0.037126165198599542 0.045061046973915053 -0.040515345765507527 0.084443750820996047 -0.041771415505500065 0.12158365781803515 -0.042250369307002628 0.13683045821814144 -0.03855814620690666 -0.021088983910563377 -0.042618084427543647 0.04787365120653192 -0.0090662568375207749 -0.02618158326729424 0.0094147007922080975 0.0033058741995093503 0.0031059036240872174 -0.023383325278333061 0.096544851874044019 -0.035907319939659392 0.10761047999970495 -0.03161228280740707 -0.019082336243560667 0.045543999773201033 -0.030097483412188625
leaf_weight=55.332508434075862 18.202319647767581 9.7942731021612435 10.692736822587902 9.354136935464334 4.1669312764424822 12.741846343618819 3.3462337129749349 4.1605884976161205 4.1174051205744062 4.9554214220261228 2.3029409055598107 5.2737673679366734 2.3427646693307898 3.1076784575707261 1.7431274709815632 11.440469954017322 5.1073150188312857 6.9905054906266733 4.456618323805742 1.2955085390713064 1.6683110489102553 6.2183152975048861 3.2787970137724178 1.0126399435685014 0.26537322060903523 1.3951958597172049 4.081315238494426 4.6120471181347993 18.376558302436028 2.1643874607980242
leaf_count=163356 292 2476 19263 631 291 18057 64 4373 179 5740 148 5577 115 1825 363 22804 275 1721 933 45 1450 2404 3165 803 88 76 1985 439 608 19
internal_value=0.00139489 -0.00766386 -0.0192444 0.02057 0.0034482 0.0128905 -0.0423642 0.000910573 0.0154846 0.0250557 0.011606 0.0273097 0.00761914 0.0332125 0.0601849 0.00661493 -0.00906291 0.0271936 0.00601884 0.103651 0.0737229 -0.0272134 -0.0252128 0.00878586 0.0653525 -0.00639264 0.0149951 0.0384606 0.0260068 0.0365465
internal_weight=223.998 180.643 128.326 52.3165 65.1909 54.4982 63.1354 49.0357 31.7371 27.5765 23.4591 18.5037 16.2007 10.927 12.7656 39.5509 22.7661 16.7848 7.80285 5.46244 11.0224 17.6588 17.2987 4.55681 1.27801 8.58419 5.47651 43.3553 25.153 20.5409
internal_count=259565 258207 226083 32124 61730 42467 164353 42131 20018 15645 15466 9726 9578 4001 2444 29680 25483 4197 997 336 2081 25208 22113 4056 891 3886 2061 1358 1066 627
is_linear=0
shrinkage=0.05


Tree=35
num_leaves=31
num_cat=0
split_feature=18 5 1 8 12 19 1 21 21 16 1 1 1 15 21 17 19 21 2 2 21 21 17 21 1 1 1 21 17 17
split_gain=32.5902 23.9558 26.4491 16.4848 18.7561 11.8968 5.0009 4.83969 15.3765 5.99231 4.80736 5.03193 4.71869 4.08513 3.67245 3.27288 4.18026 3.38552 3.35608 3.05773 6.18293 3.78066 3.39768 2.60274 2.37095 2.47083 2.25362 3.01409 2.67241 2.24513
threshold=1.0000000180025095e-35 1.0000000180025095e-35 4.6835310459136972 1.0000000180025095e-35 1.0000000180025095e-35 8.8863096237182635 11.111482143402101 7.5809547901153573 7.3138866424560556 4.5000000000000009 0.3758248388767243 1.2696518898010256 9.0877089500427264 1.5000000000000002 4.3691272735595712 4.6389873027801523 10.952540397644045 8.0754270553588885 5.5000000000000009 8.5000000000000018 6.5645604133605966 8.0685591697692889 1.0221264362335207 6.4465126991271982 6.4660279750823983 1.4000559449195864 9.4774923324584979 6.9162192344665536 6.77691674232483 1.1748378872871401
decision_type=2 2 2 2 2 2 2 2 2 2 2 2 2 2 2 2 2 2 2 2 2 2 2 2 2 2 2 2 2 2
left_child=1 2 13 4 14 -3 10 8 26 -10 23 19 -6 -1 -4 16 17 18 29 20 -12 -21 -23 -7 25 -20 27 -2 -28 -13
right_child=7 5 3 -5 12 6 -8 -9 9 -11 11 15 -14 -15 -16 -17 -18 -19 24 21 -22 22 -24 -25 -26 -27 28 -29 -30 -31
leaf_value=-0.048385848089191164 0.036556120976950109 -0.036108960001136343 0.010500907596455548 0.067888942642000877 -0.029459554371487059 -0.015047685759759032 0.065174138954392599 0.053093302982266569 0.011957960557997886 -0.091119506195605937 0.068586257226555564 -0.014726456549423075 0.052821010726248889 0.011288356061553973 -0.047528391039419825 -0.0079530189008148525 0.010127116510872832 -0.023390675948660317 -0.010243377114041941 -0.031381656238906902 -0.0054710433418431025 0.071222402463976417 -0.024794658036996021 0.053680711163542907 -0.011017190949920192 0.11630604561544094 -0.0087221286320548659 -0.023363424555533183 0.071017655933375043 0.046828908969117053
leaf_weight=55.891883031494217 6.4960862129519281 10.273736639210254 2.8556536555697702 7.8259165305644265 1.4206303585378943 1.1568236621096719 4.5733261858113101 25.45003153802827 1.944767811190103 2.6923133776290342 2.5547301346669 1.5346907617058638 9.4710340899182466 2.6619023620442013 16.262239807518199 5.6931549065047866 10.703309487726072 0.755358451453504 0.25669939615181725 12.302425901667446 13.022574613889445 1.04182713953196 0.97699675944750186 9.0260854213265684 0.28135561640374351 3.0742258636746556 0.98182505799922992 2.1311238254420459 6.6533905080286786 4.0956825837492943
leaf_count=156459 2730 13138 342 71 2635 1114 170 5149 957 397 762 61 1113 1071 27605 3355 6036 388 370 19861 3332 1278 1599 6092 107 2024 124 1417 210 111
internal_value=0.00177785 -0.00800213 -0.0247504 0.00775073 -0.0096157 0.0119085 0.0192566 0.0386531 0.0194473 -0.0534369 0.0151786 0.00904886 0.0405141 -0.045529 -0.0387694 0.024545 0.033437 0.0552015 0.063281 -0.00498275 0.0100793 -0.0209544 0.0319346 0.0452255 0.0968864 0.10644 0.0421212 0.0208652 0.0609412 0.03036
internal_weight=224.062 177.712 96.3893 37.8355 30.0096 81.323 71.0493 46.3495 20.8995 4.63708 66.4759 56.293 10.8917 58.5538 19.1179 26.3945 20.7013 9.99801 9.24265 29.8986 15.5773 14.3212 2.01882 10.1829 3.61228 3.33093 16.2624 8.62721 7.63522 5.63037
internal_count=260078 249094 189296 31766 31695 59798 46660 10984 5835 1354 46490 39284 3748 157530 27947 12452 9097 3061 2673 26832 4094 22738 2877 7206 2501 2394 4481 4147 334 172
is_linear=0
shrinkage=0.05


Tree=36
num_leaves=31
num_cat=0
split_feature=1 5 8 1 1 17 2 11 17 17 21 2 2 21 17 17 2 2 21 17 19 21 21 17 7 1 2 1 1 11
split_gain=30.7236 36.6736 22.553 10.6769 9.15776 6.09737 5.95097 4.78475 4.56437 3.59169 3.9158 3.84959 3.55703 3.4666 3.44935 4.82209 3.3967 3.98888 3.10746 3.09039 3.01642 2.85301 3.61935 5.74019 3.13284 3.06427 2.7908 2.82983 2.74167 2.73143
threshold=9.9298791885375994 1.0000000180025095e-35 1.0000000180025095e-35 0.23319613933563235 1.4000559449195864 8.798492908477785 8.5000000000000018 1.0000000180025095e-35 4.6389873027801523 1.0221264362335207 7.722013235092164 12.500000000000002 18.500000000000004 7.7516901493072519 7.8569569587707528 10.032120227813722 5.5000000000000009 14.500000000000002 7.678788661956788 41.573511123657234 7.4052453041076669 8.0754270553588885 7.8125805854797372 1.445408880710602 1.0000000180025095e-35 1.766403377056122 19.500000000000004 7.403597593307496 0.98155847191810619 1.0000000180025095e-35
decision_type=2 2 2 2 2 2 2 2 2 2 2 2 2 2 2 2 2 2 2 2 2 2 2 2 2 2 2 2 2 2
left_child=1 2 7 -3 6 -4 13 19 12 10 -8 -12 21 -5 -10 -16 -2 29 26 -1 -7 22 23 25 -24 -6 27 -17 -13 -18
right_child=16 3 5 4 8 20 9 -9 14 -11 11 28 -14 -15 15 18 17 -19 -20 -21 -22 -23 24 -25 -26 -27 -28 -29 -30 -31
leaf_value=-0.048535908179824415 0.066749253760903848 0.045463613723613905 -0.017341228270626712 0.024607045328921856 0.032009319014477837 0.065937963160721993 -0.027081128446475224 0.025069759517817952 -0.040291675981835237 -0.041082629412604675 -0.027472804822725419 0.079599340912855851 0.087987079635695312 -0.016580032074215829 0.069554184537247557 -0.026519340845295076 0.0016839312213715392 0.046887781006794027 0.027042333738870369 0.024951181182850279 0.00090255672699192466 -0.024498525858812625 0.076305956250784138 0.049567524950710269 -0.019134466768378537 -0.031468297613859338 -0.076636221895760581 0.041189956764430886 -0.017593615257361524 0.052670029141213895
leaf_weight=63.033688670489937 8.8108165058656578 18.69140233923099 4.8261674217646933 12.487673604249723 1.799845645728064 5.9173459284938854 5.4809835043852235 1.7883768333122123 2.9343532172497353 15.211214694572844 1.2042535891232549 2.0634581901831557 2.1352455444866782 7.3502005545888087 1.9319292555446725 3.5653515636222419 13.790913711127361 16.777235909219598 3.9803444028657395 0.89015270755044085 2.4398199924034998 1.7196329398429941 4.7291278401680747 5.6910138272505719 0.60039046191377554 5.3314771768054925 0.89237202759250056 1.3385388357564805 0.54090736058424216 2.2659463807940474
leaf_count=186095 314 3315 819 3787 1164 54 8359 62 1994 26511 1626 2808 951 2076 830 1225 4682 3190 932 588 159 997 1455 2294 318 2403 89 43 788 13
internal_value=0.0013748 -0.00769143 -0.0329515 0.0124304 0.0043451 0.0252541 -0.0108491 -0.0448324 0.022527 -0.0268748 -0.00187862 0.0324796 0.0364161 0.00928335 0.000659492 0.0132854 0.0395199 0.0304562 -0.00325612 -0.047144 0.0490769 0.0269245 0.0328209 0.0160637 0.0642298 -0.0134812 -0.0249799 -0.00419144 0.0601324 0.0115452
internal_weight=220.22 178.575 78.8956 99.6797 80.9883 13.1833 44.3387 65.7122 36.6496 24.5008 9.2896 3.80862 22.0067 19.8379 14.6429 11.7085 41.6449 32.8341 9.77661 63.9238 8.35717 19.8715 18.1519 12.8223 5.32952 7.13132 5.79626 4.90389 2.60437 16.0569
internal_count=259941 251742 187777 63965 60650 1032 45955 186745 14695 40092 13581 5222 9582 5863 5113 3119 8199 7885 2289 186683 213 8631 7634 5861 1773 3567 1357 1268 3596 4695
is_linear=0
shrinkage=0.05


Tree=37
num_leaves=31
num_cat=0
split_feature=1 1 2 8 2 0 1 11 17 21 4 0 0 9 0 0 17 2 17 2 1 0 1 19 4 4 1 19 19 2
split_gain=28.6847 26.6675 14.9846 10.9778 7.91717 4.96274 4.89966 4.15584 7.81967 13.1418 7.84019 5.37641 3.85605 3.69931 4.03685 4.51262 3.22577 3.04198 2.7819 5.08712 4.02213 8.56843 3.0414 2.75657 2.7214 2.62313 2.50107 2.54566 3.00351 4.34342
threshold=6.3026816844940194 0.14287002384662631 7.5000000000000009 1.0000000180025095e-35 22.500000000000004 4.6051201820373544 1.8758199214935305 1.0000000180025095e-35 16.730770111083988 4.6959142684936532 1.0000000180025095e-35 5.1969213485717782 7.5379920005798349 1.0000000180025095e-35 5.5642714500427255 5.5134489536285409 1.445408880710602 6.5000000000000009 1.1092265844345095 18.500000000000004 0.3359819650650025 3.034231543540955 1.4355666637420657 11.504179000854494 1.0000000180025095e-35 1.0000000180025095e-35 2.162635445594788 8.8059554100036639 10.920516490936281 3.5000000000000004
decision_type=2 2 2 2 2 2 2 2 2 2 2 2 2 2 2 2 2 2 2 2 2 2 2 2 2 2 2 2 2 2
left_child=1 -1 16 4 18 -2 -5 8 9 -7 13 -10 -13 14 15 -11 17 -3 19 20 21 -4 -21 -19 -24 26 27 -18 29 -29
right_child=5 2 3 6 -6 7 -8 -9 11 10 -12 12 -14 -15 -16 -17 25 23 -20 22 -22 -23 24 -25 -26 -27 -28 28 -30 -31
leaf_value=0.049096315206634461 0.11698353106284971 -0.018354319871200193 -0.032718230845640087 -0.031721580597519193 0.050655604017563853 0.055515710653551903 0.030016310610040044 0.062002669160984125 -0.042560806506857403 -0.0080495327767119065 -0.039610532986434958 0.05817342498399615 -0.0082805013337737595 0.053302202552211853 -0.030094978321931129 0.087485386548604285 -0.038766815086785429 -0.018543368483914618 -0.043805887438907114 -0.014595027870207318 -0.036951771803797724 0.11596898897678361 0.088975806687110817 0.086462746633226201 -0.016317830573539742 -0.030815437396739472 0.045647222530571553 0.0015863633245832979 -0.02538124190363818 0.058896816899835946
leaf_weight=15.915831818303557 0.68627151427790423 12.661075047566552 1.8805311830074125 3.5877813989645793 1.8303460599272501 8.6664823384198808 10.198783950938376 6.7577506126835933 0.92732369055738928 2.7141770840389641 12.334504616184859 17.682425528211756 2.2101669774274333 3.2731298890430489 5.0086680653039366 1.0623714812099931 1.3293970256054404 0.58745292111416414 53.537587003258523 1.8188166415202425 23.864485766651342 0.50512551720021281 1.1376642214599995 0.4647722506779246 0.4830627692863344 1.5971004409948353 7.4677315653825636 7.372667205258038 2.503564296901458 5.0791262668499257
leaf_count=2035 179 5947 5152 1121 2414 447 271 50 43 675 17217 1545 383 34 1670 72 1388 1345 138576 4429 59353 803 1190 942 1364 3180 987 1689 3246 2105
internal_value=0.00124575 -0.0102901 -0.0174479 -0.0277303 -0.0343877 0.0298829 0.0128911 0.0270152 0.021577 0.00604596 -0.0130242 0.0448311 0.0507471 0.0151219 -0.00309659 0.0315144 0.00861307 -0.0104347 -0.0368372 -0.0232529 -0.0307699 0.0237183 0.0281244 0.0473688 0.0633412 0.0189222 0.0233764 0.0111136 0.0176993 0.027604
internal_weight=215.146 153.823 137.907 98.8442 85.0576 61.3233 13.7866 60.637 53.8792 33.0593 24.3929 20.8199 19.8926 12.0583 8.78522 3.77655 39.0629 13.7133 83.2273 29.6897 26.2501 2.38566 3.43954 1.05223 1.62073 25.3496 23.7525 16.2848 14.9554 12.4518
internal_count=259852 237537 235502 214673 213281 22315 1392 22136 22086 20115 19668 1971 1928 2451 2417 747 20829 8234 210867 72291 65308 5955 6983 2287 2554 12595 9415 8428 7040 3794
is_linear=0
shrinkage=0.05


Tree=38
num_leaves=31
num_cat=0
split_feature=9 17 5 12 8 0 19 13 0 0 0 0 0 0 0 0 0 0 0 0 21 19 16 2 0 0 17 21 2 16
split_gain=25.4247 16.8117 18.6854 12.9848 12.2391 9.64961 11.487 5.99962 3.79446 3.7739 8.97205 10.0576 11.7016 18.1423 12.0657 15.9849 7.33315 7.72695 7.6491 6.65614 6.06856 3.96096 3.74434 3.51243 3.36412 3.30346 3.03954 2.81923 2.5514 2.54245
threshold=1.0000000180025095e-35 25.969861030578617 1.0000000180025095e-35 1.0000000180025095e-35 1.0000000180025095e-35 3.034231543540955 8.9061503410339373 1.0000000180025095e-35 1.3596928715705874 3.049036026000977 3.3986942768096928 3.4113126993179326 3.9063067436218266 3.9196934700012211 4.6051201820373544 4.6206989288330087 4.9965362548828134 5.0156559944152841 5.5134489536285409 5.5385539531707773 4.5591125488281259 10.920516490936281 9.5000000000000018 2.5000000000000004 7.5379920005798349 5.5385539531707773 22.001013755798343 7.8286354541778573 15.500000000000002 6.5000000000000009
decision_type=2 2 2 2 2 2 2 2 2 2 2 2 2 2 2 2 2 2 2 2 2 2 2 2 2 2 2 2 2 2
left_child=1 2 3 4 7 8 -7 26 -4 21 -11 -12 -13 27 -15 -16 -17 -18 -19 -20 -21 23 -2 -8 29 -5 -1 -14 -6 -3
right_child=22 24 5 25 28 6 9 -9 -10 10 11 12 13 14 15 16 17 18 19 20 -22 -23 -24 -25 -26 -27 -28 -29 -30 -31
leaf_value=-0.048513382258862391 0.039092416325293255 0.085822791237007978 0.042387640695245921 -0.02349490754627559 0.023021940761857873 -0.036645971159751524 0.016558547230085645 0.034310765232164982 -0.04544181756276499 -0.041811824159588021 0.086401502999797514 -0.043366971538338281 0.13390613592919637 -0.043784744689791398 0.11554034049323834 -0.041727491542102181 0.096250291972484997 -0.041545920571413368 0.093487373165408422 0.051250415526953863 -0.029842598502180052 0.0077440144803256911 -0.01771934499350444 0.12100595358821607 -0.015601345230605829 0.036693490092745112 0.020577134557615038 0.024980077899856162 -0.032897197594414541 0.027470894893283228
leaf_weight=57.57308588680462 40.74973400181625 4.4137593025225197 0.60365239705424656 2.2729443038406307 9.2048186500323919 8.8978540574607887 1.650487340986728 1.6811756572860748 9.5038215639942774 4.9717689876270006 4.6633439217112018 6.3458049125620155 2.9998518603388211 6.7928212140686837 3.2895966288051595 4.5158767676912275 2.1012859320035195 4.2813575083273454 2.1311053532990609 3.0613473376724869 4.3648072559444699 2.9166178070008755 2.5598871409893027 1.7716022895183412 1.2730211635061994 8.1391117781749909 1.1185327977000259 1.3341040746308861 1.6226363161695179 4.9993852851912379
leaf_count=177921 1350 2878 297 5523 717 12396 10 19 18930 6314 248 8471 152 8324 170 2849 134 2252 90 29 1728 162 18 100 156 3961 2439 69 297 1975
internal_value=0.00169508 -0.00712879 -0.0113486 -0.0278274 -0.03542 0.00643311 0.0135037 -0.0440911 -0.0368525 0.0218016 0.0165674 0.0236504 0.0146725 0.0261486 0.0109105 0.0276942 0.0088406 0.0247844 0.00817771 0.0322778 0.005702 0.0558135 0.0354103 0.0857668 0.0508268 0.022647 -0.046874 0.111345 0.0125688 0.0604459
internal_weight=211.805 168.496 157.809 81.6123 71.2002 76.1971 66.0896 60.3728 10.1075 57.1918 50.8531 45.8813 41.218 34.8722 30.5382 23.7454 20.4558 15.9399 13.8386 9.55726 7.42615 6.33871 43.3096 3.42209 10.6862 10.4121 58.6916 4.33396 10.8275 9.41314
internal_count=259979 258611 253602 190877 181393 62725 43498 180379 19227 31102 30830 24516 24268 15797 15576 7252 7082 4233 4099 1847 1757 272 1368 110 5009 9484 180360 221 1014 4853
is_linear=0
shrinkage=0.05


Tree=39
num_leaves=31
num_cat=0
split_feature=18 11 5 8 13 0 1 0 0 0 0 0 1 2 21 2 1 21 21 21 12 2 2 0 2 21 2 17 0 2
split_gain=24.4028 20.4729 17.3032 31.713 12.9131 11.9677 9.14507 6.3151 13.6071 6.45774 5.56222 5.82021 5.54779 5.21117 4.72894 4.70268 4.20529 4.19019 4.14199 5.00014 4.0082 4.89905 3.81466 3.7965 3.69944 3.02348 3.05896 3.53911 2.7768 2.4898
threshold=1.0000000180025095e-35 1.0000000180025095e-35 1.0000000180025095e-35 1.0000000180025095e-35 1.0000000180025095e-35 3.034231543540955 0.3758248388767243 4.6051201820373544 4.6206989288330087 3.9196934700012211 4.9965362548828134 5.0156559944152841 2.3422205448150639 18.500000000000004 5.9914612770080575 8.5000000000000018 1.6455078125000002 5.5778396129608163 6.4465126991271982 7.846198797225953 1.0000000180025095e-35 13.500000000000002 5.5000000000000009 3.049036026000977 13.500000000000002 4.5591125488281259 5.5000000000000009 1.5492396354675295 5.5134489536285409 14.500000000000002
decision_type=2 2 2 2 2 2 2 2 2 2 2 2 2 2 2 2 2 2 2 2 2 2 2 2 2 2 2 2 2 2
left_child=1 2 3 4 -1 -4 18 9 22 14 -10 -12 -5 25 17 -2 23 -8 -7 -20 21 -3 -9 -16 -17 -13 27 -27 -29 -14
right_child=15 20 5 12 -6 6 7 8 10 -11 11 13 29 -15 16 24 -18 -19 19 -21 -22 -23 -24 -25 -26 26 -28 28 -30 -31
leaf_value=-0.049368240360988101 0.059364021694724982 -0.010465560443752586 -0.045184704466517678 -0.032908382861823592 0.030790295357616244 -0.020289124356546312 -0.0078328513235288028 0.041582957995184883 -0.033911160433806944 -0.044323654117211314 0.085655582678484166 0.042961145990938865 0.05789368596108263 0.066734038075228555 0.023927900002917401 -0.0080164044801697334 0.051075783450393611 0.10313546281893603 0.11716522112604376 -0.017747979247638507 0.078654157632428154 0.058310623408144552 0.15622581185252252 -0.023046205081735299 0.032667656857790224 -0.035121886014859285 -0.036723540577531702 -0.0091190317974780485 0.062582379980157116 0.006972010030787912
leaf_weight=60.411006875598105 13.423656115774063 4.8990297932177764 9.0460050125839171 1.879635989491361 4.8111479398212387 0.55116617685416658 1.1894503557123308 2.7085880935192139 4.9317957035964382 7.6056693221908054 2.0114909294061389 1.8629623671295146 9.9996732439612952 2.1951571700046761 5.0095946345245528 6.9910267349623636 2.1956620322889639 1.1534640307654624 2.8277662056789272 0.54591237963177253 5.5840408634394398 3.9485498638823628 1.1788019129307938 14.74584682981367 21.388446622673655 1.9126992872916142 5.9399425165902358 1.9266295311972497 2.2520524119026959 3.4545580653939387
leaf_count=186769 877 87 18322 875 757 297 1071 14 3913 10778 170 75 128 602 245 4217 1232 751 1066 589 42 66 211 15143 5792 62 4803 82 61 75
internal_value=0.00190432 -0.00670202 -0.0121889 -0.0279528 -0.0430796 0.00564068 0.0135622 0.00793955 0.0253327 -0.00706238 0.00885015 0.0216663 0.0350869 0.00912237 0.00589407 0.0355947 -0.00243405 0.0613084 0.0791035 0.0962678 0.0482567 0.0230327 0.101199 -0.0105555 0.0227138 -0.00384909 -0.0138379 0.0105105 0.0341464 0.0462058
internal_weight=208.581 166.778 152.347 80.556 65.2222 71.7907 62.7447 58.8198 26.9201 31.8997 23.0327 18.1009 15.3339 16.0894 24.294 41.8031 21.9511 2.34291 3.92484 3.37368 14.4316 8.84758 3.88739 19.7554 28.3795 13.8943 12.0313 6.09138 4.17868 13.4542
internal_count=259172 248286 248091 188604 187526 59487 41165 39213 9993 29220 9768 5855 1078 5685 18442 10886 16620 1822 1952 1655 195 153 225 15388 10009 5083 5008 205 143 203
is_linear=0
shrinkage=0.05


Tree=40
num_leaves=31
num_cat=0
split_feature=1 5 1 8 17 1 11 21 2 0 0 0 0 0 19 0 0 16 0 0 21 21 16 19 2 21 19 4 18 19
split_gain=27.7506 36.5984 10.5108 9.98597 9.03259 8.69889 7.17518 7.49089 6.03533 5.2601 4.94384 7.72707 7.90935 7.95209 4.43869 4.37298 5.99805 4.78389 3.87914 7.66596 5.43838 3.55129 3.45815 3.52134 3.11657 3.15567 3.09023 3.2568 2.79373 2.77799
threshold=6.4660279750823983 1.0000000180025095e-35 0.3359819650650025 1.0000000180025095e-35 12.91039562225342 1.4000559449195864 1.0000000180025095e-35 4.6959142684936532 2.5000000000000004 5.5385539531707773 3.9063067436218266 3.9196934700012211 4.5891931056976327 4.6206989288330087 7.2943968772888192 4.9965362548828134 5.0156559944152841 3.5000000000000004 3.034231543540955 1.7552679777145388 7.4244635105133066 8.1275520324707049 8.5000000000000018 8.6820039749145526 8.5000000000000018 7.3553214073181161 10.15249824523926 1.0000000180025095e-35 1.0000000180025095e-35 10.56394672393799
decision_type=2 2 2 2 2 2 2 2 2 2 2 2 2 2 2 2 2 2 2 2 2 2 2 2 2 2 2 2 2 2
left_child=1 3 18 -1 6 8 7 -2 -4 26 -7 -12 -13 -14 -5 -15 -17 -18 19 -3 -20 24 23 -6 25 -10 27 -9 -11 -22
right_child=4 2 5 14 22 10 -8 9 21 28 11 12 13 15 -16 16 17 -19 20 -21 29 -23 -24 -25 -26 -27 -28 -29 -30 -31
leaf_value=-0.049112414434858295 0.038604331404359982 0.042098526325354185 0.022492121962459932 0.04204688318207829 0.067164735363601777 -0.036288831553436159 0.061472858862381276 0.078861916464826154 0.021733193511967439 -0.040349138914173348 0.10404246811864566 -0.038070745800095555 0.095367880871875255 -0.028920827511533184 -0.022763095561730128 0.093543914903542538 -0.015379221160066009 0.044861772222415226 -0.0044580770776839604 -0.037492649324689112 0.0097087751955189129 0.027126302347341244 0.0026161689251002077 -0.0064166834405768374 -0.042271451478960546 -0.031575173897759753 -0.010919936443498767 -0.014072666685592448 0.0066272513146412269 0.1461906242475241
leaf_weight=48.967140479522641 9.4218078625272046 15.434893205441773 7.457238578121177 3.9661683843005431 18.541020017728449 2.573329616046979 5.5846030954271546 2.053003449458632 4.4634936674265244 11.016597316513069 1.9684901703149105 4.3545893128903144 2.8928008777147651 3.5817900213296552 4.710458195040701 1.8077557254000556 6.8788532835314964 4.7546784902224317 1.1161845331080251 2.8895573112822595 0.62148442547186267 2.1679965229996006 2.9509037298121248 1.5926929104462022 17.975362406898057 4.6919240122952033 3.067953594843857 0.98037903993099451 3.951680470199789 1.368091145850485
leaf_count=174094 422 1370 613 76 1420 2800 42 278 2117 13342 99 4585 216 2131 914 103 3086 1031 656 5046 483 2871 173 1420 33590 2230 2110 1351 897 346
internal_value=0.00185464 -0.00995497 0.0105152 -0.0405019 0.0304136 0.000402033 0.0141205 0.00377113 -0.0155457 -0.0128488 0.0205857 0.027291 0.0171951 0.0305214 0.00814583 0.0148218 0.0276736 0.0108437 0.0400601 0.0282572 0.0858553 -0.02565 0.0542324 0.0613158 -0.0306817 -0.0060051 0.0237244 0.0527836 -0.0283088 0.121066
internal_weight=203.803 144.642 86.9985 57.6438 59.1606 65.5683 36.076 30.4914 36.756 21.0696 28.8123 26.239 24.2705 19.9159 8.67663 17.0231 13.4413 11.6335 21.4302 18.3245 3.10576 29.2988 23.0846 20.1337 27.1308 9.15542 6.10134 3.03338 14.9683 1.98958
internal_count=259912 238457 63373 175084 21455 55472 18442 18400 41421 17978 14051 11251 11152 6567 990 6351 4220 4117 7901 6416 1485 40808 3013 2840 37937 4347 3739 1629 14239 829
is_linear=0
shrinkage=0.05


Tree=41
num_leaves=31
num_cat=0
split_feature=5 1 1 1 1 8 2 8 18 2 21 13 21 21 21 2 13 21 21 21 21 2 1 2 1 1 21 1 21 16
split_gain=20.2525 32.299 7.28528 10.5158 7.21575 12.1341 4.755 3.77796 3.46951 3.2681 2.96579 2.9475 2.48205 3.4884 2.13364 2.45494 2.05727 1.61837 3.58168 3.08789 5.5903 5.24503 2.76238 2.48844 2.84365 2.82381 1.61586 3.74624 2.25606 2.12871
threshold=1.0000000180025095e-35 4.7739629745483407 2.4163576364517216 0.3758248388767243 12.888023376464846 1.0000000180025095e-35 5.5000000000000009 1.0000000180025095e-35 1.0000000180025095e-35 1.5000000000000002 8.1275520324707049 1.0000000180025095e-35 7.5096087455749521 6.5645604133605966 8.1773753166198748 9.5000000000000018 1.0000000180025095e-35 7.9827573299407968 8.0797729492187518 7.1666512489318857 7.5809547901153573 11.500000000000002 3.6891590356826787 16.500000000000004 8.1421813964843768 2.6256490945816044 7.2294764518737802 0.11797450482845308 8.0942258834838885 2.5000000000000004
decision_type=2 2 2 2 2 2 2 2 2 2 2 2 2 2 2 2 2 2 2 2 2 2 2 2 2 2 2 2 2 2
left_child=1 7 3 26 5 6 -3 -1 11 12 -11 -6 13 -5 15 -12 -8 19 -19 23 21 -21 -23 24 25 -4 27 29 -28 -2
right_child=2 4 17 9 8 -7 16 -9 -10 10 14 -13 -14 -15 -16 -17 -18 18 -20 20 -22 22 -24 -25 -26 -27 28 -29 -30 -31
leaf_value=-0.048954712691670801 -0.0016999839445355207 0.031263005742624715 0.054301636629967565 0.038431440965700427 0.0022086714079406866 0.048858314578396324 -0.040119659857574132 -0.00769886558466333 0.067278203748671037 -0.017477162777981298 -0.018448069188698596 0.049987735759659757 0.044777149746402421 -0.040807745619844266 -0.022061365934559127 0.075340289143760134 0.021834548848214119 0.077804891327035219 0.0030449357467510745 0.018768657706493549 0.029826629438967845 0.014866578685387655 -0.087099133538131424 0.070124197788601739 0.048164589501853414 -0.017564506540915206 0.048475518132814484 -0.026750531340357372 -0.0081648310186582581 0.064914770655467122
leaf_weight=42.23243501035904 1.8972045894479408 2.4012930920289426 0.78551968527608718 1.4582817121408873 8.6011409675411432 6.9678927836939684 14.11920507389004 6.8416968662932041 5.8543640918796873 36.548823172401171 0.52180998667608891 4.2634593816474071 3.7612071204930544 2.2380315227201208 0.78441208016010922 1.3656114783661903 0.84981428334140297 4.3576514201704404 2.4056239635683596 2.6408882622490664 10.982142507884417 0.51428605549153905 2.1045073508867063 4.6716299393447107 5.1883743216749281 4.8317063614085782 13.584006620978469 2.9413359760364983 1.6992435386346176 2.0429666816489771
leaf_count=160968 83 917 200 80 3508 65 28457 965 288 44157 352 54 257 154 1176 1828 253 506 733 355 1725 350 398 464 170 1287 5311 3565 993 52
internal_value=0.000975964 -0.0161266 0.0156707 0.00575826 0.0153189 -0.00278453 -0.0250324 -0.0434716 0.0378044 -0.0077589 -0.0135617 0.0205065 0.0207545 -0.00801937 0.0301715 0.0520019 -0.0354554 0.0328086 0.0550311 0.0265331 0.0103141 -0.0286841 -0.0685001 0.0418945 0.0247837 -0.000827296 0.033331 0.0110608 0.0420634 0.0389882
internal_weight=199.457 92.1313 107.325 68.8429 43.0572 24.3382 17.3703 49.0741 18.719 46.6782 39.2207 12.8646 7.45752 3.69631 2.67183 1.88742 14.969 38.4823 6.76328 31.7191 16.2418 5.25968 2.61879 15.4772 10.8056 5.61723 22.1648 6.88151 15.2833 3.94017
internal_count=259671 195475 64196 58008 33542 29692 29627 161933 3850 48004 47513 3562 491 234 3356 2180 28710 6188 1239 4949 2828 1103 748 2121 1657 1487 10004 3700 6304 135
is_linear=0
shrinkage=0.05


Tree=42
num_leaves=31
num_cat=0
split_feature=1 10 17 1 13 4 12 19 16 0 0 4 1 2 1 21 0 19 19 21 1 2 21 21 2 21 1 17 17 2
split_gain=17.4581 18.0203 11.926 11.0202 8.74554 16.8616 7.29733 6.63526 4.82239 4.68287 6.62371 4.32538 6.19017 4.32562 5.23533 3.93917 3.52562 3.47021 3.39785 3.28444 3.26789 3.11755 3.07037 3.26111 3.15884 2.92874 2.79519 2.80358 3.26097 2.30672
threshold=3.318023800849915 1.0000000180025095e-35 24.707138061523441 0.3758248388767243 1.0000000180025095e-35 1.0000000180025095e-35 1.0000000180025095e-35 9.6790695190429705 4.5000000000000009 3.034231543540955 1.3596928715705874 1.0000000180025095e-35 0.84146595001220714 18.500000000000004 0.88487094640731823 7.2381374835968026 5.0156559944152841 11.088924407958986 11.702254295349123 6.4465126991271982 14.112694263458254 19.500000000000004 5.1733169555664071 7.678788661956788 21.500000000000004 6.4232456684112558 1.2696518898010256 1.1310224533081057 3.2979288101196294 2.5000000000000004
decision_type=2 2 2 2 2 2 2 2 2 2 2 2 2 2 2 2 2 2 2 2 2 2 2 2 2 2 2 2 2 2
left_child=1 -1 4 9 5 16 -7 -5 -4 10 -3 12 -9 14 17 -15 25 -14 26 -11 -8 -10 -18 24 -24 -2 -16 -28 -29 -21
right_child=2 3 8 7 -6 6 20 11 21 19 -12 -13 13 15 18 -17 22 -19 -20 29 -22 -23 23 -25 -26 -27 27 28 -30 -31
leaf_value=-0.044050856189909476 -0.023677519299210196 0.036448317830826242 0.10149472931120994 -0.034139666753398294 0.058386193711903234 -0.044363929873592438 -0.019877912360635158 -0.01760609865169865 0.045471049823521174 -0.0202913808853705 -0.024587028610351322 -0.040793906510985752 0.12149753023691395 -0.016204991231912637 -0.031258329564400389 0.11553371840301048 0.045764537552859072 -0.014100657106079309 0.042302882849478515 0.0064322214131807389 0.042729101947496975 -0.013963410086505951 -0.020021737903629239 0.025579180293858667 0.052720994748702593 0.060627268625916643 -0.026105189592807311 0.051948174765884016 -0.0088380816654551591 0.093947467709186494
leaf_weight=29.087173518113559 0.64283177968172722 11.646678124758187 3.4973241183615782 18.637863479860243 6.8495408325106828 18.191164227071571 3.047083086508791 14.519377736287423 12.809367152352932 0.56043417999171552 6.0006008489726801 4.3889967104769303 0.72150799247902486 0.47553997539216553 5.2915090299793546 1.1020899677823761 5.1911793183680883 0.39040582784218714 4.0148058806662439 1.0794115918688474 3.5151342931785621 2.1473541573795947 11.124556376016699 9.7829589049651968 0.73356802646594665 7.2935647599661024 2.8513030884787423 3.966008087299997 3.5197389874374494 3.7338435172132449
leaf_count=114949 463 385 441 35383 467 38470 5010 13690 1230 336 7470 15121 313 439 4520 852 296 561 2504 34 313 87 3562 2723 72 2927 2304 1419 2023 1837
internal_value=0.00201914 -0.010905 0.0190099 0.00111132 0.00877379 0.00219423 -0.028692 -0.0102175 0.0534816 0.0297769 0.0154889 0.00114579 0.00708643 0.0232064 0.014825 0.0849428 0.0243709 0.0897543 0.00644124 0.066907 0.014874 0.0365977 0.0146519 0.00549709 -0.0117715 0.0519133 -0.0047612 0.0103634 0.0256936 0.078804
internal_weight=196.813 111.987 84.8256 82.9001 66.3716 59.522 24.7534 59.8791 18.454 23.021 17.6473 41.2413 36.8523 22.3329 20.7553 1.57763 34.7687 1.11191 19.6434 5.37369 6.56222 14.9567 26.8323 21.6411 11.8581 7.9364 15.6286 10.3371 7.48575 4.81326
internal_count=260201 204140 56061 89191 54303 53836 43793 79129 1758 10062 7855 43746 28625 14935 13644 1291 10043 874 12770 2207 5323 1317 6653 6357 3634 3390 10266 5746 3442 1871
is_linear=0
shrinkage=0.05


Tree=43
num_leaves=31
num_cat=0
split_feature=1 5 8 2 1 1 0 0 21 1 19 19 2 12 21 8 0 19 21 0 0 2 21 21 7 2 21 0 0 0
split_gain=19.4406 34.1017 11.0803 7.41438 6.41038 6.98219 4.29749 6.34729 4.87264 4.11085 3.85853 3.6595 4.33672 4.21792 4.32783 4.80237 3.88278 3.49647 3.33437 3.14953 7.57311 4.47401 2.90162 3.26435 2.70149 2.42617 2.63983 2.42176 9.11405 5.35224
threshold=6.3026816844940194 1.0000000180025095e-35 1.0000000180025095e-35 6.5000000000000009 0.3359819650650025 1.4000559449195864 3.034231543540955 1.7552679777145388 7.4178807735443124 4.6835310459136972 9.4546971321105975 7.7609152793884286 19.500000000000004 1.0000000180025095e-35 4.5591125488281259 1.0000000180025095e-35 7.5379920005798349 6.0363986492156991 7.846198797225953 3.034231543540955 3.049036026000977 2.5000000000000004 7.9386239051818857 5.5778396129608163 1.0000000180025095e-35 4.5000000000000009 7.1045546531677255 3.9196934700012211 4.6051201820373544 3.9063067436218266
decision_type=2 2 2 2 2 2 2 2 2 2 2 2 2 2 2 2 2 2 2 2 2 2 2 2 2 2 2 2 2 2
left_child=1 2 -1 25 6 10 7 -3 -8 17 -6 12 16 14 24 -16 -5 -4 -10 -12 21 -21 23 -7 -13 -2 -27 29 -29 -25
right_child=3 4 9 11 5 22 8 -9 18 -11 19 13 -14 -15 15 -17 -18 -19 -20 20 -22 -23 -24 27 -26 26 -28 28 -30 -31
leaf_value=-0.048941106150880806 0.038927590124526588 0.035843593254137301 0.044904623229800648 0.049666346699057395 -0.038880532304981827 -0.026535788947881968 -0.004863976250537261 -0.037012122872955563 0.14537482159557283 0.050630223794030739 -0.039101596415490165 -0.0090721658030122106 -0.020828449542011528 0.033119203143061902 -0.038494518526750537 0.034909453554784343 -0.019320805382382299 -0.03103566856262583 0.016784354895799825 -0.015521149029616189 -0.0088089398605205368 0.078271160769228285 -0.0091482274655081651 0.0024991349424100134 0.05908405481514966 0.012335728108875711 0.11045167678860533 -0.041757065854289482 0.04250136268555476 0.11432484458208303
leaf_weight=42.288190256804228 11.882972038496517 15.396903624059638 1.0748005425557474 14.485053326585334 7.7751587170350822 1.5977536868304074 1.1302626676915672 2.8023373636533497 1.319199187710183 2.9877680828794837 3.555957250675422 2.3385837182868334 2.7126900826697229 6.8744083348574341 10.583667784114365 1.9321397566236562 1.8106409264000838 5.006070824136259 1.018410415999824 1.3435807377100015 19.349882531241747 3.7177882259711623 5.2420657224429297 1.8311197844450389 2.0526314386515878 1.1794948057358845 2.7189733555860585 3.2159751592553247 14.09953613206744 1.7388490969315171
leaf_count=172898 630 1349 29 2276 16282 823 679 5029 393 33 8307 258 138 2111 15616 41 288 924 437 8 16590 212 3264 1965 23 331 602 3373 4466 66
internal_value=0.00375312 -0.00660462 -0.0383886 0.027596 0.0127919 0.00456296 0.0356314 0.0232817 0.0807251 0.0107927 -0.00995301 0.0160944 0.0318593 0.00271653 -0.0108044 -0.0254183 0.0413272 -0.0131671 0.111167 -0.000846281 0.00604578 0.0549202 0.0229714 0.0305309 0.0278367 0.0559639 0.0893448 0.0359096 0.0254268 0.0700648
internal_weight=195.063 136.492 51.3568 58.5713 85.1348 63.4677 21.6671 18.1992 3.46787 9.06864 35.7424 42.7898 19.0084 23.7814 16.907 12.5158 16.2957 6.08087 2.33761 27.9672 24.4113 5.06137 27.7253 22.4832 4.39122 15.7814 3.89847 20.8855 17.3155 3.56997
internal_count=259441 237127 173884 22314 63243 55356 7887 6378 1509 986 41399 20751 2702 18049 15938 15657 2564 953 830 25117 16810 220 13957 10693 281 1563 933 9870 7839 2031
is_linear=0
shrinkage=0.05


Tree=44
num_leaves=31
num_cat=0
split_feature=1 5 7 17 16 11 1 0 0 0 0 0 0 0 0 9 2 1 4 13 2 2 19 19 19 1 2 18 15 0
split_gain=15.7945 28.5796 6.9543 6.60576 7.30593 6.27096 4.9364 8.31539 6.7856 6.51624 11.3176 8.83197 12.6449 11.5636 10.7312 11.2988 6.18656 4.63384 4.62377 10.1143 4.25562 3.77857 2.84538 2.49404 2.95935 2.32425 2.88126 2.32062 2.04806 1.94663
threshold=6.4660279750823983 1.0000000180025095e-35 1.0000000180025095e-35 24.707138061523441 5.5000000000000009 1.0000000180025095e-35 0.23319613933563235 3.034231543540955 3.049036026000977 3.3986942768096928 3.4113126993179326 3.9063067436218266 3.9196934700012211 4.6051201820373544 4.6206989288330087 1.0000000180025095e-35 10.500000000000002 2.6667716503143315 1.0000000180025095e-35 1.0000000180025095e-35 4.5000000000000009 20.500000000000004 8.5508441925048846 6.9712896347045907 6.8910326957702646 0.71630898118019115 10.500000000000002 1.5000000000000002 1.5000000000000002 7.5379920005798349
decision_type=2 2 2 2 2 2 2 2 2 2 2 2 2 2 2 2 2 2 2 2 2 2 2 2 2 2 2 2 2 2
left_child=1 2 28 5 -5 18 -3 -8 -9 -10 20 -12 16 -14 25 -16 -13 -4 27 23 -11 29 -19 24 -20 -15 -27 -2 -1 -6
right_child=3 6 17 4 21 -7 7 8 9 10 11 12 13 14 15 -17 -18 22 19 -21 -22 -23 -24 -25 -26 26 -28 -29 -30 -31
leaf_value=-0.045375291392383783 0.030381733042271437 0.034482472518023707 -0.036211444374921763 0.093455999431342238 0.045017736225538993 0.05738466636075782 -0.043733468320680376 0.054411567333794944 -0.042503538752814998 0.032755101328472529 -0.044246707196668206 0.028625130473130131 -0.044671795758018093 0.00081019739682424525 -0.021140587697990012 0.058019254600324505 0.14700706664204438 0.058249327544407696 -0.021896505496323437 0.03896254351837089 0.13782642129827796 -0.033050730510038831 -0.023096943166313975 -0.046138668977474845 0.074179198057456361 0.11960811444715036 0.010900333499437455 -0.014179253759335909 0.0053267289762142754 -0.011589771637325594
leaf_weight=41.672738913010107 14.504865117691226 16.921765467151999 2.3213922571158028 5.4917446786421342 7.3990736220439413 5.8250645715743294 6.8406509886553968 6.8533760564750983 5.5285315125947809 3.5294948220252982 7.4173333232756695 3.407249236945062 9.1257994060579204 0.75168057676637801 14.532469487632627 5.3520279396907418 1.280925959406886 3.211561058924417 1.5236576707829979 5.4994634133763602 1.081950257765129 1.6751664497132868 0.83638035130570632 10.428025335640994 0.20096284289320454 2.3715045554563408 1.008443351020105 2.9726495596114537 1.8812076283065824 1.4199897999933453
leaf_count=163082 2444 3264 8828 299 299 48 16678 363 8457 16 11651 78 12084 29 9763 131 234 529 932 220 334 18 1848 16869 61 51 151 23 1022 113
internal_value=0.00288793 -0.00638766 -0.0360995 0.0247583 0.0511208 0.013495 0.0110762 0.00493256 0.0108882 0.00463339 0.0105931 0.00223664 0.0122554 0.000422002 0.0186578 0.00192365 0.081128 0.0112131 0.00483051 -0.0128785 0.0775757 0.0227631 0.0401958 -0.0375169 0.0124154 0.0831259 0.0970678 0.0224454 -0.0431149 0.0356511
internal_weight=192.867 135.926 49.9233 56.9407 15.986 40.9547 86.0032 69.0814 62.2408 55.3874 49.8589 45.2474 37.8301 33.1419 24.0161 19.8845 4.68818 6.36933 35.1296 17.6521 4.61145 10.4942 4.04794 12.1526 1.72462 4.13163 3.37995 17.4775 43.5539 8.81906
internal_count=259919 238593 175309 21326 729 20597 63284 60020 43342 42979 34522 34172 22521 22209 10125 9894 312 11205 20549 18082 350 430 2377 17862 993 231 202 2467 164104 412
is_linear=0
shrinkage=0.05


Tree=45
num_leaves=31
num_cat=0
split_feature=5 1 19 13 0 1 1 0 0 11 8 0 0 0 0 21 0 0 17 16 17 19 19 1 19 21 19 0 0 9
split_gain=16.2374 26.6494 10.9904 11.1448 6.01696 5.5185 7.20737 6.28292 8.86474 5.31608 4.75779 4.40238 10.5325 5.59801 12.5248 5.37833 5.11843 5.33039 3.44713 3.11118 3.10112 3.00881 2.9749 2.83204 3.139 2.49279 2.37303 2.41863 2.2882 2.20789
threshold=1.0000000180025095e-35 4.7739629745483407 8.6820039749145526 1.0000000180025095e-35 4.9200904369354257 2.900287508964539 0.23319613933563235 3.034231543540955 3.049036026000977 1.0000000180025095e-35 1.0000000180025095e-35 3.3986942768096928 3.4113126993179326 3.9063067436218266 3.9196934700012211 8.0274763107299822 4.6051201820373544 4.6206989288330087 10.606801033020021 8.5000000000000018 8.798492908477785 11.590451717376711 7.1766235828399667 0.87563878297805797 10.335401535034181 7.5315518379211435 6.8910326957702646 5.4417030811309823 7.2460365295410165 1.0000000180025095e-35
decision_type=2 2 2 2 2 2 2 2 2 2 2 2 2 2 2 2 2 2 2 2 2 2 2 2 2 2 2 2 2 2
left_child=1 10 4 9 -3 6 25 -8 21 -4 -1 -10 15 -14 23 -13 -16 -18 -6 26 -12 -9 -22 -15 -25 -2 27 -7 -20 -19
right_child=5 2 3 -5 18 19 7 8 11 -11 20 12 13 14 16 -17 17 29 28 -21 22 -23 -24 24 -26 -27 -28 -29 -30 -31
leaf_value=-0.048710895737951836 0.0085523861856947308 0.1030865898517187 -0.046848677337815316 0.04238676618822828 -0.0062964430540971275 -0.042820286447293882 -0.043592221838840192 0.069777765162104544 -0.042258409075441983 0.023604756248014645 -0.034189001199089505 0.090097751337179954 -0.043958307859258111 0.003266680510666393 -0.044588577130355828 -0.026480395186229761 0.059974404354469824 -0.021502032101537297 0.054580733501194668 -0.014450503164426969 0.05334596536446079 -0.010516149096590545 -0.022090958697707757 -0.00069215219322689306 0.10741981435885711 0.049633939293063589 0.041074358777685969 0.023720364404054006 0.010113704445167696 0.032880315953000457
leaf_weight=35.129108870518394 6.247071848629278 2.2840150677511728 12.342800101119794 5.9567230885731979 5.4391161879175369 1.1340552312904066 6.6701514218002549 5.1829196076723738 5.3307924615219227 2.6906308373436323 3.1094160400389219 3.5400523943244471 7.0701477577094947 1.3768720107036667 7.405910318746467 0.77592952828854311 2.3981293686665586 8.6535728239687124 8.1291740051965444 2.8259344595135181 2.2489604139700536 1.1437085757497696 1.4586061604204585 0.80646601319313083 2.6633512997068465 10.162024773308074 27.796070544660324 2.7927894166787155 5.0268497082433887 1.379537413245999
leaf_count=160930 1655 517 24462 248 5396 121 16815 309 8502 38 801 298 11628 107 11347 52 205 7112 2182 47 29 43 156 91 112 1662 4427 111 703 68
internal_value=0.00257025 -0.0137622 0.0143254 -0.0110551 0.03918 0.0155708 0.00738034 -0.0015531 0.00509613 -0.0335534 -0.0414793 -0.00378686 0.00288545 -0.00778707 0.00388152 0.0681005 -0.0144136 0.00554448 0.0264702 0.0316769 -0.00274925 0.0558083 0.0252797 0.06842 0.0877589 0.0353835 0.0361021 -0.000287102 0.0395048 -0.0117221
internal_weight=189.171 83.8154 41.8693 20.9902 20.8792 105.355 70.8066 54.3975 47.7274 15.0334 41.9461 41.4008 36.07 31.754 24.6838 4.31598 19.8371 12.4312 18.5951 34.5488 6.81698 6.32663 3.70757 4.84669 3.46982 16.4091 31.7229 3.92684 13.156 10.0331
internal_count=260174 195462 33546 24748 8798 64712 60006 56689 39874 24500 161916 39522 31020 30670 19042 350 18732 7385 8281 4706 986 352 185 310 203 3317 4659 232 2885 7180
is_linear=0
shrinkage=0.05


Tree=46
num_leaves=31
num_cat=0
split_feature=2 0 5 8 17 18 2 19 17 0 16 12 16 16 5 21 17 17 19 18 2 2 19 19 17 2 19 19 19 18
split_gain=13.4803 8.01776 9.51011 10.003 9.02398 5.6825 4.62478 6.30627 3.85293 4.44283 3.81479 3.71991 3.71984 3.34503 3.22012 2.86279 2.75295 4.2263 2.44688 2.44134 2.48653 2.34992 4.6258 3.02092 2.39271 2.12629 4.28023 3.81792 3.24256 2.10389
threshold=7.5000000000000009 5.5134489536285409 1.0000000180025095e-35 1.0000000180025095e-35 3.2979288101196294 1.0000000180025095e-35 18.500000000000004 7.7609152793884286 8.5751705169677752 7.3734118938446054 9.5000000000000018 1.0000000180025095e-35 2.5000000000000004 8.5000000000000018 1.0000000180025095e-35 7.6863918304443368 0.15951069444417956 1.3182086348533633 10.920516490936281 4.5000000000000009 15.500000000000002 3.5000000000000004 10.042304515838625 10.009805679321291 8.2603316307067889 10.500000000000002 10.856985092163088 9.3777394294738787 12.498506069183351 8.5000000000000018
decision_type=2 2 2 2 2 2 2 2 2 2 2 2 2 2 2 2 2 2 2 2 2 2 2 2 2 2 2 2 2 2
left_child=5 2 3 -2 12 16 7 8 -3 -10 -7 14 19 15 -9 -8 -1 -18 21 20 25 22 -19 -23 -25 26 27 -4 -27 -6
right_child=1 6 4 -5 29 10 13 11 9 -11 -12 -13 -14 -15 -16 -17 17 18 -20 -21 -22 23 -24 24 -26 28 -28 -29 -30 -31
leaf_value=0.033758770053450314 -0.04753950634174664 -0.019419080119841031 -0.015134333094736181 0.021679136771952101 -0.034080044658380097 0.063081101456380309 0.057169123872538322 -0.039978334451932128 0.045927179335066459 -0.023207337221128103 -0.024352871226552761 0.018058174344009789 0.053461528156413932 -0.035771940749648949 0.0059543203241268078 -0.0059979251457893783 -0.028455474429045259 0.046276927978271737 -0.01593862130453241 -0.046753862975500354 0.029098851776553671 -0.015448926574601188 -0.01257987637682112 0.064210391539369763 -0.0016352882418154313 -0.024551001414034056 -0.0092112990614637482 0.12645591373523332 0.049653743004566479 0.028264859603396437
leaf_weight=12.065644149974103 28.728343259965186 3.6129401426296708 0.43010574573419136 5.717086747987195 15.598991373553872 9.6111972283979377 7.8192999502352869 12.371150784398202 11.702306910228797 2.1951139184093327 0.88600155260064717 5.2753643053147234 4.3412210170063181 0.71300118007639035 5.010585192765574 2.0284528730408056 6.0566271283023516 3.9703858075372471 4.5675003838696275 0.98840004950761695 9.754763282631755 1.6043496267229764 9.2924837747123075 6.038972279871814 1.6552936607913578 9.1865264995431026 2.9604677910683677 0.41417235494009219 0.77091729259700592 0.73324809968471605
leaf_count=4515 139015 2544 739 860 23285 609 2567 25803 2780 270 19 3028 2851 61 1984 1953 4154 666 5468 9 9613 2445 2331 1872 1125 14487 3895 334 481 5
internal_value=0.00225333 -0.00655727 -0.0163756 -0.0357634 -0.00113948 0.022607 0.00887245 0.000830904 0.0226712 0.0341825 0.0542251 -0.016293 0.015549 0.0367407 -0.0271339 0.0448044 0.0142586 0.00638855 0.0149026 0.0069999 0.011074 0.0215578 0.00704879 0.0395586 0.051486 -0.00280792 0.0251222 0.0852294 -0.0147988 -0.0298117
internal_weight=186.101 130.352 79.6242 34.4454 45.1788 55.7485 50.7282 40.1675 17.5104 13.8974 10.4972 22.6571 28.8466 10.5608 17.3817 9.84775 45.2513 33.1856 27.129 24.5054 23.517 22.5615 13.2629 9.29862 7.69427 13.7622 3.80475 0.844278 9.95744 16.3322
internal_count=259768 236564 195574 139875 55699 23204 40990 36409 5594 3050 628 30815 32409 4581 27787 4520 22576 18061 13907 29558 29549 8439 2997 5442 2997 19936 4968 1073 14968 23290
is_linear=0
shrinkage=0.05


end of trees

feature_importances:
amount_log=363
amount_to_baseline=187
hour_of_day=132
log_seconds_since_last=118
tenure_log=110
account_amount_24h_to_baseline=102
is_ecom=52
is_foreign_merchant=51
is_new_device=45
device_txn_count_1h=40
account_txn_count_24h=34
is_transfer=29
ip_country_mismatch=29
card_country_change_1h=24
beneficiary_foreign=22
mcc_high_risk=16
has_device=16
is_new_beneficiary=14
card_txn_count_1h=12
is_pos=5
risk_tier_elevated=5
is_night=3
card_txn_count_10m=1

parameters:
[boosting: gbdt]
[objective: binary]
[metric: binary_logloss]
[tree_learner: serial]
[device_type: cpu]
[data_sample_strategy: bagging]
[data: ]
[valid: ]
[num_iterations: 1000]
[learning_rate: 0.05]
[num_leaves: 31]
[num_threads: 4]
[seed: 42]
[deterministic: 1]
[force_col_wise: 0]
[force_row_wise: 1]
[histogram_pool_size: -1]
[max_depth: -1]
[min_data_in_leaf: 50]
[min_sum_hessian_in_leaf: 0.001]
[bagging_fraction: 0.8]
[pos_bagging_fraction: 1]
[neg_bagging_fraction: 1]
[bagging_freq: 1]
[bagging_seed: 400]
[bagging_by_query: 0]
[feature_fraction: 0.8]
[feature_fraction_bynode: 1]
[feature_fraction_seed: 30056]
[extra_trees: 0]
[extra_seed: 12879]
[early_stopping_round: 0]
[early_stopping_min_delta: 0]
[first_metric_only: 0]
[max_delta_step: 0]
[lambda_l1: 0]
[lambda_l2: 1]
[linear_lambda: 0]
[min_gain_to_split: 0]
[drop_rate: 0.1]
[max_drop: 50]
[skip_drop: 0.5]
[xgboost_dart_mode: 0]
[uniform_drop: 0]
[drop_seed: 17869]
[top_rate: 0.2]
[other_rate: 0.1]
[min_data_per_group: 100]
[max_cat_threshold: 32]
[cat_l2: 10]
[cat_smooth: 10]
[max_cat_to_onehot: 4]
[top_k: 20]
[monotone_constraints: ]
[monotone_constraints_method: basic]
[monotone_penalty: 0]
[feature_contri: ]
[forcedsplits_filename: ]
[refit_decay_rate: 0.9]
[cegb_tradeoff: 1]
[cegb_penalty_split: 0]
[cegb_penalty_feature_lazy: ]
[cegb_penalty_feature_coupled: ]
[path_smooth: 0]
[interaction_constraints: ]
[verbosity: -1]
[saved_feature_importance_type: 0]
[use_quantized_grad: 0]
[num_grad_quant_bins: 4]
[quant_train_renew_leaf: 0]
[stochastic_rounding: 1]
[linear_tree: 0]
[max_bin: 255]
[max_bin_by_feature: ]
[min_data_in_bin: 3]
[bin_construct_sample_cnt: 200000]
[data_random_seed: 175]
[is_enable_sparse: 1]
[enable_bundle: 1]
[use_missing: 1]
[zero_as_missing: 0]
[feature_pre_filter: 1]
[pre_partition: 0]
[two_round: 0]
[header: 0]
[label_column: ]
[weight_column: ]
[group_column: ]
[ignore_column: ]
[categorical_feature: ]
[forcedbins_filename: ]
[precise_float_parser: 0]
[parser_config_file: ]
[objective_seed: 16083]
[num_class: 1]
[is_unbalance: 0]
[scale_pos_weight: 1]
[sigmoid: 1]
[boost_from_average: 1]
[reg_sqrt: 0]
[alpha: 0.9]
[fair_c: 1]
[poisson_max_delta_step: 0.7]
[tweedie_variance_power: 1.5]
[lambdarank_truncation_level: 30]
[lambdarank_norm: 1]
[label_gain: ]
[lambdarank_position_bias_regularization: 0]
[eval_at: ]
[multi_error_top_k: 1]
[auc_mu_weights: ]
[num_machines: 1]
[local_listen_port: 12400]
[time_out: 120]
[machine_list_filename: ]
[machines: ]
[gpu_platform_id: -1]
[gpu_device_id: -1]
[gpu_device_id_list: ]
[gpu_use_dp: 0]
[num_gpu: 1]

end of parameters

pandas_categorical:[]
