tree
version=v4
num_class=1
num_tree_per_iteration=1
label_index=0
max_feature_idx=22
objective=binary sigmoid:1
feature_names=amount_log amount_to_baseline hour_of_day is_night is_transfer is_ecom is_pos mcc_high_risk is_foreign_merchant ip_country_mismatch has_device is_new_device is_new_beneficiary beneficiary_foreign card_txn_count_10m card_txn_count_1h account_txn_count_24h account_amount_24h_to_baseline device_txn_count_1h log_seconds_since_last card_country_change_1h tenure_log risk_tier_elevated
feature_infos=[0.41871032118797302:8.6162185668945312] [0.0039157737046480179:138.37327575683594] [0:23] [0:1] [0:1] [0:1] [0:1] [0:1] [0:1] [0:1] [0:1] [0:1] [0:1] [0:1] [0:5] [0:5] [0:17] [0:321.58056640625] [0:22] [0:14.767940521240234] [0:1] [2.8332133293151855:8.2022085189819336] [0:1]
tree_sizes=3378 3443 3409 3435 3435 3434 3436 3427 3421 3455 3447 3420 3433 3454 3456 3441 3426 3442 3446 3444 3440 3427 3406 3449 3463 3455 3444 3429 3461 3458 3467 3454 3446 3446 3447

Tree=0
num_leaves=31
num_cat=0
split_feature=8 9 9 2 2 13 2 19 2 11 17 19 17 2 17 19 21 19 21 17 21 15 21 2 21 21 17 21 21 21
split_gain=27217.2 3533.21 1389.25 521.22 167.541 75.0663 36.8035 10.2158 7.00518 4.56806 4.46354 4.44005 4.08258 2.83123 2.24622 1.94289 1.75463 1.59302 1.25439 1.24895 1.20308 1.19056 0.962596 0.931965 0.917994 0.844943 0.787306 0.461241 2.33359 0.411151
threshold=1.0000000180025095e-35 1.0000000180025095e-35 1.0000000180025095e-35 10.500000000000002 19.500000000000004 1.0000000180025095e-35 4.5000000000000009 10.816390991210939 3.5000000000000004 1.0000000180025095e-35 13.563750743865969 11.874733448028566 5.8390588760375985 12.500000000000002 4.7249741554260263 10.267819881439211 6.8319530487060556 10.654984951019289 4.9522936344146737 1.9704825282096865 6.0038840770721444 2.5000000000000004 6.3153433799743661 13.500000000000002 6.5743780136108407 6.7007305622100839 14.665125846862795 7.6539690494537362 7.9900686740875253 5.8274729251861581
decision_type=2 2 2 2 2 2 2 2 2 2 2 2 2 2 2 2 2 2 2 2 2 2 2 2 2 2 2 2 2 2
left_child=2 -2 5 -3 13 6 7 10 11 21 16 12 24 -5 19 -12 17 18 -1 -7 -10 -8 -19 -11 29 -13 -23 -26 -29 -9
right_child=1 3 -4 4 -6 14 9 8 20 23 15 25 -14 -15 -16 -17 -18 22 -20 -21 -22 26 -24 -25 27 -27 -28 28 -30 -31
leaf_value=-5.6633959735342287 -0.65956686414970633 -3.1419786701912202 -4.3434497722314038 -5.1211795375003932 -4.2518556292695777 -5.6186430188929144 -5.7472762340986518 -5.6636402319128738 -5.6633959735342287 -5.6345922076311519 -5.5960166958890891 -5.6633959735342287 -5.7100679004024117 -5.4974887081036172 -5.3857604817233797 -5.7100679004024117 -5.7269932387706151 -5.7074582483263576 -5.7276608223587875 -5.709021182742668 -5.7266215196534747 -5.7178347174053581 -5.6205265002193059 -5.7094465050098036 -5.5010095882199623 -5.7190934621266578 -5.6633959735342287 -5.7157366253138377 -5.615446903316597 -5.7093410192187504
leaf_weight=0.16633112682029416 1.3872015976812679 1.0711724567227063 0.77842967351898451 0.67197775235399682 0.40252132690511633 0.53225960582494625 498.52100006071851 0.1696577493567023 0.16633112682029594 0.30937589588574965 0.30604927334934462 0.16633112682029594 0.27943629305809725 1.9793404091615228 0.37590834661386907 0.27943629305809736 5.7384238753002137 0.19959735218435515 1.3206691469531504 0.24617006769403815 1.2142172257881609 0.59546543401665886 0.16633112682029605 0.25947655783966184 1.0146198736038061 0.66199788474477828 0.16633112682029605 0.49566675792448212 0.49566675792448223 0.25614993530325592
leaf_count=50 417 322 234 202 121 160 149858 51 50 93 92 50 84 595 113 84 1725 60 397 74 365 179 50 78 305 199 50 149 149 77
internal_value=-5.69836 -2.48615 -5.73891 -3.96388 -4.81185 -5.74365 -5.7448 -5.66414 -5.61412 -5.74698 -5.70022 -5.58403 -5.56061 -5.26995 -5.44748 -5.62303 -5.71434 -5.67912 -5.709 -5.63673 -5.7072 -5.74718 -5.63934 -5.65356 -5.54525 -5.69449 -5.69242 -5.53299 -5.64876 -5.67903
internal_weight=520.394 5.51221 514.881 4.12501 3.05384 514.103 512.949 13.0969 4.92007 499.852 8.17684 3.53953 2.7112 2.65132 1.15434 0.585486 7.59135 1.85293 1.487 0.77843 1.38055 499.283 0.365928 0.568852 2.43176 0.828329 0.761797 2.00595 0.991334 0.425808
internal_count=156433 1657 154776 1240 918 154542 154195 3937 1479 150258 2458 1064 815 797 347 176 2282 557 447 234 415 150087 110 171 731 249 229 603 298 128
is_linear=0
shrinkage=1


Tree=1
num_leaves=31
num_cat=0
split_feature=9 19 11 2 1 20 13 1 11 0 5 0 0 1 19 19 5 1 0 0 0 19 0 17 17 0 1 1 19 2
split_gain=1825.32 1664.18 613.489 218.217 193.942 97.4938 57.006 49.091 44.4667 35.6507 18.0481 15.3796 13.4479 13.1258 9.81984 6.04878 6.07585 13.3078 5.80085 7.78032 5.39471 5.13813 4.1503 3.70029 3.60314 2.98989 7.97881 4.63462 2.76778 2.72296
threshold=1.0000000180025095e-35 7.7940387725830087 1.0000000180025095e-35 4.5000000000000009 6.5549697875976571 1.0000000180025095e-35 1.0000000180025095e-35 7.5148038864135751 1.0000000180025095e-35 3.0337504148483281 1.0000000180025095e-35 4.5800063610076913 4.625119924545289 2.9951909780502324 11.293558597564699 7.3923821449279794 1.0000000180025095e-35 7.5148038864135751 3.0423772335052495 3.3996962308883671 5.5467584133148202 9.7278327941894549 5.5014009475708017 6.0762562751770028 5.7683861255645761 3.922072291374207 2.1180931329727177 2.3719784021377568 8.3519263267517108 5.5000000000000009
decision_type=2 2 2 2 2 2 2 2 2 2 2 2 2 2 2 2 2 2 2 2 2 2 2 2 2 2 2 2 2 2
left_child=3 -2 4 9 -3 6 8 -8 11 -1 -11 -5 14 18 28 23 -17 29 -12 -20 22 -21 -19 -14 -15 27 -27 -23 -13 -18
right_child=1 2 -4 5 -6 -7 7 -9 -10 10 13 12 15 24 -16 16 17 20 19 21 -22 25 -24 -25 -26 26 -28 -29 -30 -31
leaf_value=-0.043887517142677267 1.1283119341556824 -0.047679416187078105 0.94033828596017344 -0.046627015136488648 0.44844313058190527 0.13372589484215486 -0.02544245434479013 0.41548559605948587 0.099532390396266754 -0.034991458152428039 0.11918950227346103 0.03718508819892221 -0.028017395564407639 0.14887206093955269 0.095359902566516094 -0.04687252422365961 0.035879356060315712 0.0068910041685220046 -0.03208337618742961 -0.011193616689604398 -0.018993781380282224 0.092088690725677241 0.098856625201808893 0.030808250007001915 0.049853588478233499 -0.040646670881748552 0.075942016899508691 -0.0020998934164291865 -0.025501059591748216 -0.035948895880964525
leaf_weight=5.1496505716349921 5.2731304983608451 12.696019908413286 1.118487338069827 427.88934851367958 1.3041023444384343 7.2411889750510445 1.0278386930003751 0.28885220130905498 4.6532330242916933 2.3053515015635631 4.7805633875541416 1.5996892924886177 3.5234723282046598 11.647704860894008 2.7672332467045635 44.087813646765426 0.61106482497416692 2.1037199301645151 1.7740079273935432 1.8165477348957235 2.2137648202478886 11.937744054710494 2.6013569973874837 5.6280687022954226 2.4238708605989805 1.8446376901119936 2.2035568859428167 1.4037492773495603 4.5421240890864283 28.371491504600272
leaf_count=1410 317 1006 47 125423 89 48 269 74 195 687 39 225 1111 239 244 13274 53 384 532 81 698 589 52 1006 64 288 128 23 664 7340
internal_value=-0.0119299 0.441777 0.14718 -0.0284315 0.0253492 -0.0374937 -0.0400712 0.208878 -0.0410807 0.0735289 0.0885631 -0.0425113 -0.0242609 0.0963958 0.031747 -0.0301486 -0.0345118 -0.0184737 0.0703449 0.054299 0.0399508 0.0634707 0.0661526 0.00763069 0.136255 0.0714548 0.0252882 0.0827231 -0.00625336 -0.0332883
internal_weight=606.829 20.3917 15.1186 586.438 14.0001 539.15 531.909 1.31669 530.592 47.2874 42.1377 525.939 98.0498 39.8324 8.90905 89.1408 79.9892 35.9014 25.7608 20.9802 6.91884 19.2062 4.70508 9.15154 14.0716 17.3897 4.04819 13.3415 6.14181 28.9826
internal_count=156599 1459 1142 155140 1095 151060 151012 343 150669 4080 2670 150474 25051 1983 1133 23918 21801 8527 1680 1641 1134 1109 436 2117 303 1028 416 612 889 7393
is_linear=0
shrinkage=0.05


Tree=2
num_leaves=31
num_cat=0
split_feature=20 13 8 1 1 1 0 2 1 5 0 5 18 0 1 0 0 17 1 0 1 21 0 21 1 0 17 1 2 21
split_gain=1076.45 448.23 370.565 207.4 171.499 100.138 45.0874 37.2465 54.0573 46.2962 29.1446 22.344 6.54205 5.31827 4.53471 7.14678 20.5476 2.55422 2.42082 4.60898 3.85929 2.14353 2.08782 3.3303 2.18841 2.03364 2.00081 1.99038 1.74108 1.68935
threshold=1.0000000180025095e-35 1.0000000180025095e-35 1.0000000180025095e-35 0.15124437212944034 7.5148038864135751 6.8423619270324716 3.0337504148483281 2.5000000000000004 2.3262633085250859 1.0000000180025095e-35 1.7218729853630068 1.0000000180025095e-35 3.5000000000000004 5.0364005565643319 7.8995900154113778 5.5467584133148202 5.5014009475708017 7.9012126922607431 4.375859498977662 3.9354465007781987 2.5703370571136479 6.448888063430787 3.3996962308883671 7.7228989601135263 1.2578334808349612 3.0423772335052495 24.403407096862797 4.9058325290679941 6.5000000000000009 8.005533695220949
decision_type=2 2 2 2 2 2 2 2 2 2 2 2 2 2 2 2 2 2 2 2 2 2 2 2 2 2 2 2 2 2
left_child=1 2 7 -4 27 6 -5 8 22 -10 -2 -8 14 17 -9 16 28 18 19 21 -21 -13 -1 -24 29 -23 -17 -3 -16 -25
right_child=10 4 3 5 -6 -7 11 12 9 -11 -12 13 -14 -15 15 26 -18 -19 -20 20 -22 25 23 24 -26 -27 -28 -29 -30 -31
leaf_value=-0.040031830767714771 0.49263379774138916 -0.021857639957110001 0.367700744462091 -0.06133589977374914 0.79364257285351059 0.15519922080269388 -0.022829566948558543 -0.048164048907955045 -0.023856064628282877 0.38942063577805264 0.27602420517533455 0.023853178095302172 0.079618689477744781 -0.0066111654075855153 0.035966991264747623 -0.041721171279632298 0.19541415131014048 0.014638400430489827 0.082872547747048775 -0.016275597399429347 0.038897838572956922 0.093044529483948452 -0.02870490225368896 0.11700827031865545 -0.013750568564915248 0.051583239740081645 0.035206248003668547 0.061055768415433122 -0.03779317170329987 -0.008089596603174239
leaf_weight=3.9512669953983268 5.3752384551335153 0.77114958805032008 4.1565745966508976 13.389580405782906 1.3094777874648569 15.376291492953895 12.889072000980375 450.39581929380074 0.90654615312814713 0.82007191027514614 11.919285506941376 5.441189167089763 0.15599105251021583 3.9173408583737901 0.16293033258989442 10.818622927181419 0.4258793881163 5.0806689653545609 8.2159129749052209 4.1991244247183186 7.9790921080857515 6.1941188466735211 1.3365628863684835 0.19734209473244835 0.37757042283192277 19.288302262779325 0.17250232561491508 0.34880232810974121 3.0544259424787015 0.19220844144001603
leaf_count=1225 76 205 63 425 100 112 58 147667 275 211 119 86 28 56 51 3392 133 100 49 104 75 31 376 58 113 295 45 72 979 55
internal_value=-0.011084 -0.0229262 -0.0262571 0.0578045 0.547187 0.0417241 0.0200329 -0.0452015 0.058022 0.243265 0.366596 0.0355417 -0.047049 0.0481842 -0.0472622 -0.0182018 0.0360168 0.052039 0.0553913 0.0483926 0.0200823 0.0585633 -0.0217956 0.0143189 0.0631038 0.0647943 -0.0376785 0.0205849 -0.0264152 0.0938825
internal_weight=598.819 581.524 579.095 106.127 2.42943 101.971 86.5944 472.968 7.78157 1.72662 17.2945 73.2048 465.186 60.3157 465.03 14.6344 3.64324 56.3984 51.3177 43.1018 12.1782 30.9236 6.05495 2.10368 0.767121 25.4824 10.9911 1.11995 3.21736 0.389551
internal_count=156634 156439 156062 1454 377 1391 1279 154608 2313 486 195 854 152295 796 152267 4600 1163 740 640 591 179 412 1827 602 226 326 3437 277 1030 113
is_linear=0
shrinkage=0.05


Tree=3
num_leaves=31
num_cat=0
split_feature=9 8 7 13 18 2 6 2 13 0 0 0 19 0 0 0 17 19 0 0 0 0 19 19 11 15 0 19 0 19
split_gain=934.587 268.574 264.289 138.827 133.198 94.6686 73.2135 50.245 40.9725 38.6881 20.5808 19.1147 16.6223 14.1005 6.78747 9.13067 6.72523 6.19737 3.91498 3.93918 2.66505 4.05114 1.60209 2.88477 1.3898 1.26578 1.12695 0.958808 0.777763 0.632771
threshold=1.0000000180025095e-35 1.0000000180025095e-35 1.0000000180025095e-35 1.0000000180025095e-35 1.5000000000000002 10.500000000000002 1.0000000180025095e-35 4.5000000000000009 1.0000000180025095e-35 4.6030178070068368 1.4170652627944949 5.5467584133148202 9.1069369316101092 5.6539442539215097 3.0337504148483281 3.0617541074752812 18.886517524719242 11.096271991729738 5.0084662437438974 4.700071096420289 3.922072291374207 3.3996962308883671 10.267819881439211 10.174864292144777 1.0000000180025095e-35 2.5000000000000004 5.138089895248414 6.6791739463806161 3.8949786424636845 11.119845390319826
decision_type=2 2 2 2 2 2 2 2 2 2 2 2 2 2 2 2 2 2 2 2 2 2 2 2 2 2 2 2 2 2
left_child=1 7 3 4 10 -4 26 9 24 14 -2 18 -8 29 -1 -16 27 22 19 -11 21 -19 23 -17 25 -9 -3 -12 -27 -10
right_child=2 6 5 -5 -6 -7 12 8 13 11 16 -13 -14 -15 15 17 -18 20 -20 -21 -22 -23 -24 -25 -26 28 -28 -29 -30 -31
leaf_value=-0.040783298848861511 0.14550591731459603 0.064070662087627697 0.27341049558333519 0.42791545586594204 0.26788370463503441 0.61171646311464278 0.013921583698394441 -0.048419576511234776 -0.020778900348331283 0.11307080867102155 0.0037656903155506589 -0.019940512268013473 -0.068343901133399804 0.23054179115739065 0.16043173301680488 -0.025500098353037376 0.06271732793267519 -0.01433697795042682 0.3031292558462565 -0.018919277552293542 -0.014527039558247133 0.13353245714717155 -0.038443015820084546 0.0730447197122292 0.0115405720009639 -0.018010860903161476 0.087540294500217997 -0.047928514447702741 0.036756673711092702 0.025275917350773065
leaf_weight=4.3518496574833971 0.76429980341345682 57.357002198696136 11.250921826809643 2.0190826514735809 4.5581092918291679 3.5226157421711823 11.075549706816675 433.62109847785905 0.70396345225162693 0.22616889118216865 0.81048361025750359 0.65920021547935892 12.032257676124571 0.78068748558871437 0.18787967017851759 1.033706354210153 0.74438984459266144 0.40017454791814067 0.98168616462498903 0.60491277743130922 0.4073066513519733 0.63394591119140387 3.2770614500623196 0.21874593524262298 0.62309429701417585 0.56029070843942363 17.517340034246445 12.671721550868822 0.15237124869599938 0.32721806201152503
leaf_count=1421 17 247 122 38 74 204 50 149865 158 58 31 187 55 92 56 315 22 124 252 166 112 174 975 63 172 182 73 950 49 78
internal_value=-0.0113693 -0.0278213 0.230697 0.11071 0.0587181 0.387744 0.0468511 -0.0441572 -0.0470626 0.0499631 -0.0176556 0.194674 -0.0299722 0.145335 0.00197331 0.033662 -0.0354015 0.00723097 0.25206 0.0591345 0.0727716 0.0973937 -0.0230147 0.016499 -0.0481956 -0.0483076 0.0706429 -0.0447755 0.00832339 -0.000915641
internal_weight=584.075 547.734 36.3416 21.5681 19.549 14.7735 97.9821 449.751 436.769 12.9826 14.9909 2.47197 23.1078 1.81187 10.5107 6.15882 14.2266 5.97094 1.81277 0.831082 1.44143 1.03412 4.52951 1.25245 434.957 434.334 74.8743 13.4822 0.712662 1.03118
internal_count=156382 154924 1458 1132 1094 326 425 154499 150596 3903 1020 663 105 328 3240 1819 1003 1763 476 224 410 298 1353 378 150268 150096 320 981 231 236
is_linear=0
shrinkage=0.05


Tree=4
num_leaves=31
num_cat=0
split_feature=20 11 2 1 1 1 5 0 18 17 0 1 21 0 0 15 19 16 1 21 1 19 1 21 19 2 17 21 19 1
split_gain=685.933 265.197 206.635 133.903 36.7273 34.6072 33.9309 18.9944 18.4012 14.9508 14.1333 15.7661 11.94 8.87324 13.9646 13.4391 10.8393 5.06534 4.51687 7.77975 4.48469 5.33813 4.33501 3.90709 3.6303 3.28809 3.0742 2.76041 2.70354 2.42369
threshold=1.0000000180025095e-35 1.0000000180025095e-35 4.5000000000000009 17.185221672058109 5.4183347225189218 6.5549697875976571 1.0000000180025095e-35 3.0337504148483281 4.5000000000000009 18.886517524719242 1.7218729853630068 3.3670327663421635 5.744603395462037 4.6030178070068368 4.625119924545289 1.5000000000000002 11.119845390319826 1.5000000000000002 0.59516927599906932 7.4896914958953866 0.11108123511075975 6.5695257186889657 8.9147872924804705 8.0201058387756365 7.1583552360534677 21.500000000000004 7.2540745735168466 8.0735588073730487 9.2607989311218279 1.8521291017532351
decision_type=2 2 2 2 2 2 2 2 2 2 2 2 2 2 2 2 2 2 2 2 2 2 2 2 2 2 2 2 2 2
left_child=1 2 4 5 7 8 9 -1 13 -7 -3 -12 -8 20 16 24 28 27 -19 -20 21 -4 -6 -5 26 -26 -16 29 -15 -9
right_child=-2 10 3 23 22 6 12 17 -10 -11 11 -13 -14 14 15 -17 -18 18 19 -21 -22 -23 -24 -25 25 -27 -28 -29 -30 -31
leaf_value=-0.043632539461930561 0.24053718778904237 0.28839206707158377 0.099860149347410179 0.27285308645539008 0.093813352987454995 -0.047900062044317883 0.20200663698535717 0.049612333673861482 0.12693916735141486 0.089260710758327477 0.047710207654072308 0.20524792322405774 0.05101712396609747 0.030387237653535449 -0.034710820366614145 0.074298684642974483 0.097750826191946208 0.09016367676555137 0.04585634897460298 -0.02733313470863168 -0.046226807460052137 -0.028450718811622117 0.18435693233472686 0.023004415930138446 -0.044187486950018617 0.018937527345346011 0.031303315673498047 0.00093324074760202142 -0.040146492193905932 0.096772355211918459
leaf_weight=4.9837981185410163 25.176130898296833 4.1595147098414582 0.31925156153738399 2.5433602053672071 8.0618272353894991 14.74053175840527 0.77608560211956756 10.017640409525489 0.66223185765556891 1.3409591736271966 3.9795771923381835 3.0005813252646476 10.8986561500933 1.2535653656814241 2.2110191015526643 1.8857387579046179 2.9014591318555176 1.5691103059798468 7.5848820509854686 5.4200195865705609 386.25500957807526 1.3022155347280202 4.6718839760869733 0.36865105456672598 50.464081298327073 1.6225385749712575 2.9156176610849798 1.3593362453393627 2.7148385182954371 8.6717068860307318
leaf_count=1435 199 40 21 447 209 4682 155 637 8 140 183 42 1562 195 694 112 180 111 546 596 126179 443 108 118 15706 318 510 107 157 345
internal_value=-0.00955257 -0.0214452 -0.0266178 -0.0368249 0.0669154 -0.0391126 0.0146333 0.0412129 -0.0424197 -0.0319069 0.209779 0.132665 0.0762001 -0.0429453 -0.0253576 -0.0332598 0.0382107 0.054308 0.0288835 0.0155797 -0.0458637 0.0252687 0.138038 0.255189 -0.0380204 -0.0419014 0.00181416 0.0705396 -0.0162342 0.0752978
internal_weight=573.832 548.656 537.516 485.176 52.3402 482.264 27.7562 39.6065 454.508 16.0815 11.1397 6.98016 11.6747 453.845 65.9689 59.099 6.86986 34.6227 14.574 13.0049 387.876 1.62147 12.7337 2.91201 57.2133 52.0866 5.12664 20.0487 3.9684 18.6893
internal_count=156185 155986 155721 151627 4094 151062 6539 3777 144523 4822 265 225 1717 144515 17872 17340 532 2342 1253 1142 126643 464 317 565 17228 16024 1204 1089 352 982
is_linear=0
shrinkage=0.05


Tree=5
num_leaves=31
num_cat=0
split_feature=9 8 7 5 13 20 2 13 11 0 2 19 19 11 0 21 0 0 0 0 0 0 19 19 0 0 0 19 0 15
split_gain=715.811 243.725 82.8075 73.2204 71.2556 126.038 41.2388 30.0755 24.2983 19.3248 13.6452 12.131 11.0125 8.39729 7.71322 6.98784 5.59173 13.4084 4.21546 10.76 3.41277 3.32884 2.23321 2.04713 1.94652 7.38652 1.67995 1.64328 1.44995 1.3073
threshold=1.0000000180025095e-35 1.0000000180025095e-35 1.0000000180025095e-35 1.0000000180025095e-35 1.0000000180025095e-35 1.0000000180025095e-35 4.5000000000000009 1.0000000180025095e-35 1.0000000180025095e-35 3.908918142318726 11.500000000000002 8.1297311782836932 9.1069369316101092 1.0000000180025095e-35 5.5467584133148202 8.0647935867309588 5.0084662437438974 3.9786530733108525 3.0337504148483281 3.0617541074752812 6.0851709842681894 3.8551352024078374 10.36958694458008 11.188879013061525 3.4086693525314335 3.379462838172913 4.6030178070068368 10.745735168457033 3.908918142318726 2.5000000000000004
decision_type=2 2 2 2 2 2 2 2 2 2 2 2 2 2 2 2 2 2 2 2 2 2 2 2 2 2 2 2 2 2
left_child=1 6 4 12 5 8 9 13 20 18 -4 -9 -3 29 15 16 17 -11 -1 -20 -2 -15 26 27 25 -21 -19 28 -5 -8
right_child=2 3 10 23 -6 -7 7 11 -10 14 -12 -13 -14 21 -16 -17 -18 22 19 24 -22 -23 -24 -25 -26 -27 -28 -29 -30 -31
leaf_value=-0.04005149580678441 -0.048074905249715159 0.002321294393606991 0.18833516584826504 0.08281496494508013 0.28947281716473072 0.23297161995833485 -0.048119138599066781 0.21140615517658645 0.12988829141955535 0.19925922185899225 0.31410581936603815 0.0080658832476240821 -0.065767879864886622 -0.015625551161192779 -0.020700501574346632 -0.016829556517592457 0.21860763439314881 -0.014866888667802645 0.15501870624293052 -0.031038552815232795 0.032225567829093436 0.11629932328580049 -0.031546875339424567 0.083135660362709696 -0.035401306355570032 0.12166538011538362 0.075921003256095881 0.037325571648743699 0.054030902326885566 0.0096579804245860938
leaf_weight=3.9690141377504897 12.998009224422278 11.00928455591202 15.781159326434137 12.373381718993185 3.3536649104207745 6.3072511386126271 396.3041098723188 0.52871175250038449 1.4138542991131551 0.2034085749182849 7.5440758275799444 1.5706375516019759 11.727203786373137 0.45200161775573988 0.70163574395701278 0.50397188868373621 1.2323175109922884 0.42095402185805175 0.21917247027158726 1.6233255320694295 0.77529103960841972 0.20239375764504075 1.6911269740667192 21.945960849523544 2.3936421864200383 0.16488590161316086 0.19090173556469381 12.554735586047171 29.108716487884521 0.67445329972542722
leaf_count=1407 990 50 141 52 37 52 149930 61 13 56 196 277 56 117 186 127 219 122 53 518 32 49 456 92 647 48 49 53 121 224
internal_value=-0.00929784 -0.0267572 0.172953 0.0435093 0.102926 0.0622453 -0.0436156 -0.0465166 -0.0186699 0.0406438 0.240254 0.110963 -0.0340895 -0.0476243 0.109625 0.131016 0.150291 0.0639355 -0.00745559 0.0239135 -0.0416795 0.0708109 -0.00472523 0.0668706 -0.0115475 0.0216275 0.0429873 0.0588743 0.064364 -0.047997
internal_weight=559.939 511.766 48.1733 98.7193 24.8481 21.4944 413.047 399.732 15.1872 13.3144 23.3252 2.09935 22.7365 397.633 4.94432 4.24268 3.73871 2.50639 8.37004 4.40103 13.7733 0.654395 2.30298 75.9828 4.18185 1.78821 0.611856 54.0368 41.4821 396.979
internal_count=156431 154970 1461 424 1124 1087 154546 150658 1035 3888 337 338 106 150320 1215 1029 902 683 2673 1266 1022 166 627 318 1213 566 171 226 173 150154
is_linear=0
shrinkage=0.05


Tree=6
num_leaves=31
num_cat=0
split_feature=20 8 13 1 2 1 0 5 5 1 11 19 17 1 19 19 1 21 21 0 0 19 1 0 0 14 1 0 0 19
split_gain=505.186 242.331 137.915 84.3696 55.4783 52.8559 30.8309 40.7301 30.308 22.8276 17.2605 9.54901 6.2284 6.02398 5.11502 3.43026 3.94187 4.96411 3.67298 3.18393 6.80713 4.44686 3.0639 21.6667 2.61325 3.42606 2.02721 2.19659 10.211 1.94816
threshold=1.0000000180025095e-35 1.0000000180025095e-35 1.0000000180025095e-35 0.1343973055481911 4.5000000000000009 4.4969997406005868 3.908918142318726 1.0000000180025095e-35 1.0000000180025095e-35 4.9058325290679941 1.0000000180025095e-35 9.7504482269287127 5.2812895774841317 7.1505477428436288 10.745735168457033 10.912464141845705 0.9831334948539735 7.6442012786865243 7.6539690494537362 3.0337504148483281 3.4086693525314335 10.816390991210939 2.7419862747192387 3.9498003721237187 1.2513323426246645 1.0000000180025095e-35 7.8995900154113778 5.5467584133148202 5.5014009475708017 12.488617420196535
decision_type=2 2 2 2 2 2 2 2 2 2 2 2 2 2 2 2 2 2 2 2 2 2 2 2 2 2 2 2 2 2
left_child=1 2 4 -3 6 8 19 -8 -5 -4 24 -10 14 -7 -13 -16 18 -18 -17 -1 21 -21 23 -9 25 -6 -26 28 -28 -29
right_child=-2 3 9 5 10 13 7 22 11 -11 -12 12 -14 -15 15 16 17 -19 -20 20 -22 -23 -24 -25 26 -27 27 29 -30 -31
leaf_value=-0.039629169827591355 0.18210908931429345 0.19434801678076283 -0.022245085267720587 -0.046575204266084712 -0.027339976737916872 0.058330676310655888 -0.033849228793249496 0.2423023521703267 -0.014569552595205364 0.24084186830536436 0.10739977655941067 0.068089663960385613 -0.018740286154487307 0.11354187780785847 -0.018753055777258443 0.027457474061107923 0.019682806672776172 0.077030869248596312 -0.03433740973028359 -0.0032776786965572251 -0.034949817549837565 0.12091376821152025 0.27048320844080442 -0.029490071058611129 -0.048504105934638907 0.079925930814613813 -0.036877644181367984 -0.040712406414301121 0.11789510550494978 0.035039407867196608
leaf_weight=3.7714468494523299 31.244990464765579 7.6469169300980857 0.79418965009972353 17.967173844575882 1.1998071279376734 14.10563756292686 2.0679995338432491 0.19722834252752397 10.770053168758748 4.0722730220295489 0.89857821422628958 12.90928342216648 4.0356280358973882 13.580536098219453 2.7946279991883811 5.7668807758018392 8.7769666295498592 7.1613728706724933 2.7507131723687053 1.1364320490974931 2.2941434606909752 0.75447835866361845 1.8050022774841634 1.424041212769225 367.40743886819109 0.15092564886435855 2.7814074170310046 9.5298684663139248 0.48850060650147487 0.1756406382191934
leaf_count=1392 201 62 200 86 475 95 536 44 448 147 182 129 78 83 19 148 106 81 112 367 642 220 271 398 145428 11 1034 3334 139 65
internal_value=-0.00985274 -0.0219652 -0.0398779 0.0441302 -0.0433426 0.0309137 0.0535876 0.134497 0.0081803 0.201434 -0.0468808 0.0265912 0.0367222 0.0884267 0.0426154 0.0285646 0.034496 0.0484768 0.00599014 -0.0110624 0.0173592 0.0709597 0.220798 0.083397 -0.0475236 0.0135473 -0.0477755 -0.0251488 0.00843989 -0.0361966
internal_weight=540.46 509.215 400.949 108.266 396.083 100.619 13.4508 5.49427 72.9327 4.86646 382.632 54.9655 44.1955 27.6862 40.1598 27.2506 24.4559 15.9383 8.51759 7.9565 4.18505 1.89091 3.42627 1.62127 381.734 1.35073 380.383 12.9754 3.26991 9.70551
internal_count=156533 156332 154885 1447 154538 1385 3870 1249 1207 347 150668 1121 673 178 595 466 447 187 260 2621 1229 587 713 442 150486 486 150000 4572 1173 3399
is_linear=0
shrinkage=0.05


Tree=7
num_leaves=31
num_cat=0
split_feature=9 8 18 6 11 0 2 17 0 0 0 11 0 21 0 21 21 19 0 0 0 19 19 16 0 21 2 17 21 0
split_gain=478.366 224.362 84.3734 58.0383 42.7772 43.7118 35.414 20.8799 16.1103 15.899 13.2059 12.5141 6.71679 6.29096 5.6124 5.38898 4.47468 3.98882 4.7189 8.58029 3.53684 3.19912 5.0855 3.05818 3.04927 9.0082 3.95264 7.92052 4.02274 3.45666
threshold=1.0000000180025095e-35 1.0000000180025095e-35 1.0000000180025095e-35 1.0000000180025095e-35 1.0000000180025095e-35 5.7117505073547372 4.5000000000000009 33.014951705932624 3.908918142318726 3.6421808004379277 4.7516486644744882 1.0000000180025095e-35 5.5467584133148202 8.0334959030151385 3.9643307924270634 8.0647935867309588 5.5778396129608163 10.745735168457033 3.0337504148483281 3.4086693525314335 5.0680546760559091 10.317415714263918 9.1836886405944842 1.5000000000000002 5.5014009475708017 5.8957784175872812 9.5000000000000018 9.0854959487915057 7.7160148620605478 5.5467584133148202
decision_type=2 2 2 2 2 2 2 2 2 2 2 2 2 2 2 2 2 2 2 2 2 2 2 2 2 2 2 2 2 2
left_child=1 6 4 21 5 20 8 11 17 -5 -9 24 15 -4 -13 16 -10 -1 -19 23 -2 22 -3 -20 -8 29 27 -27 -29 -26
right_child=2 3 13 9 -6 -7 7 10 12 -11 -12 14 -14 -15 -16 -17 -18 18 19 -21 -22 -23 -24 -25 25 26 -28 28 -30 -31
leaf_value=-0.040692682700176182 -0.047397433813288016 0.065363328755363645 0.18621911344052614 -0.064678423136882421 0.17909499657561151 0.14582470074795142 -0.048062527590984644 -0.022259301263462958 -0.013237497459234785 0.015106558274243127 0.21102158700202917 -0.017332623360670402 -0.022071808078340863 0.091271682134963839 0.15032500663389212 -0.016883016627211419 0.13818406461415128 -0.031275607180935534 0.14905842038114248 -0.027038427164975905 0.019468626989976257 0.066810537239577292 0.021999150189628443 -0.0094319870379501788 0.11965174144335722 -0.035461911484108904 -0.047411318644057655 -0.013930782487579167 0.13994002104451084 0.0096987093821280426
leaf_weight=4.305098240496589 11.151327052619314 12.818504422903063 30.176568833645433 12.753795430064203 3.5833550058305255 3.2474720927420995 339.12375418376178 0.79889001697301754 0.35733747947960992 10.864550948143004 0.33982484298758209 0.52710688579827447 0.78340716916136433 5.0534266494214526 0.24736815085634589 0.5058219248894601 4.0410343480762094 1.6583143160678449 0.75746795930899713 1.1677416271995751 1.791043079458176 53.84192743897438 16.361657410860062 0.23145087575539947 0.17865417408757212 2.4159662248566778 17.157011159928516 0.38479821267537762 0.31520739779807627 2.3403536460828036
leaf_count=1527 884 53 307 63 25 86 141392 332 79 50 78 124 193 53 40 120 813 620 190 312 78 222 68 66 52 944 6465 148 89 821
internal_value=-0.00844943 -0.0244023 0.129936 0.0393796 0.0442223 0.00568838 -0.0424701 -0.0454659 0.034209 -0.0288541 0.113475 -0.0462756 0.0917873 0.175495 0.0907546 0.110633 0.125709 -0.0117632 0.0225541 0.0607408 -0.0374114 0.0589034 0.0425831 0.125873 -0.0468181 -0.0270595 -0.0384161 0.0105983 0.0969166 0.0492824
internal_weight=539.28 484.277 55.0032 106.64 19.7732 16.1898 377.637 363.829 13.8077 23.6183 1.13871 362.69 5.6876 35.23 0.774475 4.90419 4.39837 8.12007 3.81497 2.15666 12.9424 83.0221 29.1802 0.988919 361.916 22.792 20.273 3.11597 0.700006 2.51901
internal_count=156294 154861 1433 456 1073 1048 154405 150485 3920 113 410 150075 1205 360 164 1012 892 2715 1188 568 962 343 121 256 149911 8519 7646 1181 237 873
is_linear=0
shrinkage=0.05


Tree=8
num_leaves=31
num_cat=0
split_feature=8 9 18 1 1 5 2 17 1 11 17 5 2 9 17 1 11 2 2 17 1 1 1 1 18 18 17 19 19 17
split_gain=403.571 151.748 98.7778 36.2209 34.3126 42.9566 33.4082 27.1997 13.5179 12.0089 9.43538 9.27639 8.16893 7.35265 5.88064 4.93029 4.61895 3.61591 3.17234 2.32719 2.2116 2.50777 2.03904 1.90931 23.8992 2.5754 1.65169 1.95599 1.65675 3.70331
threshold=1.0000000180025095e-35 1.0000000180025095e-35 1.0000000180025095e-35 13.657860279083254 3.0630408525466923 1.0000000180025095e-35 4.5000000000000009 12.365121841430666 1.0685021877288821 1.0000000180025095e-35 1.7685652375221255 1.0000000180025095e-35 3.5000000000000004 1.0000000180025095e-35 1.1040852069854739 7.8995900154113778 1.0000000180025095e-35 16.500000000000004 16.500000000000004 16.663604736328129 1.6246471405029299 1.1685267686843874 7.8995900154113778 4.4969997406005868 2.5000000000000004 1.5000000000000002 3.785997867584229 10.745735168457033 9.9328789710998553 7.7884538173675546
decision_type=2 2 2 2 2 2 2 2 2 2 2 2 2 2 2 2 2 2 2 2 2 2 2 2 2 2 2 2 2 2
left_child=1 3 4 6 5 -2 8 18 -1 22 20 12 -3 -4 -11 -6 26 -14 -5 -12 21 -10 -8 24 25 -15 -7 28 29 -28
right_child=2 11 13 7 15 16 9 -9 10 14 19 -13 17 23 -16 -17 -18 -19 -20 -21 -22 -23 -24 -25 -26 -27 27 -29 -30 -31
leaf_value=-0.022586918539799189 -0.064183590089474704 0.15665004105536551 0.073408120718279124 -0.02094623741242399 0.055661410272394643 0.032512725368437995 -0.048319092134441133 0.26555151068301402 0.073216752284474815 -0.018617636460002189 -0.0073921430967315363 0.21533433232111676 0.0049098043786716984 0.0011717892815164854 0.14695589404892737 0.099823142961216402 0.074322396707654378 0.083277795406032182 0.061551150516293784 0.070093782829969975 0.13848626741843426 -0.022431784269104662 -0.021279255643469372 0.17311342176135994 0.1492075931165795 0.061485840933154491 0.040445377965302273 -0.019556973560737354 0.040604846775054958 -0.03763054468536986
leaf_weight=6.2605324890464527 13.499562516808508 2.2397430660203099 9.174681603908537 2.4181717506144196 27.115800025872886 33.096411450300366 333.08984111202881 0.58232623781077553 0.21701134834438585 0.58874577190726896 3.6687872898764913 3.0366928875446302 3.3028450896963477 3.9880810086615446 0.26856209198012948 11.946978378109632 5.4164806343615046 1.8667376553639767 0.79121126048266877 0.24851446575485159 2.7083793738856912 0.80781359225511551 9.3802373111247999 10.207538825459777 15.059982050210236 2.2402530703693628 1.8408160146791468 3.2392938621342173 4.1765516779851168 2.2651520168874413
leaf_count=2170 68 15 38 767 184 682 145561 101 59 128 837 24 159 108 46 68 25 49 268 60 492 216 3489 69 84 31 66 71 37 74
internal_value=-0.00919149 -0.0366745 0.0618291 -0.0422534 0.0350542 0.0119957 -0.0439814 0.0957576 0.0302541 -0.0470685 0.0711072 0.142985 0.091252 0.12691 0.084447 0.0713224 0.0334041 0.0421198 0.00918265 0.0107784 0.118759 0.0239789 -0.0476426 0.139757 0.116713 0.0283709 0.0269165 0.00952847 0.0217852 -0.00156123
internal_weight=514.744 371.476 143.268 361.03 102.597 63.5343 357.238 3.79171 13.911 343.327 7.65051 10.446 7.40933 40.6705 0.857308 39.0628 50.0347 5.16958 3.20938 3.9173 3.7332 1.02482 342.47 31.4959 21.2883 6.22833 44.6182 11.5218 8.28252 4.10597
internal_count=156046 154441 1605 154194 1275 1023 153058 1136 3834 149224 1664 247 223 330 174 252 955 208 1035 897 767 275 149050 292 223 139 930 248 177 140
is_linear=0
shrinkage=0.05


Tree=9
num_leaves=31
num_cat=0
split_feature=9 2 18 1 20 1 13 1 7 15 1 1 1 4 17 2 1 17 21 18 2 1 1 1 1 17 1 21 1 1
split_gain=366.429 119.781 47.3045 53.2634 45.25 31.4206 20.9626 20.2629 18.6842 16.9776 10.4762 9.9484 9.23337 8.79178 5.58146 5.10659 3.8666 3.52834 3.76167 3.14167 3.03406 3.33867 2.65014 2.49038 2.36067 2.10252 1.74587 1.62269 6.11491 1.59226
threshold=1.0000000180025095e-35 4.5000000000000009 1.0000000180025095e-35 10.488113403320314 1.0000000180025095e-35 3.5456125736236577 1.0000000180025095e-35 13.657860279083254 1.0000000180025095e-35 1.0000000180025095e-35 0.1343973055481911 4.631589651107789 2.7419862747192387 1.0000000180025095e-35 1.3113024234771731 21.500000000000004 9.6120772361755389 5.996021270751954 7.6736879348754892 1.0000000180025095e-35 1.5000000000000002 2.3719784021377568 0.11108123511075975 0.75797671079635631 0.86091771721839916 5.3511545658111581 11.728113651275637 6.7135634422302255 2.0812364816665654 5.4183347225189218
decision_type=2 2 2 2 2 2 2 2 2 2 2 2 2 2 2 2 2 2 2 2 2 2 2 2 2 2 2 2 2 2
left_child=1 12 3 8 5 15 9 -8 -2 14 -10 -12 20 17 16 22 -7 18 -14 -11 -1 27 -3 -17 -24 -25 -18 28 -22 -16
right_child=2 4 -4 -5 -6 6 7 -9 10 19 11 -13 13 -15 29 23 26 -19 -20 -21 21 -23 24 25 -26 -27 -28 -29 -30 -31
leaf_value=0.0081842649433332328 -0.042861689732115606 0.0094276266638908691 0.13669976421442631 0.18592087438706906 0.08221856742079664 -0.012819138239061018 -0.010119110245968396 0.23474269344147297 0.13724867507171831 0.085864355218290236 -0.04061714060816507 0.080549056892215032 0.1061941894317196 -0.03060535720976007 -0.047302852462679144 -0.031914296243983863 0.054986389360440271 0.022824371892720186 0.046339716145161108 0.0077600708723294734 -0.031545771673167508 -0.017597767557685672 -0.049263516467576575 0.033871547969795572 -0.039198148287259704 -0.028404525128558678 0.0026818788199572592 0.052362168003564948 0.096875744508002959 -0.022241954713706883
leaf_weight=14.872588547179474 10.034578399732714 1.9629309761803586 39.920195780228823 3.9161658482626072 7.2336079929955295 19.334332352736968 1.480994331184774 0.75094315782189358 1.7449491452425707 3.7876446668524286 3.0151326125487685 1.9582902370020745 10.223423588089654 1.5582907311618317 12.79696348984726 3.3979390456806851 2.5626608955208203 3.5013866669032714 6.7716279972810289 2.055037121521309 2.2622726266272433 1.8198934344109137 163.28133284742944 3.79570596315898 146.99180748453364 1.0304086427204309 3.0852120313793421 13.759099037386475 0.29869609768502403 18.526374987559393
leaf_count=1277 842 455 347 50 46 6032 184 26 11 319 124 33 192 360 4944 1254 447 82 116 650 425 78 69442 1084 59542 365 615 1492 12 5666
internal_value=-0.00905313 -0.024752 0.105323 0.0412108 -0.0344587 -0.0368593 -0.00489513 0.119407 -0.00118379 -0.0111794 0.0585544 0.0125898 0.0437411 0.0683782 -0.0199065 -0.0432456 -0.00207121 0.0769773 0.0862458 0.0635417 0.0257552 0.0389811 -0.0442674 -0.0038586 -0.0446363 0.017982 0.0311158 0.0459421 0.00643118 -0.0336271
internal_weight=507.73 447.141 60.5893 20.6691 392.074 384.84 64.3802 2.23194 16.753 62.1482 6.71837 4.97342 55.0673 22.0547 56.3055 320.46 24.9822 20.4964 16.9951 5.84268 33.0125 18.14 312.236 8.22405 310.273 4.82611 5.64787 16.3201 2.56097 31.3233
internal_count=156512 155105 1407 1060 151071 151025 18883 210 1010 18673 168 157 4034 750 17704 132142 7094 390 308 969 3284 2007 129439 2703 128984 1449 1062 1929 437 10610
is_linear=0
shrinkage=0.05


Tree=10
num_leaves=31
num_cat=0
split_feature=8 13 18 20 5 3 1 1 5 1 9 1 1 19 19 16 16 21 1 21 21 21 17 19 19 19 21 1 19 18
split_gain=359.769 105.134 71.7393 47.1739 32.5246 26.7562 14.0504 13.3424 17.4757 11.3326 8.06487 7.92523 25.7253 5.8263 4.78454 3.56634 2.24504 2.47677 2.16192 2.64944 1.53615 3.36888 2.88505 2.8251 2.53962 3.23765 1.41105 1.32152 0.99238 0.88958
threshold=1.0000000180025095e-35 1.0000000180025095e-35 1.0000000180025095e-35 1.0000000180025095e-35 1.0000000180025095e-35 1.0000000180025095e-35 11.728113651275637 2.0812364816665654 1.0000000180025095e-35 6.2895047664642343 1.0000000180025095e-35 0.16552247852087024 2.7980505228042607 9.7504482269287127 7.6298460960388192 4.5000000000000009 2.5000000000000004 8.123113155364992 5.0631608963012704 7.3508372306823739 7.1352891921997079 7.3108839988708505 5.4886660575866708 10.869652271270754 10.424569129943849 10.218130111694338 7.6669239997863778 2.3262633085250859 9.2410836219787615 1.0000000180025095e-35
decision_type=2 2 2 2 2 2 2 2 2 2 2 2 2 2 2 2 2 2 2 2 2 2 2 2 2 2 2 2 2 2
left_child=1 3 4 5 -2 10 13 20 -9 29 -1 -4 26 15 -12 28 17 -15 19 -10 -7 23 -23 -22 25 -24 -13 -18 -6 -3
right_child=2 9 11 -5 6 7 -8 8 18 -11 14 12 -14 16 -16 -17 27 -19 -20 -21 21 22 24 -25 -26 -27 -28 -29 -30 -31
leaf_value=-0.047096989218730317 -0.024501014949378445 -0.023977796589425122 0.13490344049190497 0.13444373367978765 -0.021623522299627648 -0.038871692926480059 0.11925380259098775 -0.034039076859704968 -0.0025316464446324674 0.16273657436695832 0.073624450537747882 -0.026914252866524397 0.11212465416947817 0.052319303662731277 -0.020851744751861447 0.05167956045274387 0.038489947594455579 0.0099439476306026984 0.17650781569045057 0.08843337832035808 -0.016270212036333744 -0.033310012676454136 -0.015611119172217186 0.099122469506201571 -0.021511892103706801 0.11391475074124219 0.014727601250379242 0.0063265809228148897 0.0078063447371741358 0.030701938755977504
leaf_weight=314.73040241328999 19.540080308914185 0.9116622230503697 19.975518617779016 2.8424418861977747 4.9132875434588623 3.444092563819142 5.3161810655146828 2.1024689846672118 1.0951939243823288 6.1641096933744848 1.3674363158643239 2.7145198537036803 17.337374976836145 53.533118411665782 2.3416402554139495 2.3294650660827747 6.0577247559558582 4.2464632818009695 1.2036783325020222 1.512199012795463 0.4802440172061323 4.9436429762281477 0.45196232432499506 0.34072177787311375 0.75119530479423702 0.2199278324842453 3.5488757314160466 6.6996397851034999 4.796983283245936 0.22655426990240812
leaf_count=149563 98 243 99 29 209 1196 33 538 155 116 24 78 99 607 174 58 93 66 110 223 169 1680 158 104 270 75 56 36 100 25
internal_value=-0.00876268 -0.0369056 0.0553773 -0.0411177 0.0328784 -0.0430031 0.0457669 0.0180634 0.0723536 0.139441 -0.0462226 0.108864 0.0822369 0.0396656 0.0222171 0.00685999 0.045091 0.0494271 0.125923 0.0601149 -0.0157578 -0.00128749 -0.0162017 0.059755 0.0324502 0.0695626 -0.00454051 0.0232867 -0.00771342 -0.00382555
internal_weight=496.139 345.13 151.009 337.827 107.433 334.985 87.8929 16.5453 5.91354 7.30233 318.439 43.5763 23.6008 82.5767 3.70908 12.0397 70.5369 57.7796 3.81107 2.60739 10.6318 7.18769 6.36673 0.820966 1.42309 0.67189 6.2634 12.7574 9.71027 1.13822
internal_count=156484 154852 1632 154468 1300 154439 1202 4678 1026 384 149761 332 233 1169 198 367 802 673 488 378 3652 2456 2183 273 503 233 134 129 309 268
is_linear=0
shrinkage=0.05


Tree=11
num_leaves=31
num_cat=0
split_feature=9 8 5 2 13 20 0 0 0 20 0 19 2 19 21 0 21 21 0 0 21 19 21 2 0 0 17 21 0 0
split_gain=325.742 140.181 38.1182 37.6863 32.5564 27.3991 32.6508 77.2073 12.7058 12.6546 12.191 8.08243 7.25938 6.77403 4.58691 3.83694 3.76462 3.52565 4.07529 10.5833 3.80302 3.36669 2.86387 1.88445 2.00796 1.91307 1.28348 1.27656 1.11151 13.2626
threshold=1.0000000180025095e-35 1.0000000180025095e-35 1.0000000180025095e-35 4.5000000000000009 1.0000000180025095e-35 1.0000000180025095e-35 4.8895592689514169 1.4170652627944949 5.6539442539215097 1.0000000180025095e-35 3.0337504148483281 9.3763751983642596 10.500000000000002 10.218130111694338 8.0389957427978533 5.5467584133148202 7.8099470138549814 6.4321355819702157 5.0084662437438974 3.922072291374207 7.6511201858520517 7.8676605224609384 4.9522936344146737 3.5000000000000004 4.6030178070068368 5.138089895248414 1.7685652375221255 7.9278655052185067 4.6030178070068368 4.625119924545289
decision_type=2 2 2 2 2 2 2 2 2 2 2 2 2 2 2 2 2 2 2 2 2 2 2 2 2 2 2 2 2 2
left_child=1 3 11 10 9 6 7 -2 -6 28 -1 -3 -7 -12 15 17 -8 22 19 -19 -20 -10 -15 26 -25 -26 -4 -21 -5 -30
right_child=5 2 23 4 8 12 16 -9 21 -11 13 -13 -14 14 -16 -17 -18 18 20 27 -22 -23 -24 24 25 -27 -28 -29 29 -31
leaf_value=-0.038879815523141896 0.13437862168187292 -5.8398832172990069e-05 0.040667228898444457 -0.048507357762465786 -0.026187128741047824 0.098584873315450766 0.13780291562676442 -0.04579125300367716 0.20614205001620817 0.12589073747419918 -0.017018657282323241 -0.060874516996270105 0.16666340447454867 0.069583931137119304 -0.0067172966352443166 -0.016958120181358293 0.0608144848130905 0.11681146599682764 0.20912957258302628 -0.032558210911487723 0.01626092485967209 0.041607767597400161 -0.026567887706762161 0.065369288925769639 0.025444626154633262 0.054182945468881007 0.017348976096036816 0.030444625048007896 0.084979997142071939 -0.042398149543210008
leaf_weight=3.4578090184368184 8.6215059440583008 10.67128722369671 17.293344050645832 250.24267221102491 1.079433869570493 17.745742186903957 9.9638938370626402 14.679931486723943 0.74697139486670483 0.13670557690784235 2.0120741243008515 10.197997331619261 11.312071170657871 0.25371542433276584 1.3024387545883653 0.50871439091861237 4.8211783401202402 2.5936881189700216 0.92660247860476352 1.8338417056947949 0.5036908658221364 1.1678076197858898 1.1171257842797784 17.72964796423912 15.843518376350405 12.997641146183012 12.320001691579817 0.24209875636734057 1.2214671729598183 50.892918582772836
leaf_count=1413 49 51 70 126057 237 75 155 1007 18 16 475 55 73 58 320 121 100 704 81 370 49 85 246 74 65 55 50 47 524 23962
internal_value=-0.00835873 -0.0248568 0.0275771 -0.0407841 -0.0445679 0.093035 0.0624202 0.0236579 0.0991103 -0.046312 0.035428 -0.0312015 0.129751 0.0594903 0.0761176 0.0888806 0.118141 0.0972387 0.111648 0.0644371 0.175847 0.154496 0.0130717 0.0438741 0.0506898 0.0397776 0.0318498 -0.0177018 -0.0468046 -0.0378689
internal_weight=484.438 417.293 97.0534 320.24 305.488 67.1443 38.0865 23.3014 2.99421 302.494 14.7518 20.8693 29.0578 11.294 9.28192 7.97948 14.7851 7.47076 6.09992 4.66963 1.43029 1.91478 1.37084 76.1842 46.5708 28.8412 29.6133 2.07594 302.357 52.1144
internal_count=156662 155203 420 154783 150899 1459 1311 1056 340 150559 3884 106 148 2471 1996 1676 255 1555 1251 1121 130 103 304 314 194 120 120 417 150543 24486
is_linear=0
shrinkage=0.05


Tree=12
num_leaves=31
num_cat=0
split_feature=9 8 5 2 7 18 1 1 1 17 0 0 11 1 21 21 0 1 1 1 1 21 21 20 1 1 2 2 1 19
split_gain=284.016 137.198 32.0456 31.0748 27.9573 24.1295 23.3555 21.6673 15.1589 12.965 12.9009 13.1048 12.0592 9.42158 10.002 8.67483 7.30957 26.433 5.09366 4.02129 4.20856 3.64173 3.08057 2.42455 2.21014 3.91198 3.13955 2.16867 2.43335 4.75541
threshold=1.0000000180025095e-35 1.0000000180025095e-35 1.0000000180025095e-35 4.5000000000000009 1.0000000180025095e-35 1.0000000180025095e-35 8.9147872924804705 13.657860279083254 1.0011607408523562 12.365121841430666 3.908918142318726 3.9498003721237187 1.0000000180025095e-35 5.0631608963012704 7.2741329669952401 7.9900686740875253 1.5271420478820803 4.9058325290679941 1.6485445499420168 2.0812364816665654 0.21532132476568225 7.9278655052185067 5.6886675357818612 1.0000000180025095e-35 2.3262633085250859 6.8423619270324716 4.5000000000000009 21.500000000000004 1.8810405135154726 10.482583045959474
decision_type=2 2 2 2 2 2 2 2 2 2 2 2 2 2 2 2 2 2 2 2 2 2 2 2 2 2 2 2 2 2
left_child=1 3 8 10 5 6 -2 12 -3 22 19 -12 23 21 -15 -6 -7 -18 -14 20 -1 -13 -9 27 26 -26 -4 -5 -29 -30
right_child=4 2 24 7 15 16 -8 9 -10 -11 11 13 18 14 -16 -17 17 -19 -20 -21 -22 -23 -24 -25 25 -27 -28 28 29 -31
leaf_value=0.059319920119923 -0.046849793617197412 -0.060901090968388173 0.036487959344671188 -0.048146489902479689 0.12506830692661577 0.12882319064154218 0.083600928359855928 0.065509172184543565 0.019227313889172364 0.16646539138323782 0.22089335093833451 -0.029171411707484191 -0.017320009836372253 0.17134366203023246 -0.0053782873511820147 0.051829844318897617 -0.043360031011721978 0.10179150437919396 0.13998709851732724 0.069955332200805312 -0.038125920925873025 0.052104940295247419 -0.023830217736895129 0.038248472174418013 0.020477092920088244 0.055049574098915047 0.070966740373403156 -0.031997686719205241 -0.027112286454917107 0.094035221425492921
leaf_weight=0.3716739530209433 9.3483576844446379 11.842041209340097 19.086498737335205 280.47225082525983 30.462471536826342 5.7092427164316204 4.1348449429497114 0.29722962132655073 10.234593689441679 0.83493480295874167 0.29160068975761522 3.7297249254770577 0.52683023782446881 1.0291495181154462 1.2251516163814811 6.9839501334354273 4.0603264523670068 8.2082268856465799 0.31459914986044168 0.24988777027465392 7.3210756490007043 0.95533301052637387 2.7686995442491025 0.13248434476554294 25.171218752861023 12.921723380684851 15.05961152911186 4.5300560174509874 1.179148933268152 0.38825969013851125
leaf_count=153 853 65 77 146214 260 28 49 83 48 90 43 702 138 111 173 68 142 47 47 53 2465 192 919 15 103 54 63 2312 569 183
internal_value=-0.00899479 -0.0251548 0.0273704 -0.041348 0.0840459 0.0470309 -0.00383483 -0.0449858 -0.0245306 0.0613412 0.0269875 0.0710646 -0.0466359 0.0377391 0.10316 0.113112 0.0833716 0.0541056 0.085576 -0.0165997 -0.0271354 -0.00634826 -0.00118755 -0.04732 0.0433499 0.0333128 0.0532808 -0.0474924 -0.0148624 0.0278349
internal_weight=469.841 400.934 94.3157 306.618 68.9074 31.461 13.4832 291.444 22.0766 3.90086 15.1736 7.23096 287.544 6.93936 2.2543 37.4464 17.9778 12.2686 0.841429 7.94264 7.69275 4.68506 3.06593 286.702 72.2391 38.0929 34.1461 286.57 6.09746 1.56741
internal_count=156319 154872 410 154462 1447 1119 902 150570 113 1092 3892 1221 149478 1178 284 328 217 189 185 2671 2618 894 1002 149293 297 157 140 149278 3064 752
is_linear=0
shrinkage=0.05


Tree=13
num_leaves=31
num_cat=0
split_feature=8 9 18 11 5 1 21 1 1 9 11 1 1 19 17 19 1 1 19 21 19 20 4 21 19 21 19 19 1 19
split_gain=267.85 104.784 58.3583 28.2497 25.7821 18.5983 11.2911 9.16646 8.23415 10.3772 14.8505 9.32055 8.15509 5.88305 3.94642 2.61434 2.49207 2.40354 7.71107 3.32174 3.66598 2.50083 1.87278 1.80795 1.67822 1.61258 1.57104 4.5175 1.50923 16.1983
threshold=1.0000000180025095e-35 1.0000000180025095e-35 1.0000000180025095e-35 1.0000000180025095e-35 1.0000000180025095e-35 8.9147872924804705 6.8319530487060556 1.2445819377899172 11.728113651275637 1.0000000180025095e-35 1.0000000180025095e-35 6.8423619270324716 0.9314178228378297 9.9061880111694354 12.365121841430666 7.7560305595397958 9.6120772361755389 1.8810405135154726 12.538527965545656 5.2600927352905282 11.2995982170105 1.0000000180025095e-35 1.0000000180025095e-35 4.686739683151246 8.1602830886840838 7.8772075176239023 11.548305511474611 7.8307564258575448 4.375859498977662 5.1301827430725107
decision_type=2 2 2 2 2 2 2 2 2 2 2 2 2 2 2 2 2 2 2 2 2 2 2 2 2 2 2 2 2 2
left_child=1 3 4 5 12 17 -7 -5 9 13 11 -11 -2 -6 16 -16 -8 21 19 20 -19 -1 -3 -22 28 -20 27 -24 29 -4
right_child=2 22 24 7 8 6 14 -9 -10 10 -12 -13 -14 -15 15 -17 -18 18 25 -21 23 -23 26 -25 -26 -27 -28 -29 -30 -31
leaf_value=-0.047752054979490574 -0.058401181241345856 0.13180548660310376 0.092669911807602118 -0.015977882855080727 0.0079461009456258062 0.092565536905976326 0.026614229650773948 0.20676308011578098 0.092562826645916182 -0.047331356509474738 0.08584922145603982 0.05873669897024747 0.0045912624003940274 0.047282953308407052 0.089369597623119884 -0.017136821573898373 -0.042001695582506771 -0.021687517875441722 0.076463054059424967 -0.040279781004344643 -0.011551458920400749 0.039924030853328907 0.076691728722991348 0.093704489569403096 0.12634083014836958 -0.012772618851000221 0.10378737473845492 0.00041599018989068942 0.098360512778069051 0.0034279691900899545
leaf_weight=212.57929789833724 9.1103085279464739 4.0683577209711048 17.013984868302945 0.46708066435530671 12.130951151251791 2.8379295868799073 0.95437711605336506 0.55594488559290767 5.3415627516806117 10.619750123238189 2.5118395797908297 1.6302856262773264 10.173442900180815 52.104031592607498 0.42556311318185169 0.51659059652592987 5.0723064306657761 2.5208235764876004 0.9752074007410545 64.956478102714755 0.2996402687858789 0.11145863123237987 3.8092930857092142 0.3913243564311415 6.5149119785055509 0.34209484956227243 2.6051966873928905 3.2733806045725942 18.013208920136094 7.1945479873102149
leaf_count=116178 52 22 82 129 50 850 399 72 30 859 13 23 49 211 57 166 2012 1241 441 32356 153 12 32 185 33 173 33 142 92 135
internal_value=-0.00779671 -0.0346812 0.0462062 -0.0411093 0.024556 -0.0422709 0.0234704 0.147438 0.0364227 0.031517 -0.00596347 -0.0298478 -0.0265806 0.0400898 -0.0127522 0.0522165 -0.0288946 -0.0446305 -0.0352387 -0.0378455 0.00926036 -0.0475195 0.0957441 0.0682218 0.090819 0.0577777 0.069685 0.0458525 0.0825417 0.0673361
internal_weight=459.121 306.762 152.359 293.006 103.622 291.983 9.80677 1.02303 84.3384 78.9969 14.7619 12.25 19.2838 64.235 6.96884 0.942154 6.02668 282.176 69.4856 68.1683 3.21179 212.691 13.7562 0.690965 48.7367 1.3173 9.68787 7.08267 42.2217 24.2085
internal_count=156282 154653 1629 154424 1287 154223 3484 201 1186 1156 895 882 101 261 2634 223 2411 150739 34549 33935 1579 116190 229 338 342 614 207 174 309 217
is_linear=0
shrinkage=0.05


Tree=14
num_leaves=31
num_cat=0
split_feature=20 11 2 1 21 19 0 15 0 1 1 21 0 19 0 0 0 1 19 2 2 0 7 1 7 0 0 0 21 21
split_gain=186.389 106.183 85.9433 62.5104 12.8256 13.8274 11.5318 14.3727 11.8123 11.2145 9.05908 7.44738 6.44436 6.19423 5.77048 9.44858 5.51193 4.85071 4.55822 3.59811 3.48528 3.45339 3.36338 2.69996 5.27151 2.38854 28.7494 2.15002 2.88903 2.96077
threshold=1.0000000180025095e-35 1.0000000180025095e-35 5.5000000000000009 8.3632612228393572 5.744603395462037 7.8676605224609384 4.5800063610076913 1.0000000180025095e-35 4.625119924545289 2.5703370571136479 0.11108123511075975 7.344395875930787 4.5350158214569101 11.293558597564699 3.0337504148483281 3.4086693525314335 5.9126243591308603 11.728113651275637 6.5695257186889657 11.500000000000002 21.500000000000004 5.5014009475708017 1.0000000180025095e-35 5.4183347225189218 1.0000000180025095e-35 3.3996962308883671 3.4086693525314335 4.625119924545289 7.6736879348754892 7.8060855865478525
decision_type=2 2 2 2 2 2 2 2 2 2 2 2 2 2 2 2 2 2 2 2 2 2 2 2 2 2 2 2 2 2
left_child=1 2 9 6 -5 17 10 8 13 14 18 -9 -11 -8 -1 -16 21 -6 -4 -13 23 -7 27 -10 -25 -12 -27 -14 -29 -30
right_child=-2 -3 3 4 5 16 7 11 20 12 25 19 22 -15 15 -17 -18 -19 -20 -21 -22 -23 -24 24 -26 26 -28 28 29 -31
leaf_value=-0.035601986615152383 0.094627599337770374 0.09682087219757779 0.080410129866742897 0.12143599105861203 0.014179035847981242 -0.024291812821594191 -0.0084485846042538851 -0.032981589476653153 -0.048347951749099935 -0.01533435480486014 -0.048410325568015472 -0.018908327971803866 0.10517408922901583 0.075469573262695711 0.048060740889740938 -0.011678132916128322 -0.035768224320611941 0.13310211826290932 -0.026131206756306292 0.086528328272065302 0.021704517938382583 0.043236817051380945 -0.0021412275384491363 -0.034588437940787538 0.032420665142216663 0.059928333737398844 -0.044023466186232575 0.07111342527920661 -0.022495895077732871 0.041755144306060074
leaf_weight=4.5498177713016075 39.916764920577407 18.451348279369995 1.4238431898411357 3.9348187696887207 1.5078161596320598 1.8818648916203509 4.7365341583499676 1.6032773394836102 28.819327891222201 2.5259757637977627 149.00643562932964 0.57759228639770288 3.9511014884337845 2.8381492423359305 13.350465751136655 11.693588622147216 5.2513313618255779 2.3406802765093744 1.0665999291231854 4.4568804476875812 1.853751012822612 5.8015688970917836 1.7771210568025697 11.869384246645494 2.9447675596456966 6.2954734546365207 94.293466896517202 11.608936867676677 1.6923924562288437 6.0529961998108774
leaf_count=1722 199 282 25 366 290 622 774 542 13346 196 77066 174 64 253 761 1399 1753 187 475 606 365 838 113 4549 758 564 47635 352 45 190
internal_value=-0.00714347 -0.0173034 -0.0229408 -0.0326781 0.0497258 0.0270301 -0.0382953 -0.0181108 -0.0269285 0.0332492 -0.042985 0.0466741 0.0556236 0.0281291 0.0112399 0.02079 3.39758e-05 0.0990431 0.040367 0.073303 -0.0365047 0.0258046 0.0630834 -0.0394086 -0.0200605 -0.0439745 -0.0369917 0.0679405 0.0555457 0.0267491
internal_weight=448.074 408.157 389.706 332.504 20.7181 16.7833 311.785 59.6997 53.0619 57.2024 252.086 6.63775 27.6085 7.57468 29.5939 25.0441 12.9348 3.8485 2.49044 5.03447 45.4872 7.68343 25.0825 43.6335 14.8142 249.595 100.589 23.3054 19.3543 7.74539
internal_count=156511 156312 156030 151188 4056 3690 147132 21367 20045 4842 125765 1322 960 1027 3882 2160 3213 477 500 780 19018 1460 764 18653 5307 125265 48199 651 587 235
is_linear=0
shrinkage=0.05


Tree=15
num_leaves=31
num_cat=0
split_feature=8 9 18 11 5 2 0 0 0 13 0 0 19 18 2 18 2 21 2 19 2 2 19 19 2 21 21 21 19 2
split_gain=264.449 83.0882 47.3193 31.3989 23.0514 20.4326 12.7585 11.8976 11.6425 11.0638 8.31052 16.9869 6.70136 6.05805 5.0168 4.79915 4.30456 2.58122 2.34132 2.33408 2.26604 2.24978 2.40809 7.19869 2.00251 1.83118 1.81734 1.69067 1.63276 1.48659
threshold=1.0000000180025095e-35 1.0000000180025095e-35 1.0000000180025095e-35 1.0000000180025095e-35 1.0000000180025095e-35 2.5000000000000004 3.4708788394927983 5.6539442539215097 3.908918142318726 1.0000000180025095e-35 4.6030178070068368 5.0364005565643319 9.7504482269287127 1.0000000180025095e-35 10.500000000000002 2.5000000000000004 10.500000000000002 7.4286303520202646 16.500000000000004 10.816390991210939 4.5000000000000009 21.500000000000004 10.482583045959474 10.654984951019289 18.500000000000004 7.1887903213500985 7.1827318668365487 8.1275520324707049 7.1583552360534677 10.500000000000002
decision_type=2 2 2 2 2 2 2 2 2 2 2 2 2 2 2 2 2 2 2 2 2 2 2 2 2 2 2 2 2 2
left_child=1 3 4 5 6 10 -2 12 -5 15 19 25 17 -11 -3 20 -4 -6 -16 -1 -7 -22 -23 -24 29 -12 -21 -14 -17 -19
right_child=2 14 16 8 7 9 -8 -9 -10 13 11 -13 27 -15 18 28 -18 24 -20 26 21 22 23 -25 -26 -27 -28 -29 -30 -31
leaf_value=-0.02865391897574171 -0.057863636396823404 0.11207625539945461 0.066829203580148308 -0.018426706012350597 -0.02133845363840195 -0.011092180338106458 0.018437365054580667 0.11220159186721304 0.21326423237044964 -0.013773309932103395 0.020836504296388017 -0.01593173440793396 0.040943502923699637 0.10990314754138597 0.0086541981107477305 -0.012768434940712751 0.10383559171780282 0.026499186915252812 0.067793174266441547 0.060753884950066506 -0.047053625255436667 -0.030587765927083385 0.12709918450500546 -0.028975567152363008 0.053824609139202187 0.20745878133982601 -0.0092623325615642134 0.008230522656650403 0.084176099669638932 -0.021392138384948384
leaf_weight=3.6556090329540876 10.000626638531687 6.9356973269022983 27.200645010918379 0.57964996038935968 6.3598426461685431 5.3904079190688199 10.186429932713507 4.2801755983382455 0.70515019586309791 1.7183558745309704 0.40798678644932829 1.8978045331314204 66.663950224872679 0.84876021556556214 3.4386893529444933 0.34200644958764215 23.516617590095848 1.9350796099752186 3.0317655606195331 0.80403022328391704 246.44215051527135 4.1320783204864702 0.12924329028464843 1.3719578672898931 1.7996209717821328 0.74566985317505896 1.446602538693696 4.8018568307161322 0.11753286770544946 2.6175218541175127
leaf_count=1310 60 69 124 140 159 1558 48 37 58 277 51 236 715 44 120 179 237 16 44 218 147151 2311 71 737 31 93 402 69 43 138
internal_value=-0.00520632 -0.0340845 0.0461746 -0.0401863 0.027127 -0.0416142 -0.020309 0.0380584 0.14642 -0.0441827 0.0300134 0.0852347 0.0330154 0.0464644 0.0833771 -0.0452608 0.0856643 -0.000435271 0.0417297 -0.00672737 -0.045639 -0.046331 -0.0123893 0.0299045 0.0205488 0.18178 0.0267457 0.0388894 0.0527113 7.03625e-05
internal_weight=443.504 284.141 159.362 270.735 108.645 269.45 20.1871 88.458 1.2848 260.492 8.9577 3.05146 84.1779 2.56712 13.4062 257.925 50.7173 12.7121 6.47045 5.90624 257.466 252.075 5.63328 1.5012 6.35222 1.15366 2.25063 71.4658 0.459539 4.5526
internal_count=156746 155112 1634 154879 1273 154681 108 1165 198 152371 2310 380 1128 321 233 152050 361 344 164 1930 151828 150270 3119 808 185 144 620 784 222 154
is_linear=0
shrinkage=0.05


Tree=16
num_leaves=31
num_cat=0
split_feature=8 9 18 2 1 5 1 2 0 9 11 11 1 0 19 19 16 1 19 1 17 17 0 17 1 4 0 1 1 19
split_gain=213.988 70.6476 40.9558 33.2435 29.4227 20.0863 16.5759 10.4539 10.106 10.7701 11.7731 9.91232 8.97253 8.84983 6.21652 5.11931 4.60384 4.47294 3.56724 7.30899 4.25823 4.64185 2.53325 2.50793 1.80149 1.66936 2.19354 1.58825 3.59929 1.22962
threshold=1.0000000180025095e-35 1.0000000180025095e-35 1.0000000180025095e-35 4.5000000000000009 13.657860279083254 1.0000000180025095e-35 5.0631608963012704 10.500000000000002 5.6539442539215097 1.0000000180025095e-35 1.0000000180025095e-35 1.0000000180025095e-35 1.0296270847320559 5.5467584133148202 8.6844162940979022 11.134881496429445 2.5000000000000004 6.5549697875976571 11.096271991729738 1.0685021877288821 5.2180476188659677 5.6288616657257089 5.0364005565643319 0.80194395780563366 17.185221672058109 1.0000000180025095e-35 6.1904177665710458 2.2387359142303471 4.9058325290679941 8.767160892486574
decision_type=2 2 2 2 2 2 2 2 2 2 2 2 2 2 2 2 2 2 2 2 2 2 2 2 2 2 2 2 2 2
left_child=1 3 5 6 11 12 18 -3 9 16 17 -5 -2 -8 -6 -13 27 -11 20 -20 -1 -22 -21 24 -16 -9 -27 -7 -29 -4
right_child=2 7 29 4 14 8 13 25 -10 10 -12 15 -14 -15 23 -17 -18 -19 19 22 21 -23 -24 -25 -26 26 -28 28 -30 -31
leaf_value=-0.03595235192219131 -0.056813012466831937 0.10315648768502911 0.069759013693477021 -0.04697818857290325 0.12794599254684275 0.051677399980410127 0.15933433367769392 0.042597736999838744 0.10503170650461416 -0.046880375443865932 0.070301183944845733 0.12040862825012011 0.009702296112200106 -0.019512370960207599 -0.014861293914129884 -0.020782573845167972 0.0088955958725595984 0.034990078367147591 -0.030682592827298624 0.10681604621170256 0.1092450570119341 -0.0066251630772982077 -0.012157679434543796 -0.028021221838340743 0.075597551404771743 -0.034272322943402704 0.0275695206669863 0.011812207547397671 0.047523353221234889 0.10645655289164813
leaf_weight=6.0236050133826193 9.2151472419500369 8.5961152482777816 43.510517291259021 240.36243596696295 1.773161883233114 25.730066418647766 2.0948342799674715 2.1398067921400061 3.6125977262854567 9.688971290830521 2.3949900269508353 0.46267944877035805 9.5728754848241788 0.6331932812463491 0.41773089359048776 0.70312138507142663 13.924570158123968 1.2255115285515774 1.5743020449299359 1.5467263546306638 0.25551433325745199 2.446497883531265 0.31404787278734136 1.2610893961973486 0.58753520832397044 1.9986033975146713 1.7722546532750127 13.804136246442797 15.565893009304999 6.6940901614725581
leaf_count=1914 57 77 314 149752 293 104 169 10 34 839 11 51 45 138 156 130 57 17 533 291 75 787 28 483 153 129 22 56 65 30
internal_value=-0.00693367 -0.0333748 0.0399032 -0.0394235 -0.0438324 0.0217372 0.0314767 0.0707633 0.0319293 0.0274999 -0.0128978 -0.0461721 -0.0241445 0.123724 0.0774679 0.0649755 0.0353624 -0.0355225 0.00295419 0.0399247 -0.0142089 0.0308819 0.0895057 0.0108947 0.0493423 0.0155425 -0.00552089 0.0417731 0.0316805 0.0766356
internal_weight=429.903 274.963 154.939 260.456 245.568 104.735 14.8887 14.5068 85.9467 82.3341 13.3095 241.528 18.788 2.72803 4.03952 1.1658 69.0247 10.9145 12.1607 3.43508 8.72562 2.70201 1.86077 2.26636 1.00527 5.91066 3.77086 55.1001 29.37 50.2046
internal_count=156820 155191 1629 154953 151018 1285 3935 238 1183 1149 867 149933 102 307 1085 181 282 856 3628 852 2776 862 319 792 309 161 151 225 121 344
is_linear=0
shrinkage=0.05


Tree=17
num_leaves=31
num_cat=0
split_feature=8 9 3 18 13 1 0 7 7 1 0 19 20 11 0 0 19 1 1 21 21 11 19 19 0 19 0 1 21 20
split_gain=196.589 71.3814 40.5241 32.3857 18.9374 16.8425 14.384 11.8323 9.59967 8.91482 8.05062 7.72459 6.36863 5.8293 13.5348 5.40716 4.42502 3.48107 3.68484 3.37485 3.23195 3.20458 2.73799 5.85248 2.24395 3.04993 4.3109 2.62312 2.04962 1.85145
threshold=1.0000000180025095e-35 1.0000000180025095e-35 1.0000000180025095e-35 1.0000000180025095e-35 1.0000000180025095e-35 3.0630408525466923 3.908918142318726 1.0000000180025095e-35 1.0000000180025095e-35 13.657860279083254 5.5467584133148202 8.9700360298156756 1.0000000180025095e-35 1.0000000180025095e-35 3.0337504148483281 3.0423772335052495 9.7045631408691424 2.0812364816665654 0.21532132476568225 7.9995107650756845 7.6736879348754892 1.0000000180025095e-35 7.8307564258575448 11.652197360992433 3.9354465007781987 10.597716331481935 3.908918142318726 2.1180931329727177 7.8707385063171396 1.0000000180025095e-35
decision_type=2 2 2 2 2 2 2 2 2 2 2 2 2 2 2 2 2 2 2 2 2 2 2 2 2 2 2 2 2 2
left_child=1 2 4 5 12 11 17 10 20 -6 16 -2 21 14 -13 -16 -8 18 -4 29 -7 -1 -3 -24 25 -17 -27 -26 -23 -5
right_child=3 22 6 19 9 8 7 -9 -10 -11 -12 13 -14 -15 15 24 -18 -19 -20 -21 -22 28 23 -25 27 26 -28 -29 -30 -31
leaf_value=-0.046157920899462163 -0.04057221868067129 0.088688280914488493 0.057634177915220998 0.052790831092562863 -0.015058103528759496 0.046958359787317105 -0.01370954771533372 -0.030783203920271143 0.094628493331531643 0.12271083907725169 -0.022240214584858167 -0.050746914676380678 0.078845302241252482 0.057147981479192637 0.050771484280551005 0.039740590281137772 0.13231623274516432 0.067432241026546422 -0.032166441229838708 0.039114502108513104 0.014277687630773916 -0.020648392295332395 -0.010956454813436153 0.077615291437711717 -0.03892345820487398 -0.013481317787614151 0.035951122682157471 0.0097672368004802831 0.06652870366189155 0.087949715643950488
leaf_weight=228.63427763001528 6.6574441911652675 8.9898005761206132 0.39313914440572428 11.450287649873642 1.8194416356272989 19.075694625731558 0.37101160711608638 1.5456136792199684 7.9794013495557001 1.5474585294723509 0.79260133684147138 7.5515930387191466 0.16328424960374732 5.6228505913168183 8.841569659765808 8.0133039965294319 5.5625782104907557 0.2766440026462077 7.3518167685251683 9.6107867928221804 14.078537572640924 0.69463099376298387 3.2080121031031004 2.8395030722022057 3.7918935532215965 11.833747552707793 5.7322433972731224 5.8247549091465771 0.28629234945401549 27.975207678973675
leaf_count=149567 180 57 176 147 319 99 73 194 85 24 201 322 15 24 40 98 970 61 2978 67 75 120 158 35 79 211 25 56 49 130
internal_value=-0.00560371 -0.0317169 -0.0381648 0.0391464 -0.0435071 0.0230991 0.0363746 0.0788746 0.0476511 0.061862 0.104796 0.0067961 -0.0453124 0.0129104 0.00709379 0.0179189 0.122525 -0.011336 -0.0215388 0.0723607 0.0339053 -0.0457422 0.0709519 0.035743 0.00849133 0.016073 0.00371733 -0.0112896 0.0255355 0.079297
internal_weight=418.515 264.476 249.439 154.039 233.145 105.003 16.2934 8.2718 41.1336 3.3669 6.72619 63.8694 229.778 57.212 51.5891 44.0375 5.93359 8.0216 7.74496 49.0363 33.1542 229.615 15.0373 6.04752 35.1959 25.5793 17.566 9.61665 0.980923 39.4255
internal_count=156635 154997 154747 1638 150094 1294 4653 1438 259 343 1244 1035 149751 855 831 509 1043 3215 3154 344 174 149736 250 193 469 334 236 135 169 277
is_linear=0
shrinkage=0.05


Tree=18
num_leaves=31
num_cat=0
split_feature=8 9 18 2 0 17 11 5 19 0 0 4 19 21 0 21 17 17 17 17 2 2 21 16 21 2 17 21 21 2
split_gain=190.393 60.7739 28.5235 24.0061 18.7535 17.3147 12.9823 11.9376 9.54781 7.48433 5.82933 7.32096 5.28108 5.16561 4.95575 12.0268 5.71578 4.79012 4.93293 4.78165 4.93914 4.62285 5.41729 4.56779 4.34609 3.45055 3.29665 4.8901 2.40839 2.02851
threshold=1.0000000180025095e-35 1.0000000180025095e-35 1.5000000000000002 3.5000000000000004 5.5467584133148202 33.014951705932624 1.0000000180025095e-35 1.0000000180025095e-35 9.7504482269287127 5.0364005565643319 3.0337504148483281 1.0000000180025095e-35 7.7151145935058603 7.6285176277160653 5.5014009475708017 5.6886675357818612 4.0278069972991952 5.7683861255645761 4.4943754673004159 9.0854959487915057 9.5000000000000018 10.500000000000002 7.4389715194702157 2.5000000000000004 8.123113155364992 13.500000000000002 1.7685652375221255 7.3572373390197763 7.7160148620605478 10.500000000000002
decision_type=2 2 2 2 2 2 2 2 2 2 2 2 2 2 2 2 2 2 2 2 2 2 2 2 2 2 2 2 2 2
left_child=1 3 4 10 7 6 14 -2 13 -8 -1 17 -7 25 -5 16 -16 18 26 -17 28 -3 -23 24 29 -9 27 -12 -21 -10
right_child=2 21 -4 5 -6 12 9 8 23 -11 11 -13 -14 -15 15 19 -18 -19 -20 20 -22 22 -24 -25 -26 -27 -28 -29 -30 -31
leaf_value=-0.03473442910251312 -0.018002926783761943 0.087441053201705185 0.075796168068035477 -0.046490805524537021 0.093712219624472404 0.13669925433785599 -0.022352355343064581 -0.052357268008850669 0.037316103968357252 0.14388557028900165 0.10666282271502536 -0.032984916890988258 -0.017050285171535048 0.020827180865053033 0.12781061901532295 -0.046315997774575048 -0.019554227176775033 -0.011251788334645687 0.16320276345278911 -0.012538152185904426 -0.022174293597774675 0.059060512492100717 -0.021385664999305349 0.0059644809511359073 -0.0047446399860776754 0.0032085410928787764 -0.010808182039780768 0.0083282979623439946 0.10538301678450074 0.062779394900580945
leaf_weight=2.2601556357694781 17.207947388291359 7.9730644831433874 37.53761342400685 208.16399542801082 8.3355868882499617 0.8378238514997054 0.799426506506278 5.1438210457563418 37.215140553191304 0.53751969058066607 2.1794649907387758 1.9032662000972784 0.51596726907882839 10.209795408183707 0.96490460657514876 11.856057547265662 0.63884482823777944 1.5643279943615196 0.63932976825162757 0.33178458630572949 2.5225148419849575 4.057483796030283 2.8758699437603354 11.246742660645394 4.5005803152453145 4.9243221590295434 1.5373483127914367 2.4047631903085858 0.58502005401533097 14.346427229233084
leaf_count=1125 95 68 191 142726 61 117 154 112 259 18 316 398 312 210 350 6401 285 353 104 157 1229 76 98 118 68 169 369 412 90 353
internal_value=-0.00593995 -0.0322147 0.0384741 -0.0383522 0.0255348 -0.0420624 -0.043304 0.0192773 0.0267221 0.0774538 0.0274118 0.0430145 0.0957525 -0.00325205 -0.0443607 -0.0169911 0.0841438 0.062063 0.0782905 -0.0321081 0.0162698 0.0628943 0.0272028 0.0356678 0.0414177 -0.0273456 0.047751 0.0658079 0.0784306 0.0454606
internal_weight=405.817 255.149 150.668 240.243 113.13 227.754 226.4 104.795 87.5868 1.33695 12.4887 10.2285 1.35379 20.2779 225.063 16.8991 1.60375 8.32523 6.76091 15.2954 3.43932 14.9064 6.93335 67.3089 56.0621 10.0681 6.12158 4.58423 0.916805 51.5616
internal_count=156794 155158 1636 154916 1445 151839 151410 1384 1289 172 3077 1952 429 491 151238 8512 635 1554 1201 7877 1476 242 174 798 680 281 1097 728 247 612
is_linear=0
shrinkage=0.05


Tree=19
num_leaves=31
num_cat=0
split_feature=8 13 2 18 9 5 4 5 0 19 0 7 11 0 0 21 17 21 11 21 19 19 19 2 19 19 0 19 0 0
split_gain=163.784 63.71 44.2773 38.8915 17.1241 15.4454 13.937 11.498 13.6835 9.38662 9.23193 8.58728 6.23029 5.32374 8.7124 3.90422 3.37578 4.23646 4.14693 3.84542 3.66369 3.12786 3.36236 2.66617 2.60488 6.63122 2.57045 1.88589 1.74358 19.4073
threshold=1.0000000180025095e-35 1.0000000180025095e-35 3.5000000000000004 1.0000000180025095e-35 1.0000000180025095e-35 1.0000000180025095e-35 1.0000000180025095e-35 1.0000000180025095e-35 3.0337504148483281 9.1453280448913592 5.6539442539215097 1.0000000180025095e-35 1.0000000180025095e-35 4.6030178070068368 3.922072291374207 8.0389957427978533 5.7683861255645761 8.1407527923584002 1.0000000180025095e-35 7.8060855865478525 10.424569129943849 9.7278327941894549 10.174864292144777 21.500000000000004 10.482583045959474 10.654984951019289 3.908918142318726 8.3519263267517108 1.2513323426246645 4.8333809375762948
decision_type=2 2 2 2 2 2 2 2 2 2 2 2 2 2 2 2 2 2 2 2 2 2 2 2 2 2 2 2 2 2
left_child=1 2 7 5 12 9 -6 -1 -9 -2 16 13 23 14 15 -10 17 18 21 20 -18 -7 -23 -4 -25 -26 -14 -13 -5 -30
right_child=3 -3 4 28 6 10 -8 8 11 -11 -12 27 26 -15 -16 -17 19 -19 -20 -21 -22 22 -24 24 25 -27 -28 -29 29 -31
leaf_value=-0.035973727073159094 0.010512748102603227 0.081385026044838854 -0.045530727048380799 0.084093922261572168 0.0838251880067057 -0.0085677532776700562 -0.03977608406520209 -0.033538592990671134 0.11757930837821305 -0.057218658125301539 0.089564075565143231 0.043276564982927694 -0.017702278574860033 0.17061143741570411 -0.029228895483939251 -0.014755079304279248 -0.0465519633779157 -0.017985697310717905 0.066015835496814765 0.034552886649864632 0.013080068325240599 0.064848708395996865 0.02321832356003288 -0.027396974281496501 0.12836883856015088 -0.026549010859939305 0.085414336649516545 -0.028999553067082479 -0.012561135282741973 0.081200801747349963
leaf_weight=2.5167200266150749 10.051190450787546 11.220572008751331 208.08618891250808 22.690495058894157 4.075588420033454 6.0108906410168848 3.3210968095809221 2.0252141590462989 2.5763775429222719 8.8962788283824903 4.5285947476513675 0.47130622016265977 0.54440461681224295 2.6087256704922765 1.3836166064720599 0.41664038551971305 4.5961413050536049 4.4424800111446521 6.2624211981892577 3.8699164032004765 4.1302986594382674 4.9458235150668761 47.967160880099982 3.4125684774480751 0.12120964983478177 1.1282078295480458 0.47496918914839625 1.3367483741603789 7.1174218514934209 20.328619664534926
leaf_count=630 50 384 147986 99 18 224 184 1043 678 56 38 4 131 168 267 137 86 63 27 73 51 60 565 2255 67 715 47 181 140 107
internal_value=-0.00498521 -0.0303702 -0.0360405 0.0349795 -0.0414157 0.0174689 0.0302007 0.0497764 0.0710803 -0.0225629 0.0263695 0.0961394 -0.0440228 0.11842 0.0613646 0.100076 0.0218547 0.0261083 0.0293396 -0.00184881 -0.0198846 0.0244051 0.0282402 -0.0446942 -0.00591037 0.0388663 0.0488488 -0.00145709 0.0708332 0.0572993
internal_weight=401.558 245.72 234.5 155.838 221.164 105.701 7.39669 13.3353 10.8186 18.9475 86.7537 8.79341 213.768 6.98536 4.37663 2.99302 82.2251 69.6288 65.1863 12.5964 8.72644 58.9239 52.913 212.748 4.66199 1.24942 1.01937 1.80805 50.1365 27.446
internal_count=156534 154895 154511 1639 151403 1293 202 3108 2478 106 1187 1435 151201 1250 1082 815 1149 939 876 210 137 849 625 151023 3037 782 178 185 346 247
is_linear=0
shrinkage=0.05


Tree=20
num_leaves=31
num_cat=0
split_feature=8 2 13 20 6 0 0 11 0 0 12 0 7 21 16 16 21 21 2 21 9 21 0 0 21 21 0 0 2 2
split_gain=143.266 55.2734 32.359 29.9125 26.9806 16.8431 21.8536 11.2029 10.234 8.27133 7.75715 6.90615 5.00654 3.25236 3.18105 6.2067 4.49162 4.67605 3.07583 3.04163 2.95031 2.45131 2.26837 7.10682 5.31218 4.23364 3.82742 4.81671 3.51048 2.22224
threshold=1.0000000180025095e-35 4.5000000000000009 1.0000000180025095e-35 1.0000000180025095e-35 1.0000000180025095e-35 1.5271420478820803 5.6539442539215097 1.0000000180025095e-35 3.0337504148483281 3.0337504148483281 1.0000000180025095e-35 3.4498288631439213 1.0000000180025095e-35 8.1407527923584002 1.5000000000000002 5.5000000000000009 7.4896914958953866 7.9439601898193368 11.500000000000002 7.7228989601135263 1.0000000180025095e-35 6.2015223503112802 4.5350158214569101 3.0523488521575932 7.7228989601135263 8.0389957427978533 3.922072291374207 3.3996962308883671 2.5000000000000004 13.500000000000002
decision_type=2 2 2 2 2 2 2 2 2 2 2 2 2 2 2 2 2 2 2 2 2 2 2 2 2 2 2 2 2 2
left_child=1 8 3 7 5 18 9 20 -1 -7 -4 -6 21 14 -11 16 29 -18 -2 -12 -3 -10 23 -23 -25 26 27 -26 -24 -16
right_child=4 2 10 -5 11 6 -8 -9 12 13 19 -13 -14 -15 15 -17 17 -19 -20 -21 -22 22 28 24 25 -27 -28 -29 -30 -31
leaf_value=-0.036215947085537339 0.051858007481394214 -0.045846872470693571 0.12647777933626994 0.087301524363242011 -0.054847947511420171 -0.039296141085092835 0.077202506190348616 0.064504484728329287 0.017966490099958359 0.035120456818339509 0.040653932890560796 0.0045987149780986154 -0.0080283279782211829 -0.0093807748887906398 0.034824120142510864 0.061359622641156436 -0.027487974571982994 0.026033786734371591 0.095941450719932431 -0.032106070987427716 -0.00058191045721330112 0.14840636899747953 0.11017381057475395 -0.026103072014097284 -0.013004060270374783 -0.021220785899534772 -0.014701968616816547 0.1593204700554042 0.012618833717741241 -0.0060371330985297695
leaf_weight=2.6094955416629118 13.368353793397548 200.39031571836676 2.0547487833537152 3.5394484521821132 8.5665261149406451 4.739409959409385 19.385401537641883 1.5248053499963123 2.8197332783602205 43.493886114796624 3.4047976592555642 9.6946628987789136 2.2269009347073725 6.5959339456167063 11.78846301906742 5.0618692741263649 12.203107530716808 4.9965177394915363 11.824781638802959 1.2589145547244696 3.691713514737784 0.25949873169883897 6.1924846938345581 3.1514770933426917 0.34974468103610001 0.73279989347793151 0.41317621618509282 0.67105384403839707 1.3800767498323692 4.1396188426297149
leaf_count=1407 61 150043 13 29 58 376 110 183 281 404 209 47 271 76 114 48 134 46 63 142 181 41 322 776 101 238 93 157 206 87
internal_value=-0.00574417 -0.0302083 -0.0377368 -0.0412888 0.0313603 0.0389232 0.0301498 -0.0439143 0.0460479 0.019627 0.0638606 -0.0246881 0.0591168 0.0231951 0.0259073 0.014786 0.00608021 -0.0113637 0.0754221 0.0188123 -0.0450349 0.068401 0.0771815 0.0409995 0.0130996 0.0603558 0.0936347 0.123061 0.0959407 0.0244752
internal_weight=392.53 236.671 215.865 209.146 155.859 137.597 112.404 205.607 20.8064 93.0188 6.71846 18.2612 18.1969 88.2794 81.6835 38.1896 33.1277 17.1996 25.1931 4.66371 204.082 15.97 13.1503 5.57775 5.31825 2.16677 1.43397 1.0208 7.57256 15.9281
internal_count=156317 154693 150800 150436 1624 1519 1395 150407 3893 1285 364 105 2486 909 833 429 381 180 124 351 150224 2215 1934 1406 1365 589 351 258 528 201
is_linear=0
shrinkage=0.05


Tree=21
num_leaves=31
num_cat=0
split_feature=8 1 5 2 1 18 2 21 2 17 5 19 1 9 1 0 16 21 19 1 2 0 9 21 0 19 21 21 0 0
split_gain=120.662 70.6529 28.086 26.6176 21.669 16.5956 9.64757 15.8492 5.92549 5.82659 5.73085 5.7004 5.41781 8.99947 7.40454 6.48634 6.07282 5.2823 5.02795 5.23328 4.68848 4.36299 4.05569 3.74437 3.14734 3.05484 2.88069 2.44368 2.01291 13.4293
threshold=1.0000000180025095e-35 7.8995900154113778 1.0000000180025095e-35 3.5000000000000004 0.11108123511075975 1.0000000180025095e-35 9.5000000000000018 6.6313426494598398 16.500000000000004 5.2180476188659677 1.0000000180025095e-35 9.2224459648132342 11.728113651275637 1.0000000180025095e-35 0.11108123511075975 5.0084662437438974 6.5000000000000009 7.9995107650756845 11.096271991729738 1.0685021877288821 18.500000000000004 5.0364005565643319 1.0000000180025095e-35 7.8036391735076913 3.0337504148483281 10.930230617523195 6.4321355819702157 7.4389715194702157 4.6030178070068368 4.625119924545289
decision_type=2 2 2 2 2 2 2 2 2 2 2 2 2 2 2 2 2 2 2 2 2 2 2 2 2 2 2 2 2 2
left_child=1 3 11 9 22 12 10 8 -8 18 -3 -2 13 15 -15 25 -16 23 -1 -20 -9 -21 -5 27 -11 -4 -26 -7 -6 -30
right_child=2 6 5 4 28 17 7 20 -10 24 -12 -13 -14 14 16 -17 -18 -19 19 21 -22 -23 -24 -25 26 -27 -28 -29 29 -31
leaf_value=-0.021850330827029103 -0.0015297579403302543 0.054032584473774438 0.023562433057804727 -0.020470220145845042 -0.047892824494547112 0.061471172673089762 0.025514119043885054 -0.032532795769411288 0.14158053288485939 -0.016806072706772004 0.15426028314084261 -0.055904731596057605 0.065553518329744945 0.051826732580786933 -0.042016359422227992 0.0036802509160555013 0.060675239478618796 0.021582711397650146 -0.027278505711002959 0.10361090247466792 0.035553314738326021 -0.01918647879353217 0.0879234900297029 0.091912429931386513 -0.013619506470674728 0.051100533214754509 0.1024825783425839 0.023097937295515212 0.094153323581892878 -0.039040725710751095
leaf_weight=6.0121452506864426 9.5627892613410967 6.5677218199707568 25.650798305869102 0.69155985605902914 159.75249060045462 20.9846815308556 2.6096466189483172 7.1999608700862137 1.9784704219782723 0.50487644155509714 2.0658070994541067 8.8385908901691419 5.7849739640951148 2.3407839327119282 11.732468258123841 22.531025633215904 0.73819388495758254 9.3622911758720857 1.1901851819129663 1.9171499869553374 2.7187443703878671 0.59655101597309101 2.8512764275074005 11.840464923065154 0.3702247604960579 20.149419263005257 2.8135814005509019 7.2112261117435983 1.0792947569862033 29.531157328281552
leaf_count=1618 49 627 105 496 126209 153 568 2768 238 274 213 60 29 17 870 94 25 63 401 231 400 43 12 68 84 82 426 64 541 19728
internal_value=-0.00608488 -0.0290536 0.0276582 -0.0383349 -0.043052 0.0353749 0.0522392 0.0244561 0.0919434 0.0281523 0.0915382 -0.0291826 0.022059 0.0182896 -0.0162139 0.0258946 -0.0318846 0.0584327 0.00547345 0.0450418 -0.0123233 0.0773021 0.0669166 0.066314 0.0739809 0.0365106 0.0889534 0.0527843 -0.0454376 -0.0315145
internal_weight=387.179 230.451 156.728 207.31 193.906 138.326 23.1404 14.5068 4.58812 13.4047 8.63353 18.4014 88.9277 83.1427 14.8114 68.3312 12.4707 49.3987 9.71603 3.70389 9.91871 2.5137 3.54284 40.0364 3.68868 45.8002 3.18381 28.1959 190.363 30.6105
internal_count=156556 154877 1679 150063 146986 1570 4814 3974 806 3077 840 109 1222 1193 912 281 895 348 2293 675 3168 274 508 285 784 187 510 217 146478 20269
is_linear=0
shrinkage=0.05


Tree=22
num_leaves=31
num_cat=0
split_feature=8 1 18 1 5 4 13 0 0 1 0 1 0 0 19 0 1 19 20 0 19 19 21 19 1 0 19 19 1 21
split_gain=128.387 57.8451 27.7788 20.8482 14.3121 12.2824 22.1843 11.5918 14.836 7.12015 7.02832 5.85491 5.2271 38.4769 8.8969 4.72193 3.94954 3.5357 12.264 3.60416 3.41849 3.19579 2.93196 3.24924 3.72945 2.77748 2.63121 2.5864 1.83376 3.61229
threshold=1.0000000180025095e-35 7.8995900154113778 1.0000000180025095e-35 0.11108123511075975 1.0000000180025095e-35 1.0000000180025095e-35 1.0000000180025095e-35 5.5467584133148202 5.5014009475708017 1.0193598270416262 5.0364005565643319 6.8423619270324716 4.6030178070068368 4.625119924545289 9.0284013748168963 3.9354465007781987 2.9951909780502324 8.767160892486574 1.0000000180025095e-35 1.8140097260475161 7.7151145935058603 11.256871223449709 7.1581246852874765 10.70266628265381 0.79757383465766918 4.7789974212646493 9.3564095497131365 7.6298460960388192 5.6106801033020028 6.7782156467437753
decision_type=2 2 2 2 2 2 2 2 2 2 2 2 2 2 2 2 2 2 2 2 2 2 2 2 2 2 2 2 2 2
left_child=1 3 4 20 9 7 -7 8 10 -2 -3 15 -5 14 -14 22 -16 18 19 -4 -1 28 23 -6 -25 -21 -24 -9 29 -17
right_child=2 5 17 12 11 6 -8 27 -10 -11 -12 -13 13 -15 16 21 -18 -19 -20 25 -22 -23 26 24 -26 -27 -28 -29 -30 -31
leaf_value=0.083355536125579485 -0.054461711082207723 0.11548213845282476 0.043975390907857778 -0.044203034318189324 0.030825530239070861 -0.043885288538009 0.068752172513241713 0.06033388554070488 0.2989794662908653 0.0060005513756122035 -0.031478199957402864 0.051217679531346774 -0.014539146631406725 -0.035266873335768022 0.019823973133990341 0.01583706742409632 0.24631311592013694 0.097361593576188177 0.066102906311209172 -0.038190531626822559 -0.018992081393984186 0.023415770181087561 -0.0066070771551478072 0.023703677346197282 -0.039264038913790877 0.020365987042676323 0.043615995927109422 -0.011293441929599085 0.012418002878114849 -0.036120436975251018
leaf_weight=3.199267134070396 8.7598156929016131 0.50192933261860284 2.4459286108612996 160.77118844841607 7.738268497399984 6.8462119820760554 9.0310010388493538 2.3853591682855044 0.42979663424193848 9.3616026490926725 1.0790726110571993 14.795819824561475 0.40482204733416338 32.175746381864883 0.43090933631174244 4.2467291562352392 0.68557314912322909 6.241109423339366 34.768266521394253 4.4060629047453403 0.6111155719263478 9.6187520378734899 2.6665023739915368 3.2937159619759768 4.3778076777234674 2.4423387050628662 22.052131194854155 1.5751406098715959 5.4644777209032318 9.3608073601499182
leaf_count=65 62 76 12 129113 119 3463 94 90 50 45 310 81 181 20150 190 47 190 28 167 125 444 99 133 89 53 17 369 702 32 125
internal_value=-0.00514257 -0.0294955 0.0300785 -0.0380283 0.0147819 0.0462161 0.0204607 0.101939 0.177853 -0.0245463 0.0418444 0.0234947 -0.0404038 -0.0215259 0.167818 0.0168862 0.209567 0.0601238 0.0528058 0.00147482 0.0664051 0.00127238 0.0277473 0.00974931 -0.0126134 -0.0173734 0.038152 0.0353129 -0.0105056 -0.0199311
internal_weight=372.167 220.127 152.04 198.279 101.736 21.8485 15.8772 5.9713 2.0108 18.1214 1.581 83.615 194.468 33.6971 1.5213 68.8192 1.11648 50.3037 44.0626 9.29433 3.81038 28.6908 40.1284 15.4098 7.67152 6.8484 24.7186 3.9605 19.072 13.6075
internal_count=156721 155118 1603 150333 1254 4785 3557 1228 436 107 386 1147 149824 20711 561 1066 380 349 321 154 509 303 763 261 142 142 502 792 204 172
is_linear=0
shrinkage=0.05


Tree=23
num_leaves=31
num_cat=0
split_feature=8 13 2 10 20 7 20 9 1 0 1 0 0 1 4 21 17 7 2 1 17 17 1 1 21 19 9 0 1 21
split_gain=117.665 59.3148 27.5569 27.1636 19.9204 14.8352 8.1021 19.2789 6.82634 6.55856 6.51874 6.4338 12.0981 6.94249 7.28661 5.79857 5.52991 4.38464 4.31718 4.14619 3.76327 3.55348 3.21848 3.11663 3.22258 2.46132 2.42752 2.20845 2.07029 5.28121
threshold=1.0000000180025095e-35 1.0000000180025095e-35 4.5000000000000009 1.0000000180025095e-35 1.0000000180025095e-35 1.0000000180025095e-35 1.0000000180025095e-35 1.0000000180025095e-35 13.657860279083254 1.2513323426246645 1.3599597811698916 3.908918142318726 3.9498003721237187 2.9951909780502324 1.0000000180025095e-35 7.9900686740875253 3.785997867584229 1.0000000180025095e-35 21.500000000000004 0.11108123511075975 0.5905953347682954 4.7249741554260263 0.21532132476568225 1.8810405135154726 7.5424785614013681 10.542360782623293 1.0000000180025095e-35 5.9931130409240732 9.6120772361755389 5.6886675357818612
decision_type=2 2 2 2 2 2 2 2 2 2 2 2 2 2 2 2 2 2 2 2 2 2 2 2 2 2 2 2 2 2
left_child=1 2 11 16 9 6 7 10 21 26 -5 22 -13 -14 17 20 -2 -15 28 -9 -7 -3 -1 -20 -25 -12 -4 -21 -11 -30
right_child=3 8 4 5 -6 15 -8 19 -10 18 25 12 13 14 -16 -17 -18 -19 23 27 -22 -23 -24 24 -26 -27 -28 -29 29 -31
leaf_value=0.061707394352707071 -0.055957899445992471 -0.024733746197829701 -0.019036963678504857 0.050762786820431643 0.061785002806137385 0.029205082859172494 0.061704560492388483 0.032082988689477746 0.1051567567977312 -0.046291137372959673 0.0025449029233260145 0.18281492472200173 -0.036037817712098241 0.099997891028085373 -0.030707859120236658 0.018990312291654113 0.00065062165153412883 0.0018314115082868191 -0.024689091144180504 -0.051093558086279682 0.077280255492852987 0.052811221852631707 -0.023052032536008266 0.083645788043889793 -0.02078811900231492 0.026205853033483752 0.073406299006684911 0.019093849272301098 0.066672525142023667 -0.033461855201248857
leaf_weight=0.34226479218341666 8.6898838281631487 1.8412920944392661 0.61355127824935951 22.012871503829956 3.796386760659515 6.7024462986737481 11.746378496289251 1.271338382270186 7.1476739104837179 170.06279343063943 17.574428036808968 0.50175038632005353 2.5274827622342837 3.610284776892513 1.5657849207054821 8.047666715923695 7.7353524267673484 1.5603187656961379 2.9433007378829634 10.839375077746805 27.751918407622725 2.3432517133187503 6.3818850363604724 0.82713498664088525 0.70011403330136091 29.421709254384041 0.8476724773645401 0.73065989790484387 0.71311640902422269 4.9661320900777355
leaf_count=155 59 232 487 90 28 68 58 13 44 144250 73 48 575 173 333 70 41 93 2341 837 204 107 2525 382 402 124 4 6 238 2518
internal_value=-0.00488055 -0.0288048 -0.0351583 0.0285453 -0.0406645 0.0358787 0.0243159 0.0182702 0.0780937 -0.0431319 0.0287491 0.0255577 0.0496337 0.0253116 0.0500127 0.0601977 -0.0307911 0.075472 -0.0440586 -0.0360513 0.0690157 0.0205004 -0.0113074 0.00368034 0.0464893 0.0175951 0.0426266 -0.0454948 -0.045287 -0.0127889
internal_weight=365.816 213.292 201.96 152.524 185.47 136.099 93.5968 81.8504 11.3322 181.674 69.009 16.4898 9.76562 9.26387 6.73639 42.502 16.4252 5.1706 180.213 12.8414 34.4544 4.18454 6.72415 4.47055 1.52725 46.9961 1.46122 11.57 175.742 5.67925
internal_count=156578 154935 154552 1643 150650 1543 1201 1143 383 150622 287 3902 1222 1174 599 342 100 266 150131 856 272 339 2680 3125 784 197 491 843 147006 2756
is_linear=0
shrinkage=0.05


Tree=24
num_leaves=31
num_cat=0
split_feature=8 13 20 18 11 5 1 1 5 0 0 0 0 0 0 1 9 11 0 1 0 21 0 0 1 9 16 16 20 0
split_gain=111.171 51.2856 26.2716 23.0925 18.8407 7.56721 9.56605 7.43366 14.6952 7.03837 18.2015 5.85155 9.85285 5.21207 17.4916 5.20277 7.87555 10.9816 4.86415 4.4434 4.02392 3.94402 3.29929 18.9106 3.62302 3.11487 2.65034 2.5675 2.45202 6.83023
threshold=1.0000000180025095e-35 1.0000000180025095e-35 1.0000000180025095e-35 1.0000000180025095e-35 1.0000000180025095e-35 1.0000000180025095e-35 1.0193598270416262 1.8810405135154726 1.0000000180025095e-35 5.0084662437438974 5.0364005565643319 3.922072291374207 3.908918142318726 5.5014009475708017 5.5467584133148202 11.728113651275637 1.0000000180025095e-35 1.0000000180025095e-35 5.0084662437438974 13.657860279083254 3.4086693525314335 6.8095908164978036 4.6030178070068368 4.625119924545289 2.9951909780502324 1.0000000180025095e-35 5.5000000000000009 5.5000000000000009 1.0000000180025095e-35 1.5271420478820803
decision_type=2 2 2 2 2 2 2 2 2 2 2 2 2 2 2 2 2 2 2 2 2 2 2 2 2 2 2 2 2 2
left_child=1 2 4 5 7 6 -2 25 -9 11 21 12 20 27 -15 16 18 26 -7 -3 -10 -11 -13 24 -24 -1 -18 -12 29 -5
right_child=3 19 -4 28 -6 15 -8 8 9 10 13 22 -14 14 -16 -17 17 -19 -20 -21 -22 -23 23 -25 -26 -27 -28 -29 -30 -31
leaf_value=-0.04664543665058539 -0.052976320724894194 0.01990455032153593 0.073390656582423885 0.07167533292206292 0.098293041358587879 0.033892296551226393 0.018159056674590481 -0.048489377404593609 0.069424980485314869 -0.0083963977211078452 -0.041451218639401356 -0.045377217958128227 0.16028847930928153 0.16288944934773908 -0.025310866886980934 0.066180853088790723 -0.044765451437477885 0.06048563909724667 0.0046131368138049127 0.086241020066902221 -0.035523448428703468 0.19099798861197126 -0.0092083264237317816 -0.041798690592563165 0.1697820867420913 0.028144409331491722 0.025559199209079793 0.0319978917893892 0.064897242871821498 0.0027190439537041881
leaf_weight=130.71397953853011 7.7403718680143383 4.5156007404439142 4.5736911594867697 5.736862435936926 1.5939633946400125 43.235136359930038 9.4907351732254011 28.253390503814444 0.25562187249307289 0.19241114635951706 4.4976172057213244 9.6107268001651374 0.18819871253799636 0.86444689903873984 3.0276725350413471 4.9915800988674155 10.487102513783608 2.7369316816329947 21.39989498257637 8.1426754090934974 2.4384784995345399 0.85554278502240777 0.2244328100932752 4.9683467862196267 0.58936054259538651 0.79145516967400809 0.867627501953394 0.72467807249631722 33.092954933643341 7.8671989927534014
leaf_count=116266 58 349 34 25 193 178 45 19629 189 61 2246 7785 99 177 1689 26 824 13 90 49 1978 156 103 3466 139 32 39 162 162 152
internal_value=-0.00474449 -0.0283291 -0.0347625 0.0282928 -0.0377399 0.0145769 -0.0149487 -0.0394055 -0.0236074 0.00192088 0.0334562 -0.0164411 0.0400483 0.00287293 0.0412408 0.0207586 0.0170847 -0.0159333 0.0244163 0.0657667 -0.00946782 0.168164 -0.0288165 0.00134189 0.142558 -0.0459863 -0.037758 -0.0277545 0.0570165 0.0347148
internal_weight=354.669 207.022 194.364 147.646 189.79 100.949 17.2311 188.196 56.6909 28.4375 10.1624 18.2752 2.8823 9.11441 3.89212 83.7183 78.7267 14.0917 64.635 12.6583 2.6941 1.04795 15.3929 5.78214 0.813793 131.505 11.3547 5.2223 46.697 13.6041
internal_count=156414 154802 154404 1612 154370 1273 103 154177 37879 18250 4491 13759 2266 4274 1866 1170 1144 876 268 398 2167 217 11493 3708 242 116298 863 2408 339 177
is_linear=0
shrinkage=0.05


Tree=25
num_leaves=31
num_cat=0
split_feature=8 13 7 3 1 5 1 9 20 5 1 5 21 1 0 7 17 21 1 1 1 21 9 17 1 1 1 0 0 0
split_gain=104.305 48.4128 24.7315 22.2418 15.3252 14.3084 7.89881 9.06226 9.96742 5.91487 4.96844 9.39106 8.06039 4.06534 4.01876 4.35133 3.9512 3.88504 3.72533 12.6929 4.67781 3.6952 2.86872 2.63769 2.23928 2.79928 4.81684 3.16445 1.68396 1.57817
threshold=1.0000000180025095e-35 1.0000000180025095e-35 1.0000000180025095e-35 1.0000000180025095e-35 0.11108123511075975 1.0000000180025095e-35 0.21532132476568225 1.0000000180025095e-35 1.0000000180025095e-35 1.0000000180025095e-35 7.8995900154113778 1.0000000180025095e-35 6.0695762634277353 13.657860279083254 3.0337504148483281 1.0000000180025095e-35 0.48976542055606848 6.8559353351593026 4.375859498977662 0.15124437212944034 2.7980505228042607 8.1392946243286151 1.0000000180025095e-35 4.7249741554260263 9.6120772361755389 2.0812364816665654 0.44452457129955297 3.0523488521575932 4.6030178070068368 1.2513323426246645
decision_type=2 2 2 2 2 2 2 2 2 2 2 2 2 2 2 2 2 2 2 2 2 2 2 2 2 2 2 2 2 2
left_child=1 3 5 4 22 -2 -7 16 -9 -5 -6 -12 -13 23 29 24 -8 -18 19 -4 -21 -14 -1 -3 25 26 -16 -28 -19 -11
right_child=2 13 18 9 10 6 7 8 -10 14 11 12 21 -15 15 -17 17 28 -20 20 -22 -23 -24 -25 -26 -27 27 -29 -30 -31
leaf_value=-0.018322316734390803 -0.035842745045300495 -0.015432883805103652 0.0659081165027538 -0.037729976343124562 -0.044984941522046962 0.063158034652534681 0.038153578272287922 -0.045944397471610554 0.039436400747171023 0.028883581991001529 -0.042940832413387482 0.14179134631520904 -0.023272944429671847 0.087432865033401697 0.11588106270759893 -0.01891530491495506 0.035657685049570002 0.014413360156136213 0.074343002059662433 -0.03686335206390301 0.032186875896750976 0.078544779916460583 0.07812201939515051 0.050220653131237497 -0.018417115426515647 0.087869839733678776 0.076699988892211149 -0.013538050013358553 -0.0079033861105641291 -0.034634815109533298
leaf_weight=0.57724648073781226 12.2716703787446 2.1451011906610784 15.929369546473028 3.0115989274345347 155.89825972903054 8.5289602192351577 24.086687475442886 10.162503897445275 4.0418933629989615 0.53411851951386902 5.8741523697972298 0.56279230071231579 2.7756084101274614 7.2249245792627335 0.20522320014424078 1.8527711873175583 12.167353108525274 15.803420156240465 19.941686190664768 4.9310356844216567 3.2272093389183283 0.16651964979246248 2.3450192809104919 2.3543959246017039 0.52101457957178432 4.3706753923324868 0.18336098012514401 4.4568583712680265 16.093675926327705 2.2427520669298247
leaf_count=462 80 225 75 930 145107 71 102 793 20 22 3448 167 860 46 49 297 51 66 119 123 40 73 10 105 16 333 32 1440 70 1498
internal_value=-0.00519073 -0.0288917 0.026561 -0.0352042 -0.0407535 0.0129217 0.0198246 0.014633 -0.0206533 0.0178002 -0.0428675 -0.00672863 0.050022 0.0659402 0.0311384 0.0434076 0.0221798 0.0127953 0.0575197 0.0411839 -0.00901671 0.000952405 0.0592568 0.021806 0.0559236 0.0615176 0.0267817 0.00299431 0.00325548 -0.0180047
internal_weight=344.488 197.302 147.185 185.578 168.2 103.156 90.8845 82.3555 14.2044 17.3784 165.277 9.37907 3.50492 11.7244 14.3668 11.5899 68.1511 44.0644 44.0293 24.0876 8.15825 2.94213 2.92227 4.4995 9.73713 9.21612 4.84544 4.64022 31.8971 2.77687
internal_count=156730 155120 1610 154744 150127 1253 1173 1102 813 4617 149655 4548 1100 376 3687 2167 289 187 357 238 163 933 472 330 1870 1854 1521 1472 136 1520
is_linear=0
shrinkage=0.05


Tree=26
num_leaves=31
num_cat=0
split_feature=1 1 2 20 4 1 0 0 1 0 0 0 19 1 21 16 1 2 17 17 15 17 19 2 17 19 17 21 19 2
split_gain=71.9016 76.4865 37.0147 18.7807 11.6027 13.7641 6.55287 16.2376 6.08906 5.40815 5.09629 6.79675 6.56567 4.87456 4.69714 6.5948 4.52548 4.44538 4.04446 3.95549 3.72731 3.61043 5.84303 3.59179 3.20631 3.05306 2.91503 3.3136 2.49088 2.3339
threshold=4.9058325290679941 0.11108123511075975 4.5000000000000009 1.0000000180025095e-35 1.0000000180025095e-35 13.657860279083254 3.3996962308883671 3.4086693525314335 0.45984359085559851 3.0337504148483281 4.5800063610076913 4.6494262218475351 11.293558597564699 0.73931172490119945 5.744603395462037 4.5000000000000009 0.85380670428276073 2.5000000000000004 5.2812895774841317 1.7932175397872927 1.5000000000000002 12.365121841430666 11.496269226074221 21.500000000000004 0.30357608199119573 9.7504482269287127 0.48976542055606848 6.9319589138031015 11.821561336517336 1.5000000000000002
decision_type=2 2 2 2 2 2 2 2 2 2 2 2 2 2 2 2 2 2 2 2 2 2 2 2 2 2 2 2 2 2
left_child=1 -1 9 6 14 17 -4 8 -8 -3 -9 12 19 24 -2 -16 -15 -6 28 -12 23 22 -7 -13 -11 -26 27 -18 -10 -28
right_child=4 2 3 -5 5 21 7 10 18 13 11 20 -14 16 15 -17 26 -19 -20 -21 -22 -23 -24 -25 25 -27 29 -29 -30 -31
leaf_value=0.066144421771760081 0.093617436129663389 -0.041673117502340276 -0.046780320853017095 0.062819619109574884 0.036609763503470165 -0.028403839737854365 -0.045001244663403765 -0.041211456703468485 0.0970184083739207 -0.0082063288927407014 -0.052998712229578651 -0.040174235864789513 0.078192136770051435 -0.041987093765844523 0.029730091313201534 0.068825606755309132 -0.0056686854444895716 -0.03487321096490581 -0.016065076865461211 0.020103061811809451 0.042963386402308817 0.085521985487961319 0.059132450128466546 0.025608943903824843 -0.0031565861144892309 0.08210189937567669 -0.014025828004252047 0.053446114657863114 -0.0052796381904481413 0.019683273100900463
leaf_weight=24.31811625813134 5.0334155259188256 2.7956968058133489 91.979199107270688 3.9486816404387346 1.7546003304887587 2.6805882700718922 0.76622911647427727 59.720860086032189 3.5848226388916373 1.45336304581724 1.9888863152591527 19.590077020809993 2.307204452692531 2.5793398392852387 37.20730603672564 16.41006268793717 3.0272681445349026 12.283498137723653 0.88221892889123399 3.9412064254283905 0.84718617924954642 3.4924010544782504 3.1714707290520892 1.6317999027669419 1.1783795716473831 5.1698156017810106 8.0592155510094035 7.5942829085979611 0.56929986469913263 10.986148068797773
leaf_count=629 327 1391 77589 34 109 687 23 47534 354 74 379 12125 372 202 3285 454 119 7242 124 862 82 87 129 260 23 267 484 316 63 804
internal_value=-0.00362972 -0.0165595 -0.0253767 -0.0347339 0.036888 0.00672335 -0.0371068 -0.0274347 0.0480416 0.016341 -0.0327737 -0.0153614 0.0215998 0.0213074 0.0485995 0.0427367 0.0118834 -0.0240983 0.0673071 -0.00852424 -0.0294954 0.0508799 0.0207422 -0.0341912 0.054484 0.068 0.0177835 0.0375597 0.0846947 0.00543086
internal_weight=340.953 258.919 234.601 191.758 82.0333 23.3826 187.809 95.8298 5.80257 42.8435 90.0272 30.3064 8.2373 40.0478 58.6508 53.6174 32.2463 14.0381 5.03634 5.93009 22.0691 9.34446 5.85206 21.2219 7.80156 6.3482 29.6669 10.6216 4.15412 19.0454
internal_count=156430 144110 143481 139801 12320 8254 139767 62178 564 3680 61614 14080 1613 2289 4066 3739 1925 7351 541 1241 12467 903 816 12385 364 290 1723 435 417 1288
is_linear=0
shrinkage=0.05


Tree=27
num_leaves=31
num_cat=0
split_feature=8 1 2 20 1 1 5 2 17 0 2 0 1 4 0 2 11 1 0 1 1 15 2 1 1 0 0 17 1 2
split_gain=83.6278 43.4907 22.5165 15.1585 11.8362 19.3916 16.5614 7.42716 6.17416 6.04335 5.68546 4.03904 7.95918 3.8743 3.76335 3.80313 3.69163 3.48136 3.45481 3.25752 3.25008 3.39478 2.86726 2.75103 2.56199 2.8699 2.37616 1.87437 1.6613 1.6494
threshold=1.0000000180025095e-35 7.8995900154113778 4.5000000000000009 1.0000000180025095e-35 0.16552247852087024 3.4560974836349492 1.0000000180025095e-35 10.500000000000002 13.563750743865969 3.0337504148483281 16.500000000000004 4.625119924545289 1.6246471405029299 1.0000000180025095e-35 1.2513323426246645 21.500000000000004 1.0000000180025095e-35 13.657860279083254 5.6539442539215097 0.21532132476568225 2.3262633085250859 1.0000000180025095e-35 1.5000000000000002 10.488113403320314 1.8810405135154726 4.625119924545289 4.9775953292846689 33.014951705932624 8.9147872924804705 11.500000000000002
decision_type=2 2 2 2 2 2 2 2 2 2 2 2 2 2 2 2 2 2 2 2 2 2 2 2 2 2 2 2 2 2
left_child=1 2 8 14 29 6 -6 13 11 -8 16 12 19 23 -4 -16 27 -12 26 -1 21 -11 -14 -3 -17 -26 -7 -9 -15 -2
right_child=4 7 3 -5 5 18 9 10 -10 20 17 -13 22 28 15 24 -18 -19 -20 -21 -22 -23 -24 -25 25 -27 -28 -29 -30 -31
leaf_value=0.065685530671519762 0.036388830605729526 0.15227825137764833 0.027078006755638647 0.0718477654190494 -0.055317249661074153 0.048925590257981919 -0.042597781213255859 -0.039842956126232169 0.098063519590320933 0.026369850594616103 -0.0023503005820792906 -0.025581076516855553 0.011122894489419704 -0.019608115003142898 -0.04551160156349808 -0.021186784131970397 0.063169898397962942 0.07270152958355118 0.054147045547435269 -0.02105303037106282 -0.0086133312335631811 -0.018862153736530048 0.10909911673121571 0.033632210385692411 0.090474376222892255 -0.018351556148470134 0.01901494347530891 0.01680598158463751 0.045439354844235114 0.069569780674717696
leaf_weight=0.29605413309763928 11.556142901536079 1.2033305850345661 1.2522646766155947 2.0399879766628137 10.751262374222277 9.0670382897369546 4.0379755140747866 5.7633660712745023 1.2478946690680448 35.68247278034687 2.3820493555394933 4.8783933798549688 1.3571929188910874 0.55882302089594293 141.30225077416981 2.4659029187168922 0.30591301433742035 3.0997636432293802 21.52948766713962 5.8757864435901865 10.896835535531862 3.9593237641965962 1.8172548504080621 1.5804072680184615 0.42350248980801541 0.5716879500541836 27.82591545721516 1.2552208524430168 6.7323690366465598 12.224422012106514
leaf_count=137 63 176 480 19 81 66 386 2567 180 509 821 508 191 219 142898 2300 5 288 125 2494 100 88 301 133 325 335 149 14 644 69
internal_value=-0.00417451 -0.0263719 -0.0354132 -0.0413972 0.0238612 0.0173724 -0.00140752 0.0370218 0.0208841 0.0100166 0.0102151 0.00811702 0.0264785 0.0670968 -0.0434573 -0.044249 -0.0179082 0.0447576 0.0380423 -0.00831365 0.0149654 0.0214992 0.0799097 0.11161 0.00594389 0.0500943 0.0274631 -0.0288793 0.0386902 0.0555647
internal_weight=333.94 186.409 163.528 148.056 147.531 123.75 65.3279 22.8812 15.4726 54.5766 12.8063 14.2247 9.34629 10.0749 146.016 144.763 7.3245 5.48181 58.4224 6.17184 50.5386 39.6418 3.17445 2.78374 3.46109 0.99519 36.893 7.01859 7.29119 23.7806
internal_count=156671 155035 150168 146357 1636 1504 1164 4867 3811 1083 3695 3631 3123 1172 146338 145858 2586 1109 340 2631 697 597 492 309 2960 660 215 2581 863 132
is_linear=0
shrinkage=0.05


Tree=28
num_leaves=31
num_cat=0
split_feature=9 0 2 4 13 7 18 15 21 0 0 5 21 2 21 17 11 0 16 17 2 0 0 0 0 0 0 21 17 17
split_gain=63.1315 40.6501 23.8167 14.9912 19.3413 10.0378 9.89916 9.16275 7.34599 5.21808 7.06084 4.85318 4.63668 4.9621 4.23571 4.50471 4.22201 4.19424 3.46086 3.36044 3.28339 3.22939 3.85275 3.20223 22.8406 3.19571 6.17371 2.58745 3.83142 2.25669
threshold=1.0000000180025095e-35 4.5800063610076913 5.5000000000000009 1.0000000180025095e-35 1.0000000180025095e-35 1.0000000180025095e-35 1.0000000180025095e-35 1.5000000000000002 6.4746618270874032 5.5014009475708017 4.625119924545289 1.0000000180025095e-35 8.0243711471557635 5.5000000000000009 8.1318244934082049 5.6981089115142831 1.0000000180025095e-35 5.5467584133148202 1.0000000180025095e-35 5.6288616657257089 21.500000000000004 3.922072291374207 3.0337504148483281 3.908918142318726 3.922072291374207 1.5271420478820803 5.2484703063964853 7.9900686740875253 0.54761651158332836 12.648123741149904
decision_type=2 2 2 2 2 2 2 2 2 2 2 2 2 2 2 2 2 2 2 2 2 2 2 2 2 2 2 2 2 2
left_child=1 2 21 7 -5 6 11 8 9 10 -3 18 13 19 -14 -16 20 -11 -2 -10 23 22 -1 -4 -25 -8 -27 28 -7 -24
right_child=5 3 16 4 -6 27 25 -9 12 17 -12 -13 14 -15 15 -17 -18 -19 -20 -21 -22 -23 29 24 -26 26 -28 -29 -30 -31
leaf_value=-0.03534146791092465 0.043898043570516389 0.079927305727541642 -0.045479913027392793 -0.047324184878163006 0.060620088743796485 0.018087948597595188 0.062404731936518798 0.07879752526157395 0.03047107271754293 0.14833711127886681 -0.015453625776367963 -0.047668931163558838 0.057655193542887187 -0.014817119208692898 -0.033971014616097021 0.065226036081899752 0.022516837023964113 0.017374719834041603 -0.023996563200667356 -0.020930652315368715 0.0032360399621339988 -0.035766986954192885 0.016822848619125662 0.066994507813682824 -0.04551030708345661 -0.026063552553752836 0.043375355790040426 0.023938510830071993 0.066533568559173292 0.073932448314568855
leaf_weight=2.3991366341942983 2.9146871590055543 2.2968410678440687 104.26164828729816 17.129984763916585 4.4571248146239659 5.836104836780577 6.5394299328327206 5.9133063575718543 14.087793906568551 1.2711346936994234 4.0904592982842587 6.2420009603956714 6.8739208914339525 21.593649579677731 2.959192745329347 0.61650124279549334 2.1549665448255828 1.2475485128234138 2.7155900141224265 3.2663215968059367 4.1129945138236499 2.4549899249104774 23.374930272460919 4.6500739980256212 22.568541308573913 4.2687711303587985 7.5874637961387634 8.6221996378153545 27.514117148239166 1.0291033888934169
leaf_count=1747 51 153 100560 14487 246 65 31 177 233 43 1333 734 1106 7116 587 201 161 330 128 74 2560 626 1528 567 21075 138 45 73 195 80
internal_value=-0.00412272 -0.0159114 -0.0302216 0.0119689 -0.0233397 0.0367866 0.0141719 0.0240141 0.0172228 0.0566108 0.0250215 -0.0203952 0.00913905 0.000892955 0.0371115 -0.00635091 -0.0388747 0.106842 0.0124709 0.0201832 -0.0400081 0.0104556 0.0158234 -0.0413751 -0.0245968 0.0363822 0.0182916 0.0523856 0.0588292 0.0220466
internal_weight=325.051 252.81 167.006 85.8038 21.5871 72.2404 30.2679 64.2167 58.3034 8.90598 6.3873 11.8723 49.3974 38.9478 10.4496 3.57569 137.748 2.51868 5.63028 17.3541 135.593 29.2582 26.8032 131.48 27.2186 18.3957 11.8562 41.9724 33.3502 24.404
internal_count=156450 154990 128904 26086 14733 1460 1127 11353 11176 1859 1486 913 9317 7423 1894 788 124923 373 179 307 124762 3981 3355 122202 21642 214 183 333 260 1608
is_linear=0
shrinkage=0.05


Tree=29
num_leaves=31
num_cat=0
split_feature=1 1 2 18 4 20 21 11 0 0 14 0 1 1 21 2 1 0 19 21 19 21 19 0 0 21 15 1 21 17
split_gain=56.1959 69.1782 26.1388 9.45651 10.2798 8.44918 5.97764 8.27524 4.88144 10.9862 4.15964 4.09901 4.28985 6.01444 4.68261 3.43984 3.49287 8.20572 4.51845 3.36385 3.2408 3.55282 3.11646 2.88742 18.1289 4.44691 3.7172 3.43003 3.38531 2.73954
threshold=4.9058325290679941 0.11108123511075975 4.5000000000000009 1.0000000180025095e-35 1.0000000180025095e-35 1.0000000180025095e-35 4.686739683151246 1.0000000180025095e-35 3.0337504148483281 3.0423772335052495 2.5000000000000004 3.0337504148483281 0.73306000232696544 0.86853882670402538 7.7160148620605478 18.500000000000004 7.8995900154113778 5.5014009475708017 9.0474152565002459 7.1751070022583017 10.654984951019289 7.4896914958953866 10.482583045959474 3.3996962308883671 3.4086693525314335 6.5581939220428476 1.5000000000000002 3.1351157426834111 7.4564545154571542 0.30357608199119573
decision_type=2 2 2 2 2 2 2 2 2 2 2 2 2 2 2 2 2 2 2 2 2 2 2 2 2 2 2 2 2 2
left_child=1 10 11 4 15 8 -6 -8 -4 -10 -1 -3 29 -14 20 16 18 22 -2 -17 21 -15 -18 -11 25 -25 -26 -28 -27 -13
right_child=3 2 5 -5 6 -7 7 -9 9 23 -12 12 13 14 -16 19 17 -19 -20 -21 -22 -23 -24 24 26 28 27 -29 -30 -31
leaf_value=0.06681852697079807 0.071012734633115748 -0.041656251407883649 -0.048357728452631331 0.055392283406661746 0.039013322170725666 0.043646313681114574 -0.04636317212004535 0.053910452418789938 0.041977684960042359 -0.048788606417166619 0.012070743927573038 -0.00890561631190207 -0.055677481938312012 0.033446168027125432 0.038920875789080184 -0.046016689524107687 -0.044275117234054591 0.076861708175240157 0.0097098885988134709 0.027087215534783823 -0.018059233918783432 -0.040211501384133597 0.029208879001435591 0.11758157807063881 -0.036303895789856079 -0.021290641420381284 -0.030302305486767087 0.058113021746511041 0.048506046327089797 0.062436956768166088
leaf_weight=22.057144930702638 2.8288826509960954 2.6842385956551871 55.632904630328994 26.864950977847911 3.1338951629004432 2.597186845727264 10.783129748073403 1.618086094036699 4.3258245637989594 23.159544586436823 4.6743647903203955 1.4332220859359939 2.6086108429590231 7.4308559948112869 9.9508135454962012 1.9181144174654026 1.7104022429557511 10.698369056452064 16.095405595260672 2.4580305687268265 11.709582237177527 1.1404023488285018 2.1108823320828378 0.83870128978742187 78.488356614485383 2.1844754015328363 1.212316146702505 1.3262657027225939 3.2431337361922488 5.1130972963292152
leaf_count=639 501 1391 54566 1650 148 29 6934 14 575 22251 22 76 217 396 631 164 129 679 1625 259 570 100 185 98 60815 189 706 85 289 283
internal_value=-0.00441404 -0.016444 -0.0259253 0.0316045 0.0188283 -0.0344819 -0.0147495 -0.0302332 -0.0359203 -0.0295263 0.0580256 0.00924582 0.0136604 0.00566434 0.0125706 0.0326454 0.0379722 0.0560592 0.0219779 -0.0075544 -0.00157956 0.0204687 -0.00604362 -0.0326783 -0.0278999 0.0487476 -0.0343496 0.0192586 0.0214727 0.0477072
internal_weight=322.031 241.811 215.08 80.2201 53.3552 173.009 15.5351 12.4012 170.412 114.779 26.7315 42.0708 39.3866 32.8403 30.2317 37.8201 33.4439 14.5197 18.9243 4.37614 20.2808 8.57126 3.82128 110.453 87.2932 6.26631 81.0269 2.53858 5.42761 6.54632
internal_count=156216 143928 143267 12288 10638 139603 7096 6948 139574 85008 661 3664 2273 1914 1697 3542 3119 993 2126 423 1066 496 314 84433 62182 576 61606 791 478 359
is_linear=0
shrinkage=0.05


Tree=30
num_leaves=31
num_cat=0
split_feature=8 11 20 13 18 19 5 0 0 18 19 19 0 0 21 16 21 0 21 11 9 0 19 21 21 0 21 0 0 19
split_gain=72.108 30.0566 24.9109 21.9295 15.3676 8.24309 16.3564 7.20432 12.3933 5.89022 6.63178 5.17694 3.01065 21.6732 3.70281 4.39882 2.7844 2.77765 2.75471 2.11607 5.07066 6.57944 3.12306 2.58929 1.76771 1.73207 1.58903 1.40413 42.151 3.50145
threshold=1.0000000180025095e-35 1.0000000180025095e-35 1.0000000180025095e-35 1.0000000180025095e-35 1.0000000180025095e-35 7.5375709533691415 1.0000000180025095e-35 4.6030178070068368 4.625119924545289 1.0000000180025095e-35 11.496269226074221 10.317415714263918 5.0084662437438974 5.0364005565643319 5.647198200225831 1.5000000000000002 6.8095908164978036 3.908918142318726 7.9995107650756845 1.0000000180025095e-35 1.0000000180025095e-35 5.0084662437438974 11.188879013061525 6.9052519798278817 8.1911859512329119 5.5014009475708017 7.7744352817535409 3.3996962308883671 3.4086693525314335 8.5495157241821307
decision_type=2 2 2 2 2 2 2 2 2 2 2 2 2 2 2 2 2 2 2 2 2 2 2 2 2 2 2 2 2 2
left_child=1 2 3 7 5 -2 -7 27 11 10 -5 -9 -10 16 15 25 -14 -3 -6 20 22 -22 23 -8 -16 -15 -25 -1 29 -29
right_child=4 17 -4 9 18 6 19 8 12 -11 -12 -13 13 14 24 -17 -18 -19 -20 -21 21 -23 -24 26 -26 -27 -28 28 -30 -31
leaf_value=-0.04712850883982328 0.064703626840322034 0.014920692899642124 0.085014738805909276 -0.04410069933079426 0.05430635824200624 -0.046998504129714395 0.028527051844463677 -0.017032963794746815 -0.045412702749199549 0.073087951990138164 0.055422936323437602 0.13448284675252573 -0.0087960871915769637 -0.010500107763089669 -0.035131166379001572 -0.028359349963990917 0.14508087879810258 0.12984786083646199 0.021482641357887369 0.039035986168881945 -0.044831057363796015 0.025229518103100548 0.033761715157908302 -0.0087236105931156743 0.034681372535884269 0.09533491017929345 0.014261336369615471 -0.0054606847622481027 -0.041674591843101044 0.23167220328470983
leaf_weight=67.530608599365223 6.0037277271039775 0.96679620782379005 3.8211041754111639 2.8814038091804814 34.691713488195091 10.780797794461249 12.071612596511839 0.51511195639613905 9.4819957707077247 4.8085765659343451 1.9435482639819381 0.89274296164512634 0.21197536709951492 0.26513067900669129 21.051023905980404 1.2882202349719589 1.2815021259593775 2.2905114409513772 10.064647011924533 8.1635121181607229 6.9335540850879607 4.9475047062151134 21.430621340870857 15.865877076983454 0.18061505921650578 0.71242249786155298 12.58398951590061 0.12245074682868917 46.577596056216862 0.59726450050948188
leaf_count=79254 45 141 28 256 280 82 51 299 8290 63 48 270 144 206 14453 657 391 58 73 38 798 68 92 67 140 244 53 111 49500 447
internal_value=-0.0023621 -0.0245886 -0.0278381 -0.0310378 0.0235534 0.0123106 0.00826633 -0.0357541 -0.0156069 0.039169 -0.00137899 0.0949952 -0.0226745 -0.0126319 -0.0264785 0.0260512 0.128472 0.107254 0.0475559 0.0160112 0.0129778 -0.0159627 0.0186933 0.0101029 -0.033004 0.075836 0.00158216 -0.0418605 -0.0335187 0.211612
internal_weight=310.958 167.421 164.163 160.342 143.538 98.7812 92.7775 150.709 35.8807 9.63353 4.82495 1.40785 34.4729 24.9909 23.4974 2.26577 1.49348 3.25731 44.7564 81.9967 73.8332 11.8811 61.9521 40.5215 21.2316 0.977553 28.4499 114.828 47.2973 0.719715
internal_count=156647 155000 154801 154773 1647 1294 1249 154406 25094 367 304 569 24525 16235 15700 1107 535 199 353 1167 1129 866 263 171 14593 450 120 129312 50058 558
is_linear=0
shrinkage=0.05


Tree=31
num_leaves=31
num_cat=0
split_feature=8 2 1 20 18 17 1 5 0 7 4 17 1 0 0 1 4 10 13 7 0 2 2 0 17 17 0 1 1 1
split_gain=65.847 40.936 22.7895 13.4884 12.4573 9.16678 7.10978 12.2476 5.82719 3.94556 3.86021 3.41653 3.05975 2.88561 5.94105 3.75021 3.13246 2.67837 2.47398 2.35871 2.28953 2.26946 2.0738 2.03402 1.90593 3.28562 1.9052 1.79538 5.29731 1.67441
threshold=1.0000000180025095e-35 4.5000000000000009 7.1505477428436288 1.0000000180025095e-35 1.0000000180025095e-35 13.563750743865969 3.4560974836349492 1.0000000180025095e-35 3.0337504148483281 1.0000000180025095e-35 1.0000000180025095e-35 8.3856472969055194 9.6120772361755389 5.5467584133148202 5.5014009475708017 17.185221672058109 1.0000000180025095e-35 1.0000000180025095e-35 1.0000000180025095e-35 1.0000000180025095e-35 1.2513323426246645 21.500000000000004 2.5000000000000004 4.625119924545289 1.918035686016083 0.47519822418689733 3.4086693525314335 1.0685021877288821 0.44452457129955297 0.47553843259811407
decision_type=2 2 2 2 2 2 2 2 2 2 2 2 2 2 2 2 2 2 2 2 2 2 2 2 2 2 2 2 2 2
left_child=1 8 3 20 6 13 7 -2 -1 10 12 23 17 14 -4 -15 -16 -10 -17 -8 -3 -22 -12 24 25 -9 -27 28 -19 -26
right_child=4 2 5 -5 -6 -7 19 11 9 -11 22 -13 -14 15 16 18 -18 27 -20 -21 21 -23 -24 -25 29 26 -28 -29 -30 -31
leaf_value=-0.032445807974003441 -0.049091212616355198 0.017424343176888939 -0.018373854709630762 0.061934713498910221 0.043357618495235839 0.062098903948857247 0.019184795263866322 0.025254957934335076 -0.01532697345382586 -0.011360293816720376 0.031419024255702997 -0.027361438836107317 -0.018584521427914499 -0.040898217940860238 0.135152317896816 -0.024706897813019272 -0.011652916217604494 0.1078571421648838 0.053127995269260569 0.047895850610684458 -0.045887793330215344 -0.002403596145587 -0.029319138523937034 -0.021085179327501105 -0.0013830415377116476 0.00763904234568812 -0.028684611979215791 0.093877105783606002 -0.016658349023333813 0.042421211735947373
leaf_weight=1.8412656062282646 9.3973803743720037 1.0111735124955874 2.1280020675621958 2.2338551739230743 44.704488770803437 6.2230931830126783 28.259285557083786 15.20934032299556 0.43940986075904831 2.1479845875874153 4.6029948121868065 4.3961097389692432 0.51903414260596115 6.4524394929176179 0.34911657753400493 0.97197417169809353 0.29694710037438199 0.26605901867150938 1.4548676572740078 10.137838929891585 118.49864041601541 3.1944720377214244 1.0097919064573941 2.795559693593531 2.6579860813217229 7.7984790856717137 5.2523265093332157 7.8947920353384688 1.9880061524454502 9.7735609258525056
leaf_count=1423 79 494 1493 24 346 405 150 290 138 275 315 106 13 3240 64 470 113 46 10 77 141621 2986 217 34 81 172 69 891 641 208
internal_value=-0.00319728 -0.0246919 -0.0342321 -0.0417529 0.0218382 0.0177579 0.011439 0.000190553 0.0396451 0.0479592 0.0557908 0.0106688 0.0719816 -0.0089574 0.0290799 -0.0225817 0.10159 0.0776418 0.0238414 0.0277886 -0.0441259 -0.0447752 0.0177104 0.0150419 0.01797 0.0101583 -0.00798058 0.0826807 0.0266676 0.0336498
internal_weight=303.906 163.524 142.815 124.938 140.382 17.8764 95.6779 57.2807 20.7093 18.8681 16.7201 47.8834 11.1073 11.6533 2.77407 8.87928 0.646064 10.5883 2.42684 38.3971 122.704 121.693 5.61279 43.4873 40.6917 28.2601 13.0508 10.1489 2.25407 12.4315
internal_count=156491 154879 150920 145125 1612 5795 1266 1039 3959 2536 2261 960 1729 5390 1670 3720 177 1716 480 227 145101 144607 532 854 820 531 241 1578 687 289
is_linear=0
shrinkage=0.05


Tree=32
num_leaves=31
num_cat=0
split_feature=8 1 9 7 2 6 17 11 2 17 1 19 2 21 1 19 0 0 1 0 1 19 16 19 2 0 1 17 18 1
split_gain=55.4805 31.5233 14.9728 11.8951 10.0601 9.61835 8.70216 9.13568 8.69608 6.2904 5.25959 5.16856 4.32591 4.28662 3.72474 4.36168 3.49918 5.56364 3.41991 3.31622 3.23383 3.60546 3.132 2.80367 5.01755 3.40678 4.23274 3.0972 2.4754 2.47104
threshold=1.0000000180025095e-35 4.9058325290679941 1.0000000180025095e-35 1.0000000180025095e-35 3.5000000000000004 1.0000000180025095e-35 12.365121841430666 1.0000000180025095e-35 4.5000000000000009 0.54761651158332836 0.21532132476568225 10.745735168457033 21.500000000000004 5.2600927352905282 6.0464444160461435 9.7278327941894549 3.4086693525314335 3.0337504148483281 0.44452457129955297 5.5994029045104989 1.8810405135154726 10.482583045959474 8.5000000000000018 10.783232212066652 5.5000000000000009 4.625119924545289 0.9831334948539735 2.456006765365601 1.0000000180025095e-35 0.69087553024292003
decision_type=2 2 2 2 2 2 2 2 2 2 2 2 2 2 2 2 2 2 2 2 2 2 2 2 2 2 2 2 2 2
left_child=1 2 4 5 11 10 7 8 19 -5 -2 18 -6 -10 15 -12 17 -13 -1 -3 -14 -22 28 27 -25 26 29 -17 -8 -26
right_child=3 6 -4 9 12 -7 22 -9 13 -11 14 16 20 -15 -16 23 -18 -19 -20 -21 21 -23 -24 24 25 -27 -28 -29 -30 -31
leaf_value=0.045420391471468952 0.04959537047975255 0.057985316002257328 0.048930536338722623 0.00042504782321774539 -0.044556696983795767 -0.032416151408209908 0.0049711491023138217 0.085683733992837269 0.025588579067716746 0.050147945672708853 -0.021020421531121117 -0.019222809008935211 -0.019295284628194118 -0.037161236796652508 0.030552149956222064 0.04138505887678888 0.0057468330728199001 0.12712850510697407 -0.041035267982650385 -0.010756093295052302 -0.016975665223779964 0.11543495807661278 -0.017330214028656251 -0.021839512460260186 0.016655044671790672 -0.020238759384952031 0.051019846982805019 0.0028919278700189691 0.079203995890643142 -0.048103173434358833
leaf_weight=0.57081510615534892 8.9117289610439894 4.539887151680893 4.2594530037604263 7.7854567337781182 108.30556876247283 11.14506885409355 1.4861458976520205 1.9599879011511792 2.5797284887521554 34.182269304990768 12.189613350317812 0.62315239605959483 2.2531552874715994 14.011293370102065 17.153205211041495 11.299830040894451 3.4178879169048741 0.97382845752872527 4.3870056913001463 2.1659618304111063 0.51279756019357581 0.20881534833461046 0.83194230403751124 12.474198358133437 3.2531312829814834 3.5325987096875897 7.8804851286113262 9.3652336219092813 6.4775203360477462 1.2768800983903927
leaf_count=358 76 174 135 84 136961 88 680 19 518 266 385 461 2342 10275 96 93 495 199 1311 137 404 130 64 61 167 32 142 76 245 72
internal_value=-0.003682 -0.0237849 -0.0353044 0.0191637 -0.0386395 0.00947549 0.0184701 0.00283977 -0.00736965 0.0411484 0.0151277 0.00869495 -0.0429212 -0.0265043 0.0106359 0.00465926 0.0407519 0.0846091 -0.0251283 0.0372676 0.0128531 0.066135 0.0584814 0.0113292 0.000965005 0.0190436 0.0309006 0.024879 0.067451 -0.0069962
internal_weight=300.015 159.565 125.512 140.45 121.253 98.482 34.0525 25.2569 23.2969 41.9677 87.3369 9.97269 111.28 16.591 78.4252 61.272 5.01487 1.59698 4.95782 6.70585 2.97477 0.721613 8.79561 49.0824 28.4173 15.9431 12.4105 20.6651 7.96367 4.53001
internal_count=156546 154908 142796 1638 142661 1288 12112 11123 11104 350 1200 2824 139837 10793 1124 1028 1155 660 1669 311 2876 534 989 643 474 413 381 169 925 239
is_linear=0
shrinkage=0.05


Tree=33
num_leaves=31
num_cat=0
split_feature=8 1 2 1 7 5 17 20 2 2 4 1 9 1 9 2 17 1 1 7 1 17 1 17 1 1 1 18 1 11
split_gain=53.8006 32.4879 17.4525 14.1102 10.8466 6.67532 4.33351 3.97978 3.12945 6.17811 2.59243 2.38449 6.62513 6.30942 2.37514 2.31776 1.94774 2.21215 3.88563 2.77622 2.72668 2.63942 1.90473 2.5996 2.40444 1.79426 1.58022 1.49767 2.28921 1.08739
threshold=1.0000000180025095e-35 7.8995900154113778 5.5000000000000009 0.11108123511075975 1.0000000180025095e-35 1.0000000180025095e-35 0.5905953347682954 1.0000000180025095e-35 9.5000000000000018 16.500000000000004 1.0000000180025095e-35 0.1771364510059357 1.0000000180025095e-35 5.6106801033020028 1.0000000180025095e-35 21.500000000000004 13.563750743865969 0.21532132476568225 1.6246471405029299 1.0000000180025095e-35 6.0464444160461435 5.7683861255645761 1.3922622799873354 1.0863391160964968 3.6369216442108159 13.657860279083254 1.1565781831741335 2.5000000000000004 3.1351157426834111 1.0000000180025095e-35
decision_type=2 2 2 2 2 2 2 2 2 2 2 2 2 2 2 2 2 2 2 2 2 2 2 2 2 2 2 2 2 2
left_child=1 2 10 14 5 -2 -6 15 -3 29 16 -7 22 -14 -4 -5 17 -1 -19 20 21 -20 -13 24 -24 -11 -18 28 -8 -10
right_child=4 8 3 7 6 11 27 -9 9 25 -12 12 13 -15 -16 -17 26 18 19 -21 -22 -23 23 -25 -26 -27 -28 -29 -30 -31
leaf_value=0.065486765877718109 -0.026256401184857822 0.051838350528575175 -0.018449305088527653 -0.045952988591310459 0.004379607864437517 0.039887740067570371 0.0085584085443570247 0.04784001526090112 -0.022567237708875608 0.0091957326017157639 -0.031950482049408736 0.029163073573944532 -0.04644510201261165 0.019087663662972112 0.066623455656991071 -0.0018104468851128761 -0.010924355444587145 -0.021620690396013845 0.070304640521309414 -0.026174861966763455 -0.022461077137673934 -0.018550856572951354 0.0052262189878900123 -0.0019484472383833927 0.037144742312320456 0.068518310622906406 0.086682341290822432 0.062814752092123047 0.045158025847107354 0.030551917493702542
leaf_weight=0.79005913151194818 11.168020397424696 9.0954388519749063 0.5836182438069949 108.64046480279649 7.766961599700152 6.8567017524037501 6.3109353720210519 0.40183233190327783 6.8372356891049986 2.3476621481822804 1.7455104332766502 21.41173093020916 7.9866625135764462 5.4733458913397044 2.6917761415243149 3.1426854245364657 0.27796709514223106 6.0096845594816823 3.9240699594956823 1.0714431181550024 0.7493582444731145 0.57296320638852183 11.800581574440004 21.087248519062996 11.615953981876372 3.1582372012780979 0.75925991201074794 11.163392022252081 17.047063915990293 0.22295946069061745
leaf_count=173 86 849 486 141938 85 56 97 13 2837 797 523 91 799 42 12 2984 119 2962 404 169 30 89 50 93 55 282 69 62 109 4
internal_value=-0.00441376 -0.0248178 -0.0341644 -0.0408895 0.0179554 0.00859903 0.038809 -0.0439877 0.0308686 0.0129882 0.0141997 0.0133624 0.0106033 -0.0203199 0.0506953 -0.044739 0.0216235 0.0133992 0.00539776 0.0305409 0.0444597 0.0576684 0.0171272 0.0108228 0.0219325 0.0485251 0.0680021 0.0462138 0.0360268 -0.0173074
internal_weight=292.711 153.022 131.361 115.46 139.689 97.4002 42.2884 112.185 21.6615 12.5661 15.9003 86.2322 79.3755 13.46 3.27539 111.783 14.1548 13.1176 12.3275 6.31783 5.24639 4.49703 65.9155 44.5038 23.4165 5.5059 1.03723 34.5214 23.358 7.0602
internal_count=156365 154740 149971 145433 1625 1272 353 144935 4769 3920 4538 1186 1130 841 498 144922 4015 3827 3654 692 523 493 289 198 105 1079 188 268 206 2841
is_linear=0
shrinkage=0.05


Tree=34
num_leaves=31
num_cat=0
split_feature=8 13 2 1 20 0 16 9 5 19 0 9 0 17 5 17 2 19 1 19 19 19 19 2 0 0 1 0 0 1
split_gain=52.7831 33.1811 19.1577 13.4653 12.9181 11.3506 7.38658 5.16165 6.72458 4.95829 4.58965 4.33116 8.36043 3.88953 3.86421 4.11303 3.73372 3.19722 3.00251 2.674 5.59511 2.3439 2.57205 3.69216 2.30042 2.61343 1.528 2.13966 8.87137 2.16301
threshold=1.0000000180025095e-35 1.0000000180025095e-35 4.5000000000000009 0.16552247852087024 1.0000000180025095e-35 3.0337504148483281 6.5000000000000009 1.0000000180025095e-35 1.0000000180025095e-35 10.424569129943849 3.3996962308883671 1.0000000180025095e-35 5.4522609710693368 0.66490826010704052 1.0000000180025095e-35 1.2138128280639651 21.500000000000004 9.7045631408691424 1.0685021877288821 10.482583045959474 10.654984951019289 11.188879013061525 8.5935993194580096 6.5000000000000009 3.922072291374207 5.0084662437438974 4.0280532836914071 5.5467584133148202 5.5014009475708017 7.8995900154113778
decision_type=2 2 2 2 2 2 2 2 2 2 2 2 2 2 2 2 2 2 2 2 2 2 2 2 2 2 2 2 2 2
left_child=1 2 9 -2 7 -5 11 16 -9 10 -1 21 -13 18 -12 -16 26 -17 -11 -18 -21 22 -7 -24 -20 -26 -4 28 -28 -30
right_child=3 -3 4 5 -6 6 -8 8 -10 13 14 12 -14 -15 15 17 19 -19 24 20 -22 -23 23 -25 25 -27 27 -29 29 -31
leaf_value=-0.02511978452602337 0.05391655223506911 0.056692392820649341 -0.046331057672525613 -0.047136097838487823 0.045819616306937941 0.034749439558789785 0.059148088520591703 -0.034897879319619789 0.077966084855700599 -0.028362999068224655 -0.019350580293521977 -0.040145929823676298 0.01845746747602631 -0.028262077736915782 -0.017326059922721779 0.012653432480735752 -0.020405290433407403 0.12889309516946409 0.081371378858059493 0.12923132305054175 -0.022438353059809044 0.030963216804232786 0.017075192726114196 -0.012616743285379812 -0.029739760044824134 0.040172422208705434 -0.027067010799251584 -0.044172118361178438 -0.0093515770090891511 0.12205988687103937
leaf_weight=1.0054201468592534 22.794719572062604 11.036285197013056 93.435852853173856 6.5633903432171783 3.7270911876112214 8.9029500409960729 8.3069184243213368 2.1446920922026038 1.3232593089342111 1.3009723350405673 0.62675681733526278 9.5537511209258827 13.442723771906456 5.7090687073068693 0.51541074737906489 1.0077961949864405 2.374273626832291 2.3212907434208319 1.2770682761911301 0.11581494368147094 0.81226118601625785 23.251805081963539 27.503883540630341 15.657354742288588 1.3848984627984466 2.1794490604661405 7.6983334079850447 7.4659771540900683 0.22972478048177425 0.45146518258843571
leaf_count=622 134 380 131972 414 31 52 65 185 6 619 187 560 81 1610 65 73 2313 254 202 76 735 109 120 74 161 93 8490 6448 224 116
internal_value=-0.00277088 -0.0233428 -0.030149 0.0196483 -0.0372282 0.012335 0.0164 -0.040264 0.0159788 0.018147 0.0533277 0.0122288 -0.00654738 -0.000994957 0.0723348 0.088191 -0.0421219 0.104756 0.0247572 0.00806096 0.0536981 0.0179724 0.0116966 0.00626223 0.0414434 0.0124442 -0.0436977 -0.0263413 -0.00743877 0.0985408
internal_weight=284.121 148.143 137.107 135.977 119.779 113.183 106.619 116.052 3.46795 17.3281 5.47667 98.3125 22.9965 11.8515 4.47125 3.8445 112.584 3.32909 6.14239 3.30235 0.928076 75.316 52.0642 43.1612 4.84142 3.56435 109.281 15.8455 8.37952 0.68119
internal_count=156471 154862 154482 1609 150596 1475 1061 150565 191 3886 1201 996 641 2685 579 392 150374 327 1075 3124 811 355 246 194 456 254 147250 15278 8830 340
is_linear=0
shrinkage=0.05


end of trees

feature_importances:
amount_log=206
amount_to_baseline=182
log_seconds_since_last=111
tenure_log=105
hour_of_day=91
account_amount_24h_to_baseline=69
ip_country_mismatch=36
is_ecom=35
is_new_device=34
device_txn_count_1h=30
is_foreign_merchant=28
card_country_change_1h=28
beneficiary_foreign=23
mcc_high_risk=20
account_txn_count_24h=16
is_transfer=14
card_txn_count_1h=10
is_pos=4
is_night=3
has_device=2
card_txn_count_10m=2
is_new_beneficiary=1

parameters:
[boosting: gbdt]
[objective: binary]
[metric: binary_logloss]
[tree_learner: serial]
[device_type: cpu]
[data_sample_strategy: bagging]
[data: ]
[valid: ]
[num_iterations: 1000]
[learning_rate: 0.05]
[num_leaves: 31]
[num_threads: 4]
[seed: 42]
[deterministic: 1]
[force_col_wise: 0]
[force_row_wise: 1]
[histogram_pool_size: -1]
[max_depth: -1]
[min_data_in_leaf: 50]
[min_sum_hessian_in_leaf: 0.001]
[bagging_fraction: 0.8]
[pos_bagging_fraction: 1]
[neg_bagging_fraction: 1]
[bagging_freq: 1]
[bagging_seed: 400]
[bagging_by_query: 0]
[feature_fraction: 0.8]
[feature_fraction_bynode: 1]
[feature_fraction_seed: 30056]
[extra_trees: 0]
[extra_seed: 12879]
[early_stopping_round: 0]
[early_stopping_min_delta: 0]
[first_metric_only: 0]
[max_delta_step: 0]
[lambda_l1: 0]
[lambda_l2: 1]
[linear_lambda: 0]
[min_gain_to_split: 0]
[drop_rate: 0.1]
[max_drop: 50]
[skip_drop: 0.5]
[xgboost_dart_mode: 0]
[uniform_drop: 0]
[drop_seed: 17869]
[top_rate: 0.2]
[other_rate: 0.1]
[min_data_per_group: 100]
[max_cat_threshold: 32]
[cat_l2: 10]
[cat_smooth: 10]
[max_cat_to_onehot: 4]
[top_k: 20]
[monotone_constraints: ]
[monotone_constraints_method: basic]
[monotone_penalty: 0]
[feature_contri: ]
[forcedsplits_filename: ]
[refit_decay_rate: 0.9]
[cegb_tradeoff: 1]
[cegb_penalty_split: 0]
[cegb_penalty_feature_lazy: ]
[cegb_penalty_feature_coupled: ]
[path_smooth: 0]
[interaction_constraints: ]
[verbosity: -1]
[saved_feature_importance_type: 0]
[use_quantized_grad: 0]
[num_grad_quant_bins: 4]
[quant_train_renew_leaf: 0]
[stochastic_rounding: 1]
[linear_tree: 0]
[max_bin: 255]
[max_bin_by_feature: ]
[min_data_in_bin: 3]
[bin_construct_sample_cnt: 200000]
[data_random_seed: 175]
[is_enable_sparse: 1]
[enable_bundle: 1]
[use_missing: 1]
[zero_as_missing: 0]
[feature_pre_filter: 1]
[pre_partition: 0]
[two_round: 0]
[header: 0]
[label_column: ]
[weight_column: ]
[group_column: ]
[ignore_column: ]
[categorical_feature: ]
[forcedbins_filename: ]
[precise_float_parser: 0]
[parser_config_file: ]
[objective_seed: 16083]
[num_class: 1]
[is_unbalance: 0]
[scale_pos_weight: 1]
[sigmoid: 1]
[boost_from_average: 1]
[reg_sqrt: 0]
[alpha: 0.9]
[fair_c: 1]
[poisson_max_delta_step: 0.7]
[tweedie_variance_power: 1.5]
[lambdarank_truncation_level: 30]
[lambdarank_norm: 1]
[label_gain: ]
[lambdarank_position_bias_regularization: 0]
[eval_at: ]
[multi_error_top_k: 1]
[auc_mu_weights: ]
[num_machines: 1]
[local_listen_port: 12400]
[time_out: 120]
[machine_list_filename: ]
[machines: ]
[gpu_platform_id: -1]
[gpu_device_id: -1]
[gpu_device_id_list: ]
[gpu_use_dp: 0]
[num_gpu: 1]

end of parameters

pandas_categorical:[]
