tree
version=v4
num_class=1
num_tree_per_iteration=1
label_index=0
max_feature_idx=26
objective=binary sigmoid:1
feature_names=amount_log amount_to_baseline hour_of_day is_night is_transfer is_ecom is_pos mcc_high_risk is_foreign_merchant ip_country_mismatch has_device is_new_device is_new_beneficiary beneficiary_foreign card_txn_count_10m card_txn_count_1h account_txn_count_24h account_amount_24h_to_baseline device_txn_count_1h log_seconds_since_last card_country_change_1h tenure_log risk_tier_elevated graph_device_risk graph_beneficiary_risk graph_merchant_risk graph_account_risk
feature_infos=[0.41210964322090149:9.4585943222045898] [0.0037047755904495716:216.81700134277344] [0:23] [0:1] [0:1] [0:1] [0:1] [0:1] [0:1] [0:1] [0:1] [0:1] [0:1] [0:1] [0:4] [0:6] [0:17] [0:227.16578674316406] [0:21] [0:14.767940521240234] [0:1] [2.5649492740631104:8.2022085189819336] [0:1] [0:1] none [0:0.80000001192092896] [0:1]
tree_sizes=3397 3038 3460 3468 3485 3463 3448 3462 3458 3448 3453 3468 3028 3475 3246 3457 3438 3493 3470 3475 3482 3466 3473 3472 3452 3472 3459 3480 3445 3485 3491 3479 3492 3461 3468 3478 3477 3468 3464 3458 3487 3461 3501 3471 3472 3472 3485 3485 3466 3498 3455 3500

Tree=0
num_leaves=31
num_cat=0
split_feature=20 23 11 8 19 1 1 2 5 2 19 21 1 1 5 1 2 7 1 19 19 1 2 17 17 18 2 19 19 19
split_gain=16531.2 3061.71 1758.65 905.988 1019.95 387.756 360.641 225.524 403.818 48.5818 39.3528 23.4643 31.5112 13.0271 11.0132 15.3479 10.1195 9.4354 8.75425 7.98455 6.33637 5.91253 5.63782 4.86008 4.15626 3.896 3.42314 4.01687 3.8518 3.41834
threshold=1.0000000180025095e-35 1.0000000180025095e-35 1.0000000180025095e-35 1.0000000180025095e-35 8.703165531158449 5.0701956748962411 2.3422205448150639 5.5000000000000009 1.0000000180025095e-35 4.5000000000000009 7.7609152793884286 8.0987949371337908 0.65972340106964122 0.30787684023380285 1.0000000180025095e-35 2.7096163034439091 18.500000000000004 1.0000000180025095e-35 0.14287002384662631 8.4312386512756365 9.8424220085144061 0.5245146155357362 22.500000000000004 3.6753486394882207 8.3713335990905779 1.5000000000000002 12.500000000000002 11.09644937515259 9.0977559089660662 12.459737777709963
decision_type=2 2 2 2 2 2 2 2 2 2 2 2 2 2 2 2 2 2 2 2 2 2 2 2 2 2 2 2 2 2
left_child=1 2 3 7 6 -3 13 8 10 11 -1 12 21 -5 25 18 23 -14 19 -16 24 -10 29 26 -18 -9 27 28 -17 -20
right_child=-2 5 -4 4 -6 -7 -8 14 9 -11 -12 -13 17 -15 15 16 20 -19 22 -21 -22 -23 -24 -25 -26 -27 -28 -29 -30 -31
leaf_value=-6.155141058263137 -0.73292645542276702 -6.391332393732271 -4.6373302423643539 -6.152747796543542 -6.4586634437680166 -3.6822602688826458 -4.2710632346083521 -6.4753885399843085 -6.2152120665308086 -6.3799983915227987 -6.4713670602939537 -6.3959455203865314 -5.5874616433234872 -6.4417153990135718 -6.2724798460974931 -6.4374021661705658 -6.209587869099769 -6.3882011151917579 -6.4660651092943926 -6.4494257177245737 -6.4396856751231795 -6.4364067674176653 -6.3754576196153803 -6.4631798728497545 -6.4334451676853552 -6.3932925040900654 -6.4312928652322361 -6.4274390594582957 -6.2711077732851352 -6.4057448952354372
leaf_weight=0.090354543179272606 0.27106362953781982 0.17909561237320204 0.33237564098089833 0.082287173252552193 1.8538816091604529 0.12746444484218955 0.17909561237320304 302.76839334983379 0.72444981941953335 0.55987547291442741 9.3371739531867188 0.24686151975765813 1.2504423386417327 0.45177271589636803 0.22749983193352707 0.29042531736194988 0.31301395315676916 0.13714528875425447 87.70683236932382 0.86966247810050845 0.37109901662915945 0.25815583765506744 0.9858326050452878 2.8429411621764302 0.17102824244648218 0.80996394064277311 2.3411507527343929 1.0519850384443996 0.46306703379377723 1.8393603432923544
leaf_count=56 168 111 206 51 1149 79 111 187650 449 347 5787 153 775 280 141 180 194 85 54359 539 230 160 611 1762 106 502 1451 652 287 1140
internal_value=-6.42647 -6.4437 -6.45119 -6.45689 -5.66319 -4.02697 -4.78338 -6.46361 -6.26304 -5.85373 -6.44264 -5.78502 -5.74923 -6.24801 -6.47027 -6.45531 -6.39141 -5.61757 -6.4611 -6.35696 -6.2875 -6.2492 -6.4631 -6.41988 -6.24031 -6.47506 -6.38876 -6.35143 -6.30508 -6.46461
internal_weight=419.134 418.863 418.556 418.224 2.56704 0.30656 0.713156 415.657 12.6045 3.17693 9.42753 2.61705 2.37019 0.53406 403.052 99.4739 7.84471 1.38759 91.6292 1.09716 0.855141 0.982606 90.532 6.98957 0.484042 303.578 4.14663 1.80548 0.753492 89.5462
internal_count=259771 259603 259413 259207 1591 190 442 257616 7812 1969 5843 1622 1469 331 249804 61652 4862 860 56790 680 530 609 56110 4332 300 188152 2570 1119 467 55499
is_linear=0
shrinkage=1


Tree=1
num_leaves=27
num_cat=0
split_feature=25 23 8 20 19 11 0 1 1 18 13 7 1 17 1 0 3 5 25 3 0 0 1 25 1 21
split_gain=4023.1 1282.92 934.426 680.185 315.7 262.129 247.186 48.204 77.1993 48.0529 64.571 34.5654 14.7403 14.9674 7.44963 6.64806 2.96491 5.74971 13.5643 1.72377 1.09944 3.9124 1.02969 0.670079 0.422445 0.371794
threshold=0.75000000000000011 1.0000000180025095e-35 1.0000000180025095e-35 1.0000000180025095e-35 7.7609152793884286 1.0000000180025095e-35 5.1770250797271737 0.11797450482845308 5.0701956748962411 1.0000000180025095e-35 1.0000000180025095e-35 1.0000000180025095e-35 6.9958300590515146 17.531178474426273 14.112694263458254 6.6874763965606698 1.0000000180025095e-35 1.0000000180025095e-35 1.0000000180025095e-35 1.0000000180025095e-35 1.54862517118454 5.3716375827789316 3.1010153293609624 0.40000000596046453 6.0215139389038095 7.2824172973632821
decision_type=2 2 2 2 2 2 2 2 2 2 2 2 2 2 2 2 2 2 2 2 2 2 2 2 2 2
left_child=1 2 5 4 -4 9 24 -6 22 16 11 12 19 -14 20 -15 23 -18 -19 -11 -13 -22 -9 -1 -3 -24
right_child=-2 6 3 -5 7 -7 -8 8 -10 10 -12 14 13 15 -16 -17 17 18 -20 -21 21 -23 25 -25 -26 -27
leaf_value=-0.049365655897016067 2.8658054651696627 -0.012338235243874215 1.25649726013219 0.13090435830324931 0.59899078991195276 0.45141234645753459 1.1947383092600026 -0.034005912831418107 0.44307372269218104 -0.047077449542808673 0.40042249171803035 0.19280044498974069 -0.030683956707766198 0.19767666638989057 -0.022630792839571218 -0.012556630446410791 -0.045056689337169713 0.10810432638631816 -0.03847734592084022 0.025966199066452058 -0.019541145508058976 0.097263592746139396 0.035116567403960956 -0.007511163125673086 0.03043744030308598 -0.0094096205618558262
leaf_weight=369.00360503117554 0.21748831635340948 0.32240846171043758 1.1426492775790382 31.567435026168823 0.15553249372169409 1.6907622236758459 1.6093684358056632 2.1078821519622588 0.3179418216459452 13.940755451680168 0.11004952690563996 1.3410057795699684 1.5821634809253731 0.75306037859991171 0.44199357973411668 0.33465116005390882 8.9738088471349311 1.5285423714667548 3.2975300224497914 0.24700586544349867 0.63991703989449877 1.1978154712123794 0.17380885477177788 1.3510925946757186 0.23945629596710205 0.22909426898695529
leaf_count=238335 80 113 220 144 23 178 70 1222 73 8847 70 20 1023 63 4 215 5805 591 1297 15 411 69 42 874 10 62
internal_value=-0.00449338 -0.0123309 -0.0194749 0.222255 0.75919 -0.0411979 0.989811 0.301202 0.132659 -0.0443632 0.0289267 0.00838014 -0.0235442 0.0682719 0.129944 0.157963 -0.048356 -0.0230676 0.0185354 -0.0441798 0.151498 0.0640376 -0.0216566 -0.0492336 0.0137078 0.0211382
internal_weight=444.517 444.299 442.128 35.6943 4.12691 406.434 2.17123 2.98426 2.82873 404.743 20.5884 20.4784 16.8576 2.66988 3.62073 1.08771 384.155 13.7999 4.82607 14.1878 3.17874 1.83773 2.51079 370.355 0.561865 0.402903
internal_count=259876 259796 259603 1786 1642 257817 193 1422 1399 257639 10737 10667 10163 1301 504 278 246902 7693 1888 8862 500 480 1326 239209 123 104
is_linear=0
shrinkage=0.05


Tree=2
num_leaves=31
num_cat=0
split_feature=25 9 20 8 1 1 1 20 1 21 11 21 1 17 1 17 19 3 17 26 1 1 17 17 21 21 21 21 21 21
split_gain=1187.04 816.064 665.694 368.648 249.661 156.275 113.603 66.5973 212.67 26.2912 21.7729 14.353 12.9681 9.34289 19.5938 8.76531 4.80726 4.31392 5.27329 2.39141 1.22096 4.32575 2.23749 3.21199 1.87684 1.45053 1.06097 0.817326 0.829928 0.777243
threshold=0.75000000000000011 1.0000000180025095e-35 1.0000000180025095e-35 1.0000000180025095e-35 16.079887390136722 0.11797450482845308 6.4660279750823983 1.0000000180025095e-35 3.4938747882843022 4.6959142684936532 1.0000000180025095e-35 7.1887903213500985 1.9351415634155276 34.935554504394538 7.6320796012878427 1.445408880710602 7.1766235828399667 1.0000000180025095e-35 17.531178474426273 0.93750000000000011 1.0134890079498293 1.182788133621216 7.8569569587707528 8.4724421501159686 7.2097098827362069 7.8520500659942636 4.6959142684936532 6.7387444972991952 8.0121836662292498 7.6046454906463632
decision_type=2 2 2 2 2 2 2 2 2 2 2 2 2 2 2 2 2 2 2 2 2 2 2 2 2 2 2 2 2 2
left_child=1 3 5 4 10 -3 12 8 16 -6 13 -11 -7 17 -15 -12 -5 19 20 -1 -19 24 -23 -24 -22 -26 -21 -20 -29 -16
right_child=-2 2 -4 7 9 6 -8 -9 -10 11 15 -13 -14 14 29 -17 -18 18 27 26 21 22 23 -25 25 -27 -28 28 -30 -31
leaf_value=-0.049717789434024301 0.78152288407896275 1.2359023561014089 0.11345938242706965 0.07711980459862762 0.39684552715334603 -0.025307154038131205 0.61437509439365157 0.10966989278436895 0.63664028167172948 -0.024225310454846136 -0.0085983964284422603 0.17350910054775814 0.16856915981750112 -0.042576207388739858 0.018485738185302223 0.149278913490139 -0.032423110416191503 -0.042873644936087696 -0.0069297159675320193 0.032800838755655128 -0.013288097870072627 -0.041330468898788345 0.084740864708357622 -0.024216652000890189 0.10600183267207773 -0.0079887870694200797 -0.022040296984896249 0.089886593060481426 -0.0058403535807943037 0.17264867455976696
leaf_weight=361.42934530961793 3.7487898115068665 0.55497873760759731 27.184331819415092 0.56671874178573345 1.8921427420573298 1.0183636570582169 2.3006202307296917 6.6308297961950302 2.1972033919300884 0.93720776890404556 1.3841330632567399 2.5640570782124996 1.2826019256608558 3.0578631719108667 0.36826253938488651 1.0034081041812895 1.8144923809450118 5.9323066094657371 0.16050613834522742 0.79648659343365469 0.3606202866649254 4.7134456899948418 0.1131544195814056 0.93582093180157244 0.28180615184828639 0.18968237703666091 0.78621510532684624 0.42939933203160763 0.13197197637055069 0.54106143361423165
leaf_count=245318 88 44 119 52 60 516 207 29 116 638 90 1198 492 1495 49 68 873 3355 91 219 164 2760 62 564 137 107 535 236 78 72
internal_value=-0.00470485 -0.0133255 0.224382 -0.0330948 -0.0415082 0.695732 0.42158 0.237681 0.370184 0.268902 -0.0465733 0.126957 0.101091 -0.0475957 0.0238741 0.0822328 0.00874552 -0.0484106 -0.0185127 -0.0494479 -0.0279158 -0.0105865 -0.0279026 0.0231582 0.0591065 0.0858788 0.00757252 0.0661085 0.0780549 0.152596
internal_weight=435.308 431.559 32.3409 399.218 388.009 5.15656 4.60159 11.2092 4.57841 5.39341 382.615 3.50126 2.30097 380.228 3.96719 2.38754 2.38121 376.261 13.2487 363.012 12.5268 6.59453 5.76242 1.04898 0.832109 0.471489 1.5827 0.721877 0.561371 0.909324
internal_count=259832 259744 1378 258366 257296 1259 1215 1070 1041 1896 255400 1836 1008 255242 1616 158 925 253626 7554 246072 7149 3794 3386 626 408 244 754 405 314 121
is_linear=0
shrinkage=0.05


Tree=3
num_leaves=31
num_cat=0
split_feature=9 25 23 15 15 1 11 5 17 1 15 17 2 1 2 17 0 0 7 1 16 2 1 2 1 2 2 2 2 2
split_gain=692.447 664.377 319.98 198.134 126.645 65.8179 32.4316 26.9131 11.8574 9.0932 39.4608 4.8856 4.13056 3.09739 2.66368 2.60631 1.80487 1.5852 1.43551 2.14464 1.40206 1.26183 0.671677 0.691933 0.595666 0.585609 0.726292 0.518177 0.482717 0.307357
threshold=1.0000000180025095e-35 0.75000000000000011 1.0000000180025095e-35 1.0000000180025095e-35 1.5000000000000002 2.3422205448150639 1.0000000180025095e-35 1.0000000180025095e-35 1.445408880710602 4.9675574302673349 1.0000000180025095e-35 17.531178474426273 13.500000000000002 6.4660279750823983 18.500000000000004 5.3166382312774667 7.5379920005798349 4.367103338241578 1.0000000180025095e-35 5.6382014751434335 7.5000000000000009 2.5000000000000004 0.11797450482845308 15.500000000000002 6.9958300590515146 14.500000000000002 11.500000000000002 16.500000000000004 1.5000000000000002 4.5000000000000009
decision_type=2 2 2 2 2 2 2 2 2 2 2 2 2 2 2 2 2 2 2 2 2 2 2 2 2 2 2 2 2 2
left_child=1 2 4 -2 6 -6 9 -7 -8 22 11 17 13 -13 -5 -12 20 24 21 25 -15 28 23 -1 -11 26 -20 -25 -19 -24
right_child=3 -3 -4 14 5 7 8 -9 -10 10 15 12 -14 16 -16 -17 -18 18 19 -21 -22 -23 29 27 -26 -27 -28 -29 -30 -31
leaf_value=-0.024195618775428876 0.42407386729845409 0.42704542595115247 0.33667960446426026 0.14539226543417172 -0.043773566880150383 0.33821070285400179 -0.0059089875504432163 0.10333117266108421 0.18360990176496661 -0.011923339588911522 0.0083471232728245439 -0.019151297766179784 -0.03183206031191823 0.11341992624043196 0.08737241723852586 0.13726117946621927 -0.0099603876349869634 -0.014182065958858897 -0.007267015498313734 -0.030244715795866236 -0.0067587924683332537 -0.046383364245162338 -0.031969199487877568 0.04100198130500645 0.042721711131737374 -0.0078592870812253853 0.070739606411463554 -0.010896588480050729 0.029812031983481643 -0.049112200250861549
leaf_weight=0.9349403183441598 6.646627223934046 6.990924645215272 4.755796816200017 25.3990727243945 3.286647118511608 2.0530765078729019 1.2466599810868495 4.3868698264705017 1.135961504653096 0.31255190959200163 0.59012813540175502 0.61937703960575108 1.7450606260681523 0.83274917246308156 8.751174046774393 2.6982322816038504 0.24829660367686301 0.39509342727251251 0.16975219245068673 1.5248974653659386 0.15602919913362712 39.535655790241435 10.033322001923805 0.09879510453902185 0.07761696120724082 0.18616607435978949 0.24094585119746625 0.27815332473255694 0.25266283482778817 304.73498415283393
leaf_count=648 1176 87 171 181 1562 114 85 71 66 221 248 437 1208 490 43 220 167 267 116 1032 104 27837 5645 67 27 128 115 196 161 216814
internal_value=-0.00363648 -0.0243301 -0.0336711 0.189797 -0.03921 0.130663 -0.0440413 0.213606 0.112016 -0.0453608 -0.0246813 -0.0374107 0.0150449 0.0548268 0.133433 0.121468 0.08387 -0.0420786 -0.0431594 -0.00205135 0.100593 -0.0452275 -0.0485169 -0.00678744 0.021859 0.0438115 0.0562015 0.0226045 0.0106564 -0.0486687
internal_weight=430.318 389.521 382.53 40.7969 377.775 9.72659 368.048 6.43995 2.38262 365.665 49.5852 46.2969 3.60151 1.85645 34.1502 3.28836 1.23707 42.6953 42.3052 2.12176 0.988778 40.1834 316.08 1.31189 0.390169 0.596864 0.410698 0.376948 0.647756 314.768
internal_count=259704 258304 258217 1400 258046 1747 256299 185 151 256148 32778 32310 2406 1198 224 468 761 29904 29656 1391 594 28265 223370 911 248 359 231 263 428 222459
is_linear=0
shrinkage=0.05


Tree=4
num_leaves=31
num_cat=0
split_feature=8 25 23 20 1 13 1 7 1 1 1 20 2 19 19 19 25 5 25 2 1 2 1 17 7 18 1 2 2 5
split_gain=504.435 457.732 330.575 100.401 96.4067 91.1417 64.7341 33.1216 23.3793 80.7688 19.8305 13.4471 6.5369 6.99481 4.1453 3.67913 5.14208 4.66386 2.83046 3.34818 2.05884 1.78825 1.44375 3.76664 1.69899 1.56921 1.35248 0.837384 0.607003 1.5303
threshold=1.0000000180025095e-35 0.75000000000000011 1.0000000180025095e-35 1.0000000180025095e-35 0.11797450482845308 1.0000000180025095e-35 9.0877089500427264 1.0000000180025095e-35 4.6835310459136972 0.11797450482845308 2.3422205448150639 1.0000000180025095e-35 5.5000000000000009 8.8266315460205096 7.3505065441131601 11.064232349395754 1.0000000180025095e-35 1.0000000180025095e-35 0.40000000596046453 18.500000000000004 1.9351415634155276 3.5000000000000004 11.111482143402101 22.001013755798343 1.0000000180025095e-35 1.0000000180025095e-35 11.887571334838869 8.5000000000000018 3.5000000000000004 1.0000000180025095e-35
decision_type=2 2 2 2 2 2 2 2 2 2 2 2 2 2 2 2 2 2 2 2 2 2 2 2 2 2 2 2 2 2
left_child=1 2 4 8 7 11 -7 -1 9 -2 -11 12 13 20 -12 28 17 26 22 -20 -6 -19 -14 24 27 -25 -17 -24 -15 -30
right_child=3 -3 -4 -5 5 6 -8 -9 -10 10 14 -13 18 15 -16 16 -18 21 19 -21 -22 -23 23 25 -26 -27 -28 -29 29 -31
leaf_value=-0.0052986393874594612 0.40446693893846253 0.30426593820139403 0.25808185250367449 0.10100319779512966 -0.0087081581151820311 -0.024519725578632107 0.48501348123343591 0.30264267942039091 0.36120720498131953 -0.037143224365274972 0.17669058661374315 0.046196025351533027 -0.048693475215182302 -0.043461881079152401 0.032779485872924972 -0.025858640744509494 -0.031610658567352248 0.14973700608319537 -0.026326589303691902 0.081110444164126633 0.12735701131095564 -0.0058373501182564236 0.0042950516104270043 -0.011692872938141384 0.031235764529460582 0.087524036019928045 0.04347383341188344 -0.04364265826249613 -0.032519551100375438 0.025333815066950878
leaf_weight=1.2346685840748242 1.5169934560544769 9.3367201983928663 8.5043239791411889 33.623635619878769 0.21037860377691586 0.95960424514487275 0.40101872384548187 1.7270567162195221 5.0202470952644944 2.851443960913457 1.1797159910202029 3.2038765102624884 325.20543869619723 6.5447551234392431 1.3817043219460172 1.0672332484973588 1.7081934080924837 0.25143471732735623 1.1087897779652838 0.14382946712430555 0.12759772269055247 0.13180399325210601 0.84007233055308272 0.30462502350565035 0.23075744486413885 0.090663507464341819 0.069610124453902134 6.7807458924362436 1.8528631093213337 0.98888822423759837
leaf_count=867 33 83 190 139 118 690 102 62 123 1280 16 14 241764 3862 164 754 979 85 794 84 71 60 563 200 153 56 37 4707 1332 447
internal_value=-0.00467554 -0.0239869 -0.0332251 0.150511 -0.040905 -0.043551 0.267499 0.205336 0.271253 0.168754 0.0499233 -0.0455141 -0.0464893 -0.0106799 0.130062 -0.0207187 0.0208633 0.0689754 -0.0478392 0.0165404 0.0994542 0.130693 -0.0481297 -0.0230371 -0.0331269 0.0574823 -0.00325517 -0.0384731 -0.0356517 -0.0110334
internal_weight=418.599 373.025 363.688 45.5737 355.184 352.222 1.36062 2.96173 11.9501 6.92986 5.41286 350.862 347.658 12.9528 2.56142 12.6148 3.22828 1.52008 334.705 1.25262 0.337976 0.383239 333.452 8.24686 7.85158 0.395289 1.13684 7.62082 9.38651 2.84175
internal_count=259829 258074 257991 1755 257801 256872 792 929 1616 1493 1460 256080 256066 7745 180 7556 1915 936 248321 878 189 145 247443 5679 5423 256 791 5270 5641 1779
is_linear=0
shrinkage=0.05


Tree=5
num_leaves=31
num_cat=0
split_feature=8 25 23 11 18 2 7 1 11 5 1 17 19 19 2 21 21 21 19 2 25 17 25 2 21 2 2 21 2 2
split_gain=371.337 382.498 295.054 127.556 45.1033 38.2077 20.5163 21.2067 17.4874 10.9779 37.0574 6.52599 4.18026 2.55864 2.16021 1.93657 4.57049 3.13203 1.80774 1.44366 1.3105 1.10991 0.806995 0.647431 0.61756 0.215278 0.208332 0.170899 0.157778 0.121891
threshold=1.0000000180025095e-35 0.75000000000000011 1.0000000180025095e-35 1.0000000180025095e-35 1.0000000180025095e-35 6.5000000000000009 1.0000000180025095e-35 12.888023376464846 1.0000000180025095e-35 1.0000000180025095e-35 2.6667716503143315 2.3010028600692753 7.2364459037780771 7.5949676036834726 20.500000000000004 7.678788661956788 7.2438702583312997 7.5809547901153573 6.3584685325622567 3.5000000000000004 1.0000000180025095e-35 15.691517353057863 0.40000000596046453 1.5000000000000002 7.5245611667633066 18.500000000000004 2.5000000000000004 4.0071678161621103 14.500000000000002 1.0000000180025095e-35
decision_type=2 2 2 2 2 2 2 2 2 2 2 2 2 2 2 2 2 2 2 2 2 2 2 2 2 2 2 2 2 2
left_child=1 2 3 4 19 13 7 -7 9 10 21 -8 -9 18 25 16 -11 24 -6 20 23 -2 -21 29 -18 28 -25 -4 -13 -1
right_child=8 -3 27 -5 5 6 11 12 -10 15 -12 14 -14 -15 -16 -17 17 -19 -20 22 -22 -23 -24 26 -26 -27 -28 -29 -30 -31
leaf_value=-0.0024443665120916546 -0.031112952794545456 0.23941525232228208 0.11269636542091632 0.21294431198278629 0.0610807196015348 -0.046370614844943148 0.1910284418635958 0.19211857856582848 0.26829936280491429 0.096048306173685288 0.22399810233644321 0.019811230044096871 -0.0089838961771193365 0.016012304392691561 -0.025746103174488746 0.11954149604833685 0.018182871517255044 0.066705387417015469 0.26141688179670092 -0.049508757983593207 -0.040640570343303567 0.027603651510208757 -0.0042211596520131244 0.023299508799977164 -0.015272111580875592 0.065279541182120523 -0.0020934005804933093 0.2350954291268571 -0.0072884839377381737 -0.025673803795381391
leaf_weight=1.100559499813242 1.6172216437989826 12.445276472717522 3.1256545647047442 3.9114553816616526 0.98830568289850196 12.547523151268251 0.40201623877510373 0.23892394895665425 1.7664622804149974 13.861673151375728 6.3766696720849723 0.78256632911507118 0.21862059645354748 0.36628714785911132 0.48001777939498413 14.339630439993924 1.8114515354391181 3.1742144639138132 0.71205763716716319 309.1894836477004 4.2963083152426407 0.27967916661873449 1.1825912838103239 1.045077959774062 1.7207796334987504 1.2397589357569812 1.0852060224860907 7.7921249440405518 0.17035988520365208 1.0513478328939527
leaf_count=686 811 90 87 176 188 9638 87 141 20 268 163 208 146 86 9 245 78 45 115 240906 2534 49 854 665 33 29 681 108 123 664
internal_value=-0.00562765 -0.0224615 -0.0323745 -0.0408111 -0.0443766 0.0309439 9.25523e-05 -0.0286421 0.128356 0.116688 0.173208 0.0988327 0.155791 0.192681 0.0367278 0.0988414 0.0795363 0.0373727 0.210715 -0.0487452 -0.0239872 -0.0159155 -0.0493503 -0.00274816 0.00211115 0.0541848 0.0138275 0.21245 0.0137152 -0.0183382
internal_weight=409.319 364.372 351.926 341.008 337.097 18.1464 16.0798 13.0051 44.9478 43.1813 8.27357 3.07472 0.457545 2.06665 2.6727 34.9077 20.5681 6.70645 1.70036 318.951 8.5785 1.8969 310.372 4.28219 3.53223 2.19269 2.13028 10.9178 0.952926 2.15191
internal_count=259933 258221 258131 257936 257760 10770 10381 9925 1712 1692 1023 456 287 389 369 669 424 156 303 246990 5230 860 241760 2696 111 360 1346 195 331 1350
is_linear=0
shrinkage=0.05


Tree=6
num_leaves=31
num_cat=0
split_feature=9 8 23 2 20 5 1 20 2 2 17 11 0 5 0 0 1 17 18 2 21 21 2 0 17 0 0 1 19 0
split_gain=426.71 181.304 170.241 98.2532 88.2445 45.0044 24.2736 18.7664 18.1993 23.7876 16.8022 13.4623 13.42 10.186 8.63444 7.16863 6.99974 6.21785 4.29537 4.14647 3.58627 7.05104 2.64364 3.07356 2.5518 2.40785 33.434 3.47441 3.01869 2.08574
threshold=1.0000000180025095e-35 1.0000000180025095e-35 1.0000000180025095e-35 5.5000000000000009 1.0000000180025095e-35 1.0000000180025095e-35 2.3422205448150639 1.0000000180025095e-35 7.5000000000000009 16.500000000000004 9.2607893943786639 1.0000000180025095e-35 3.034231543540955 1.0000000180025095e-35 6.0209989547729501 5.0748298168182382 3.0493198633193974 1.445408880710602 1.5000000000000002 22.500000000000004 7.9914231300354013 8.0121836662292498 16.500000000000004 4.6206989288330087 31.487001419067386 3.034231543540955 3.049036026000977 0.22358342260122302 12.498506069183351 4.9965362548828134
decision_type=2 2 2 2 2 2 2 2 2 2 2 2 2 2 2 2 2 2 2 2 2 2 2 2 2 2 2 2 2 2
left_child=1 2 3 5 8 20 -3 10 -2 -10 -8 13 -7 18 15 -4 19 -13 -5 25 -1 -22 23 -18 -20 -15 -27 -28 -29 -24
right_child=4 6 14 11 -6 12 7 -9 9 -11 -12 17 -14 16 -16 -17 22 -19 24 -21 21 -23 29 -25 -26 26 27 28 -30 -31
leaf_value=-0.043161796481319653 0.32476109281940779 -0.030555506401604926 -0.026264756057553823 -0.04969719413311053 0.088162060204506065 -0.026580546356578794 0.059207286206987501 0.082689592302860604 0.066543954295690308 0.24392561918797334 0.26127113251409151 -0.017993236768418571 0.1329969405323054 -0.048144571376095874 0.20506640257171993 0.10889922123159478 0.044563658018042927 0.095986646845895807 -0.018702025674984642 0.03839933135751615 0.12377194098016608 -0.029217279799088447 -0.017724654473403861 -0.028728348791902194 0.087728394757110917 0.14192836388598906 0.042036392089771703 -0.039927284359962491 0.031409726192292702 0.065542300575712198
leaf_weight=6.2471268827794129 5.0964517858810714 1.5600628284737457 1.0322271718177929 226.9984969261568 33.733082175254822 1.1279399716295309 2.1102527879411337 6.9432123601436615 4.859460797859354 3.8158807875588536 4.9526891484856606 1.7012001629918807 12.338838334893806 22.895490508992225 6.3362812548875809 1.7088245302438734 1.0946354180341575 1.6435150541365144 0.59620255068875749 1.225096015841699 0.15024372539483 1.4013228717958552 0.51831422769464586 3.5836205526720732 0.089049437665380538 1.8076141821220506 0.60549320396967132 46.826777409529313 0.82934975810348888 2.1267964331200346
leaf_count=4738 129 864 126 187108 136 577 132 28 836 274 56 86 1401 18559 40 13 530 58 431 642 67 1067 305 2575 61 338 290 37156 550 588
internal_value=-0.00300757 -0.0217849 -0.0295117 -0.0355269 0.136206 0.0663301 0.139924 0.159684 0.239952 0.161713 0.21573 -0.0426467 0.118718 -0.0437679 0.173264 0.0645842 -0.0280133 0.0472157 -0.049261 -0.0325996 -0.027344 0.0282994 0.0167829 -0.00675123 0.0389783 -0.0342948 -0.0271429 -0.0362279 -0.0380658 0.0488396
internal_weight=405.956 358.451 342.884 333.807 47.5049 21.2655 15.5662 14.0062 13.7718 8.67534 7.06294 312.542 13.4668 309.197 9.07733 2.74105 81.5132 3.34472 227.684 74.1898 7.79869 1.55157 7.32337 4.67826 0.685252 72.9647 50.0692 48.2616 47.6561 2.64511
internal_count=259761 258386 257306 257127 1375 7850 1080 216 1239 1110 188 249277 1978 249133 179 139 61533 144 187600 57535 5872 1134 3998 3105 492 56893 38334 37996 37706 893
is_linear=0
shrinkage=0.05


Tree=7
num_leaves=31
num_cat=0
split_feature=9 25 8 23 8 1 15 18 11 17 17 2 17 17 0 0 2 17 21 0 25 0 1 1 17 25 17 17 1 2
split_gain=389.461 263.617 220.023 164.79 36.3674 23.6205 15.4847 5.12174 4.75456 3.84654 3.81386 2.39093 2.31928 1.92857 1.85456 3.69564 1.83681 1.37246 1.35686 0.909534 0.879855 3.13946 6.05622 0.716113 1.43308 0.640358 0.580199 1.13002 0.529085 0.418674
threshold=1.0000000180025095e-35 0.75000000000000011 1.0000000180025095e-35 1.0000000180025095e-35 1.0000000180025095e-35 2.6667716503143315 1.5000000000000002 1.5000000000000002 1.0000000180025095e-35 2.164039254188538 34.935554504394538 5.5000000000000009 17.531178474426273 19.982203483581547 6.0209989547729501 5.6398303508758554 7.5000000000000009 41.573511123657234 8.0797729492187518 1.3596928715705874 1.0000000180025095e-35 3.4113126993179326 1.0134890079498293 19.637836456298832 19.429489135742191 0.25000000745058065 7.8569569587707528 8.2603316307067889 0.11797450482845308 13.500000000000002
decision_type=2 2 2 2 2 2 2 2 2 2 2 2 2 2 2 2 2 2 2 2 2 2 2 2 2 2 2 2 2 2
left_child=1 2 3 7 6 18 17 8 11 -10 -9 12 20 25 15 -5 -6 -2 -4 28 21 22 -1 -21 -25 -14 -23 -28 -13 -18
right_child=4 -3 5 14 16 -7 -8 10 9 -11 -12 19 13 -15 -16 -17 29 -19 -20 23 -22 26 -24 24 -26 -27 27 -29 -30 -31
leaf_value=-0.025901196817498758 0.24770154711088122 0.17958255815548518 -0.032168268854379269 -0.0034516477056871172 0.12165434959816002 0.16112675371348434 0.054066006736504447 -0.023685548915497165 -0.031868897470978728 0.056550899441211326 0.091046989991452706 0.021748042619320989 0.084103224406484323 -0.018012460386406047 0.16818519077172819 0.10150147020138467 0.053411710937203739 0.086395143000019922 0.033680722188941477 -0.049507537618313661 -0.042633908802437087 -0.03900289884574322 0.12152552406045927 -0.027534623127107007 0.043094865445667881 -0.0051104795985655472 0.041888658979378504 -0.022564137739985383 -0.020023466543532938 0.090252970370746588
leaf_weight=1.0705995624884925 7.9171796867158246 14.579818755388258 1.7388114838395292 1.1046921729575827 13.067196168238295 14.777027864591217 2.2220020890235892 0.89781499071977922 1.6703653521835797 1.3286050297319887 0.3446941418806091 0.39340540266130009 0.11843842989765185 0.56125202775001526 7.2134047150611877 1.8094064593315122 7.0097049612086293 1.5970886349678037 0.18821755016688246 287.15823186887428 5.7107754981843755 3.5163645935244858 0.16587359632831056 1.2217213190160681 0.074106317246332654 0.11354119854513556 0.088141623069532105 0.81963827344588935 0.66667493444401771 16.977997411391698
leaf_count=677 666 86 820 123 100 191 9 685 94 50 63 306 66 330 41 11 259 7 66 246751 3546 2365 86 868 46 60 44 543 575 315
internal_value=-0.00289353 -0.0215834 -0.0309093 -0.0404042 0.127916 0.140873 0.204721 -0.0471436 -0.0475887 0.0116488 0.0345504 -0.0482141 -0.0235048 0.0335994 0.149114 0.0709983 0.0988497 0.231416 -0.0164272 -0.0491679 -0.0298821 -0.0125479 0.0393711 -0.0493373 -0.00648385 0.071733 -0.0316417 0.00237041 -0.00148964 0.0820556
internal_weight=396.123 347.332 332.752 316.048 48.7912 16.7041 11.7363 305.92 304.678 2.99897 1.24251 301.679 12.1646 0.793232 10.1275 2.9141 37.0549 9.51427 1.92703 289.514 11.3714 5.66062 1.23647 288.454 1.29583 0.23198 4.42414 0.90778 1.06008 23.9877
internal_count=259849 258493 258407 257330 1356 1077 682 257155 256407 144 748 256263 7717 456 175 134 674 673 886 248546 7261 3715 763 247665 914 126 2952 587 881 574
is_linear=0
shrinkage=0.05


Tree=8
num_leaves=31
num_cat=0
split_feature=9 25 8 23 20 11 2 2 0 0 17 20 0 2 25 5 0 17 0 17 0 0 0 17 0 2 20 0 0 25
split_gain=349.89 227.334 168.819 110.227 44.6759 21.0776 13.4207 19.1706 17.039 13.3783 11.9796 7.57003 7.48543 6.13839 5.6723 10.0517 5.33239 4.24446 3.31629 2.14422 1.76893 3.06077 1.37655 0.957456 0.92496 0.755428 0.745291 0.624899 1.35112 0.572968
threshold=1.0000000180025095e-35 0.75000000000000011 1.0000000180025095e-35 1.0000000180025095e-35 1.0000000180025095e-35 1.0000000180025095e-35 7.5000000000000009 16.500000000000004 6.2722826004028329 4.2269067764282235 1.445408880710602 1.0000000180025095e-35 1.7552679777145388 5.5000000000000009 1.0000000180025095e-35 1.0000000180025095e-35 5.2381691932678232 17.531178474426273 3.034231543540955 34.935554504394538 6.1598033905029306 5.6398303508758554 5.0156559944152841 17.531178474426273 1.3596928715705874 1.5000000000000002 1.0000000180025095e-35 4.2127940654754648 5.9579207897186288 1.0000000180025095e-35
decision_type=2 2 2 2 2 2 2 2 2 2 2 2 2 2 2 2 2 2 2 2 2 2 2 2 2 2 2 2 2 2
left_child=1 2 3 5 6 13 8 12 -2 23 -7 -11 -8 14 15 17 -14 -1 -17 24 21 -5 -19 -4 -15 -20 -26 -21 29 -29
right_child=4 -3 9 20 -6 10 7 -9 -10 11 -12 -13 16 19 -16 18 -18 22 25 27 -22 -23 -24 -25 26 -27 -28 28 -30 -31
leaf_value=-0.039923937771934682 0.32741743688302316 0.15982355290045586 -0.028752134093253934 -0.0050327248190130897 0.080044928208068133 -0.030289715435128362 0.13139393913865766 0.18836860968466834 0.1165674709558898 0.16143472936962253 0.1302150458048664 0.068291113569220935 -0.035873184318273403 -0.0013196533733130743 -0.042753338920811394 -0.013113974926699272 0.054856221883568181 0.088738520941952836 0.017246402439934399 -0.026616683219831291 0.1415207445587448 0.085756745490392139 -0.010102952860494008 0.0267660057708064 -0.049688134483156982 0.13799501461027644 0.0018030479159935845 0.052814251191646927 -0.024488137902610754 -0.00029221763826573594
leaf_weight=3.93774809502065 3.1533324893098351 15.310446728020905 1.3158009236212844 1.1766502454411223 31.415739357471466 1.4734016954898828 0.88413655315525641 5.2241018156055361 3.5115990000776947 9.358543233945964 1.7593618016690014 5.7452054768800727 2.3265718389302492 1.0528945601545263 5.822608586284332 0.35443556972313661 2.1961061237379909 0.081114705535583087 0.48568097711540736 0.81594034575391505 6.003864973783493 2.0860386341810226 0.25272128137294203 0.25724409439135332 271.45682682911865 0.86088437784928828 0.63558831810951133 0.45867697580251865 0.80837358313146968 0.76242855796590447
leaf_count=3178 109 85 678 134 126 90 22 277 31 336 62 23 499 879 3753 173 316 54 143 380 31 12 170 22 246243 268 3 402 488 288
internal_value=-0.00393245 -0.0223799 -0.031656 -0.0403781 0.119821 -0.0459225 0.183744 0.126902 0.246027 0.118796 0.0671882 0.132445 0.0473801 -0.0474213 -0.0110112 0.0216275 0.0101385 -0.0215977 0.0979834 -0.0489321 0.121256 0.0595151 0.0624367 -0.0127992 -0.0493812 0.120353 -0.0495617 -0.00418526 0.0106422 0.0344531
internal_weight=380.984 332.272 316.962 300.285 48.7116 291.019 17.2958 10.6309 6.66493 16.6768 3.23276 15.1037 5.40681 287.786 11.7952 5.97259 4.52268 4.27158 1.701 275.991 9.26655 3.26269 0.333836 1.57305 273.145 1.34657 272.092 2.84542 2.02948 1.22111
internal_count=259275 257895 257810 256751 1380 256574 1254 1114 140 1059 152 359 837 256422 7739 3986 815 3402 584 248683 177 146 224 700 247125 411 246246 1558 1178 690
is_linear=0
shrinkage=0.05


Tree=9
num_leaves=31
num_cat=0
split_feature=9 25 8 1 20 1 0 0 18 0 20 1 1 2 0 5 0 19 2 10 2 17 17 17 5 1 1 16 19 17
split_gain=304.425 216.605 140.36 99.8393 35.7897 21.6179 16.2486 33.877 12.9137 6.12904 6.121 5.38337 5.37064 4.78056 4.25364 3.95297 3.92388 9.70657 3.7712 2.53875 2.23873 1.94467 3.70918 1.83811 1.76171 1.69587 2.60316 1.44572 1.427 1.40433
threshold=1.0000000180025095e-35 0.75000000000000011 1.0000000180025095e-35 11.887571334838869 1.0000000180025095e-35 3.6215983629226689 1.7552679777145388 4.7231755256652841 1.5000000000000002 1.3596928715705874 1.0000000180025095e-35 6.9958300590515146 16.079887390136722 5.5000000000000009 5.9579207897186288 1.0000000180025095e-35 6.0543453693389901 9.9792294502258319 15.500000000000002 1.0000000180025095e-35 14.500000000000002 5.7207677364349374 1.0000000180025095e-35 7.7578511238098153 1.0000000180025095e-35 1.0473082065582278 0.73047301173210155 4.5000000000000009 11.590451717376711 8.4724421501159686
decision_type=2 2 2 2 2 2 2 2 2 2 2 2 2 2 2 2 2 2 2 2 2 2 2 2 2 2 2 2 2 2
left_child=1 2 3 8 6 -4 -2 -8 9 18 -7 -10 14 15 20 -11 17 -9 -1 -14 -5 22 25 -16 -20 26 -17 -25 -19 -23
right_child=4 -3 5 12 -6 10 7 16 11 13 -12 -13 19 -15 23 21 -18 28 24 -21 -22 29 -24 27 -26 -27 -28 -29 -30 -31
leaf_value=-0.021917484286882515 0.23806942610203596 0.14612820366013407 -0.023633326626353656 0.11482562824066214 0.072226335792718172 0.14951391260090027 -0.036666774670751384 0.25490309785106197 -0.022275462607131313 -0.037576503256280536 0.065274213509515053 0.10941755598178993 -0.01084933114904797 -0.049266741335528316 -0.031890398057885884 -0.013228930293109143 0.10500031548834193 -0.00052998356999506171 -0.0081695175345075349 0.10978554752816015 -0.010468229270613321 0.080710106817196703 -0.035762702640265417 0.050767887086199705 0.11953921904847778 -0.014286956217624555 0.11035006770272116 -0.019230156162775874 0.078984072216345527 0.0014412072033791843
leaf_weight=0.7787855528295029 5.518371717073026 17.272229732014239 2.6405867884168428 0.51527282502502147 31.589540645480156 9.3351401533000153 2.5177762901876113 2.4021095789503293 0.80166210141032834 6.8402377048041654 5.9523705393075934 1.0088902264833448 0.27665290713775625 260.2262473423034 1.7556715145474302 0.35850291361566655 7.6891548098064959 0.87353547685779609 0.19502440851647407 9.6433743475936353 0.26444560161326081 0.52913121937308438 2.4794795198831707 0.91575350554194279 0.1786947789369151 0.39734635117929429 0.24695082555990666 0.5265791256679222 0.52830842998810112 0.93891963094938546
leaf_count=654 59 90 943 386 127 114 532 218 659 5628 24 81 214 243258 1629 199 236 138 166 1737 248 196 992 434 79 128 71 290 45 332
internal_value=-0.00328719 -0.0212644 -0.0311322 -0.0396571 0.108904 0.101068 0.161824 0.117935 -0.046348 -0.0473094 0.122736 0.0639287 0.0869538 -0.0478466 0.0282817 -0.0151024 0.152027 0.205441 0.042811 0.105736 0.0903265 0.0170479 -0.00552617 -0.0047587 0.0954616 0.0497632 0.0745145 0.0278023 0.0498447 0.0511378
internal_weight=375.197 324.078 306.806 288.878 51.1188 17.9281 19.5293 14.0109 274.98 273.169 15.2875 1.81055 13.8977 272.017 3.97772 11.7906 11.4931 3.80395 1.1525 9.92003 0.779718 4.95033 3.48228 3.198 0.373719 1.0028 0.605454 1.44233 1.40184 1.46805
internal_count=259907 258552 258462 257381 1355 1081 1228 1169 252443 251703 138 740 4938 250804 2987 7546 637 401 899 1951 634 1918 1390 2353 245 398 270 724 183 528
is_linear=0
shrinkage=0.05


Tree=10
num_leaves=31
num_cat=0
split_feature=9 25 1 15 1 11 2 25 18 11 11 1 21 21 1 14 1 17 17 1 2 25 1 0 0 1 15 7 16 17
split_gain=272.06 173.235 125.421 56.7358 21.2418 12.2589 11.2007 8.87727 8.43108 6.22774 5.82756 6.18117 4.60062 8.79159 4.6722 4.36804 8.11068 4.17627 3.30596 2.44272 2.24611 2.26291 2.65058 4.49271 4.43004 2.15385 9.09549 2.41887 1.91905 1.81831
threshold=1.0000000180025095e-35 0.75000000000000011 12.888023376464846 1.5000000000000002 2.3422205448150639 1.0000000180025095e-35 9.5000000000000018 0.25000000745058065 1.5000000000000002 1.0000000180025095e-35 1.0000000180025095e-35 19.637836456298832 7.5809547901153573 6.7804899215698251 0.21290688216686252 1.0000000180025095e-35 2.7537297010421757 31.487001419067386 1.445408880710602 4.6835310459136972 4.5000000000000009 1.0000000180025095e-35 1.0473082065582278 3.3986942768096928 3.9196934700012211 4.336306333541871 1.0000000180025095e-35 1.0000000180025095e-35 4.5000000000000009 7.3821370601654062
decision_type=2 2 2 2 2 2 2 2 2 2 2 2 2 2 2 2 2 2 2 2 2 2 2 2 2 2 2 2 2 2
left_child=1 2 3 8 -5 6 -2 12 9 15 11 -4 13 19 -15 20 -17 -10 -11 -8 21 22 23 -1 -25 -22 -27 -28 -14 -18
right_child=5 -3 10 4 -6 -7 7 -9 17 18 -12 -13 28 14 -16 16 29 -19 -20 -21 25 -23 -24 24 -26 26 27 -29 -30 -31
leaf_value=-0.024474670094500175 0.11066629721130095 0.13003495428385128 0.033828735494756401 -0.040857674599650701 0.11089699682740001 0.15240777330626465 0.0082294866105237802 0.1200771683678807 -0.020454921173379683 -0.02915214843485921 0.17561570817203348 0.102815933005764 0.028842514229953809 0.041599641627475953 -0.058672877609690421 -0.037894287560610779 -0.0104604171371619 0.10468936635061941 0.052081156171872839 0.083256612961352436 -0.049178127066997507 -0.041459609754428327 -0.020658064750126631 0.13905803621532384 -0.015356700762837752 -0.039998854980997228 -0.018390331423144068 0.076008081519496826 0.078520950265368289 0.099141090824675135
leaf_weight=0.95503178332000771 21.37123148678802 16.758610337972641 6.92617397988215 2.5600409908220154 7.556440609623678 9.6197001170366985 2.0430230093188637 3.6365272145485497 0.69090855785179772 1.3477941891178482 1.7400215137749917 8.9243949907831848 5.3615501888561976 0.76310437195934344 3.5941893786657602 3.1161544907372436 0.25236503523774423 0.55896818358451128 1.9088642951101062 2.1001417310908437 209.32449081679806 4.799348053173162 3.5122103651519865 0.32207568665035069 0.4412922189803794 37.05973003921099 0.48612042528111366 1.426677932147868 5.5476132091134787 0.91875066887587309
leaf_count=612 280 83 3014 1539 175 55 152 97 579 89 12 975 372 7 304 3055 157 90 64 44 207493 3169 2291 167 211 34265 269 173 67 71
internal_value=-0.00375761 -0.0217962 -0.0308369 -0.0391469 0.0722736 0.0987617 0.0840434 0.0557798 -0.0436205 -0.0443067 0.0951938 0.0764674 0.0384401 0.00915114 -0.0366248 -0.0451692 0.0039998 0.0571676 0.0195115 0.0550536 -0.0459975 -0.0199266 0.0033142 0.041886 0.0917062 -0.0469664 -0.0341542 0.0539402 0.0585774 0.0815833
internal_weight=365.624 311.586 294.828 277.237 10.1165 54.0371 44.4174 23.0461 267.121 265.871 17.5906 15.8506 19.4096 8.50046 4.35729 262.614 4.28727 1.24988 3.25666 4.14316 258.327 10.03 5.23061 1.7184 0.763368 248.297 38.9725 1.9128 10.9092 1.17112
internal_count=259931 258553 258470 254469 1714 1378 1323 1043 252755 252086 4001 3989 946 507 311 251933 3283 669 153 196 248650 6450 3281 990 378 242200 34707 442 439 228
is_linear=0
shrinkage=0.05


Tree=11
num_leaves=31
num_cat=0
split_feature=9 25 8 23 20 7 11 17 8 18 17 2 25 17 17 20 19 19 21 19 19 2 19 25 21 20 17 21 19 2
split_gain=250.532 159.943 153.291 99.3253 17.3892 26.2931 15.7395 10.3682 9.89214 8.66647 5.40486 5.20188 4.48536 4.10595 9.69624 3.63789 2.99061 2.90277 2.21392 2.2872 3.07556 1.61997 1.08555 1.03255 0.975157 0.946527 0.890865 0.857487 0.506511 0.177937
threshold=1.0000000180025095e-35 0.75000000000000011 1.0000000180025095e-35 1.0000000180025095e-35 1.0000000180025095e-35 1.0000000180025095e-35 1.0000000180025095e-35 6.6239390373229989 1.0000000180025095e-35 1.5000000000000002 31.487001419067386 5.5000000000000009 1.0000000180025095e-35 10.307886600494387 2.6711943149566655 1.0000000180025095e-35 11.088924407958986 7.7609152793884286 7.701200246810914 8.3815803527832049 8.703165531158449 1.5000000000000002 9.5533561706542987 0.40000000596046453 7.5809547901153573 1.0000000180025095e-35 0.49492280185222631 7.6046454906463632 10.723247051239015 2.5000000000000004
decision_type=2 2 2 2 2 2 2 2 2 2 2 2 2 2 2 2 2 2 2 2 2 2 2 2 2 2 2 2 2 2
left_child=1 2 3 6 5 13 9 18 -7 11 -11 12 21 14 22 -9 -8 -15 19 -4 -21 -1 26 25 -6 -13 -2 -22 -16 -23
right_child=4 -3 7 -5 24 8 16 15 -10 10 -12 23 -14 17 28 -17 -18 -19 -20 20 27 29 -24 -25 -26 -27 -28 -29 -30 -31
leaf_value=-0.015621708426154707 0.038169467275846525 0.12099855677944796 0.00029034963718178956 0.10937068232075675 0.052401500568994487 0.26390350987152283 0.077715157173209204 0.14115278084388308 0.11380645631783236 -0.022450107352651155 0.11861329754872832 -0.049627677209308413 -0.042145853201728846 0.13498246431534561 -0.035579825042990891 0.067880659201706925 -0.0073224764533293494 0.030107091429253687 -0.018350717031960347 0.12287082618395527 -0.021042977860132081 0.048192394142118518 0.089885929604461817 0.0015728738883979362 0.080446894055043877 -0.0066348052680193703 -0.017590881132438212 0.034357072441170887 0.0059410703884386316 0.016204152661847188
leaf_weight=1.9034735540626551 0.54452558280900099 17.957195978611708 1.648971490561965 9.8753900825977308 15.940545365214346 3.5547496345825493 2.1033793464303012 9.7902711279457417 5.2392113285604864 0.81307392241433152 0.40053176472429186 236.92119476001244 5.3066273686708882 3.0627525663003325 2.0848929772619162 5.8740162551403037 1.3115729251876471 1.6353991789510471 1.384690990205854 0.43446664104703792 0.71942846442107111 1.0356017925078052 3.9631313609424978 0.9380005996208628 18.33880153298378 1.621656760573386 0.52846278809010983 0.17947991529945284 0.62950609507970501 2.7719702658941969
leaf_count=1325 19 86 84 163 65 33 76 317 128 683 86 247640 3793 46 283 24 75 153 282 25 346 672 370 864 75 8 100 42 96 1965
internal_value=-0.00181403 -0.019782 -0.0290432 -0.0392276 0.0948548 0.131186 -0.0453841 0.101149 0.19523 -0.0468847 0.0566578 -0.0476096 -0.0126425 0.0747916 0.0432093 0.119398 0.050794 0.110166 0.0256387 0.0455422 0.0773968 0.0169668 0.0792202 -0.0491591 0.0692603 -0.0493643 0.0154688 0.00228636 -0.0269435 0.033119
internal_weight=358.513 302.991 285.034 265.002 55.522 21.2426 255.127 20.0313 8.79396 251.712 1.21361 250.499 11.0177 12.4487 7.75052 15.6643 3.41495 4.69815 4.36704 2.98235 1.33338 5.71105 5.03612 239.481 34.2793 238.543 1.07299 0.898908 2.7144 3.80757
internal_count=259924 258556 258470 257350 1368 1228 257187 1120 161 257036 769 256267 7755 1067 868 341 151 199 779 497 413 3962 489 248512 140 247648 119 388 379 2637
is_linear=0
shrinkage=0.05


Tree=12
num_leaves=27
num_cat=0
split_feature=9 25 8 23 11 20 18 0 8 0 0 17 19 0 17 21 21 21 18 17 0 17 0 0 20 21
split_gain=234.644 144.627 126.783 97.6049 18.7277 16.362 8.56804 8.45851 5.19733 15.8216 12.8817 4.9304 4.92125 4.15539 3.67937 1.73257 2.70999 1.69793 1.47941 2.91246 2.45868 1.35092 0.847514 0.687351 0.363473 0.258626
threshold=1.0000000180025095e-35 0.75000000000000011 1.0000000180025095e-35 1.0000000180025095e-35 1.0000000180025095e-35 1.0000000180025095e-35 1.5000000000000002 3.9630012512207036 1.0000000180025095e-35 1.3596928715705874 5.2176222801208505 31.487001419067386 11.088924407958986 6.7459185123443612 7.3821370601654062 6.37587594985962 7.701200246810914 7.5809547901153573 1.0000000180025095e-35 17.531178474426273 1.54862517118454 22.772027969360355 4.9014525413513192 6.6874763965606698 1.0000000180025095e-35 8.035764694213869
decision_type=2 2 2 2 2 2 2 2 2 2 2 2 2 2 2 2 2 2 2 2 2 2 2 2 2 2
left_child=1 2 3 4 6 8 18 -4 13 -10 -11 -8 -6 -2 15 -9 -17 -7 -1 20 -20 22 -21 -24 -23 -18
right_child=5 -3 7 -5 12 17 11 14 9 10 -12 -13 -14 -15 -16 16 25 -19 19 21 -22 24 23 -25 -26 -27
leaf_value=-0.04862404884465571 0.17236310088452711 0.10818029089984811 -0.025755711627588787 0.098070104287173096 0.092786680470491822 0.045964958934786651 -0.02183143478583283 -0.012468666943305499 0.14844910813167095 -0.040070580042829679 0.083050860160899451 0.11332614351950923 -0.010814349604992715 0.078569180059038513 0.11169368903300368 0.081429333942145202 -0.01912418771724787 0.077077702586180491 0.044959130554649007 -0.010120552226295388 -0.04430910506121967 -0.023989761860488044 0.069522186879991899 -0.0068433673823342636 0.011280559229084273 0.010276021831541925
leaf_weight=229.20607268664753 8.6341408274602127 19.681320637464523 1.0511790739838058 11.571039980510248 2.1237438786774869 15.130654513835905 0.77338135812897124 0.85641121305525603 4.2516833231784403 3.1620902824215591 3.5231848102994263 0.43607647181488574 1.5119915595278142 4.5125514925457546 14.408390981261617 1.7418887348612773 0.52673412649892248 17.108777120709419 0.053038317360913356 0.25347582547692604 7.7200570398708805 0.92042282584588953 0.60567671695025638 0.15831082337535918 0.43496048450469971 0.58403634966816753
leaf_count=246386 581 90 616 167 71 62 666 48 24 476 80 93 86 97 168 137 58 71 39 271 8150 914 371 138 2 42
internal_value=-0.00153377 -0.0194819 -0.0289795 -0.0383688 -0.0452075 0.0910523 -0.0469753 0.091994 0.122876 0.0828088 0.0271789 0.0561357 0.0566633 0.147998 0.0998157 0.0397538 0.0545987 0.064298 -0.0477277 -0.0249328 -0.0386448 0.0181254 0.0451148 0.0587892 -0.0126872 -0.00612097
internal_weight=350.941 294.618 274.937 255.768 244.197 56.3231 240.561 19.1686 24.0837 10.937 6.68528 1.20946 3.63574 13.1467 18.1175 3.70907 2.85266 32.2394 239.352 10.1459 7.7731 2.37285 1.01746 0.763988 1.35538 1.11077
internal_count=259904 258513 258423 257354 257187 1391 257030 1069 1258 580 556 759 157 678 453 285 237 133 256271 9885 8189 1696 780 509 916 100
is_linear=0
shrinkage=0.05


Tree=13
num_leaves=31
num_cat=0
split_feature=9 8 23 2 10 11 0 8 19 18 11 20 18 0 0 17 0 17 10 19 17 19 2 0 0 0 0 20 0 0
split_gain=206.978 98.7674 72.6283 62.7942 14.6875 13.1263 9.55301 7.47255 7.19888 5.70812 14.973 5.65872 5.6526 4.66754 4.81394 4.11324 3.8282 3.43011 2.9817 2.69645 2.5296 2.47978 2.52071 2.21936 1.59346 1.53655 1.48359 1.39111 1.29226 1.28468
threshold=1.0000000180025095e-35 1.0000000180025095e-35 1.0000000180025095e-35 5.5000000000000009 1.0000000180025095e-35 1.0000000180025095e-35 4.2269067764282235 1.0000000180025095e-35 10.901708126068117 1.0000000180025095e-35 1.0000000180025095e-35 1.0000000180025095e-35 1.5000000000000002 3.034231543540955 5.5385539531707773 1.445408880710602 6.1239500045776376 34.935554504394538 1.0000000180025095e-35 11.299915790557863 8.5751705169677752 12.963892459869387 22.500000000000004 6.1953334808349618 1.3596928715705874 3.9196934700012211 5.8341672420501718 1.0000000180025095e-35 7.5379920005798349 3.9196934700012211
decision_type=2 2 2 2 2 2 2 2 2 2 2 2 2 2 2 2 2 2 2 2 2 2 2 2 2 2 2 2 2 2
left_child=1 2 3 4 -1 12 -3 8 11 10 -9 16 18 -6 -15 -7 -2 -14 -5 -10 -8 22 24 26 -20 -24 -4 29 -16 -26
right_child=7 6 23 5 13 15 20 9 19 -11 -12 -13 17 14 28 -17 -18 -19 21 -21 -22 -23 25 -25 27 -27 -28 -29 -30 -31
leaf_value=-0.03922142910576934 0.18769779851750251 -0.028553142217158697 0.00034693939154899363 -0.049701546387057122 -0.024744938693292515 -0.019625363893720306 0.042017536283022357 -0.040842887968151012 -0.014054490570626145 0.0781735481657998 0.11173487373377489 0.047019893592985099 -0.022669117102725282 0.075354137553060085 -0.029049128530419049 0.068768027449207639 0.086589789509568901 0.083035123502934641 0.025796806793760698 0.063799216453579902 0.10404937962649861 0.027004076708267634 0.039987530689782148 0.10211806032493505 -0.030446764090085721 -0.023437544707470316 0.060072667482617526 0.010244712473976118 0.036230614159002188 -0.043627013196800207
leaf_weight=3.6217977416818057 5.2363928724080306 1.2937967334873999 1.6893855850212269 102.42097068601288 0.97281019063666718 1.4722539847716678 4.0112589461496126 3.4575029563857234 1.3393196240067475 34.170084210229106 1.5413305312395094 2.7876786738634101 0.82758533919695654 16.633680344908502 1.3776428789133195 2.7382658589631319 4.7796750487759709 0.62335012527182698 0.31907422404037689 1.8182084178552029 15.042090019094756 0.84030018112389271 1.0778296902426507 8.7088853120803815 40.994513582263608 0.88080964202526946 1.753459647297859 1.0566949537023891 0.15533921634778369 77.244188184617087
leaf_count=3618 284 718 126 118570 604 84 250 503 125 178 10 12 710 2428 1073 66 127 59 292 136 130 472 451 37 42704 960 8 6 60 84759
internal_value=-0.00145024 -0.018633 -0.0268661 -0.0327037 0.0450931 -0.0405477 0.0849872 0.0863582 0.117682 0.070982 0.0169863 0.133957 -0.0422164 0.0622034 0.0679075 0.0400256 0.151689 0.0380938 -0.0429011 0.0353387 0.0937365 -0.0368546 -0.0375127 0.0880335 -0.0384453 0.0131837 0.0374401 -0.0388301 -0.0107422 -0.039351
internal_weight=340.886 285.756 265.409 253.257 22.7613 230.496 20.3471 55.1302 15.9613 39.1689 4.99883 12.8037 226.285 19.1395 18.1667 4.21052 10.0161 1.45094 224.834 3.15753 19.0533 122.413 121.573 12.1517 119.614 1.95864 3.44285 119.295 1.53298 118.239
internal_count=259560 258185 257087 256916 7783 249133 1098 1375 684 691 513 423 248983 4165 3561 150 411 769 248214 261 380 129644 129172 171 127761 1411 134 127469 1133 127463
is_linear=0
shrinkage=0.05


Tree=14
num_leaves=29
num_cat=0
split_feature=9 25 8 1 1 18 8 11 21 19 11 2 5 15 1 11 2 17 1 2 1 16 2 2 2 21 21 20
split_gain=173.646 140.952 111.124 80.4406 13.3597 10.677 8.89384 8.08957 11.5842 9.89858 5.26234 5.00424 5.50763 4.94095 4.21633 3.60831 2.67188 2.01748 1.86105 1.62085 1.56422 3.16743 0.547688 0.497202 0.283075 0.199134 0.2658 0.0626643
threshold=1.0000000180025095e-35 0.75000000000000011 1.0000000180025095e-35 11.887571334838869 2.6667716503143315 1.5000000000000002 1.0000000180025095e-35 1.0000000180025095e-35 4.6959142684936532 7.8365728855133066 1.0000000180025095e-35 4.5000000000000009 1.0000000180025095e-35 1.5000000000000002 6.9958300590515146 1.0000000180025095e-35 9.5000000000000018 17.125852584838871 2.4566701650619511 1.5000000000000002 0.17563725262880328 2.5000000000000004 15.500000000000002 20.500000000000004 1.0000000180025095e-35 7.3138866424560556 7.3055241107940683 1.0000000180025095e-35
decision_type=2 2 2 2 2 2 2 2 2 2 2 2 2 2 2 2 2 2 2 2 2 2 2 2 2 2 2 2
left_child=1 2 3 5 -4 10 13 8 -5 17 11 12 -1 -2 -7 16 -8 25 -12 24 -18 23 -6 -22 -14 26 -10 -13
right_child=6 -3 4 7 22 14 15 -9 9 -11 18 27 19 -15 -16 -17 20 -19 -20 -21 21 -23 -24 -25 -26 -27 -28 -29
leaf_value=-0.041680809696769135 0.11868484497730042 0.10310504858252263 -0.033010942756903847 0.087432811315140579 0.10493016672282081 -0.021965109436849511 0.069985188059382072 0.14831875416190093 -0.010150500638571307 -0.04111973747730243 -0.019661904512534391 -0.049587051890104233 0.008468423978257986 0.016579453324632724 0.093012778584198333 0.10480503580427672 0.054516180892845933 0.082396071485971376 0.036364489330436511 0.048069052817572733 -0.033602674182975086 0.034207395975395134 0.058608372379289009 0.010323237805791998 -0.02138733645212075 -0.014452390526250667 0.024476897804303475 -0.014815122271142867
leaf_weight=4.9786320604034682 15.704353755339982 21.328770912252367 1.8189233626471857 7.3674329959321767 12.668192366603764 0.78167673893039946 14.538231120444832 1.7814035685732967 0.25434634432895142 4.600736991269514 2.1841663978993884 203.85386738844682 0.70850608835462459 1.6577140120789398 1.0862702146405352 4.6597659084945908 6.9413892026059356 1.9958310321671886 1.8341329423710702 2.5644798355642706 1.7523876690538593 8.6750754719832894 5.8438416285207486 0.33448608266189683 0.74378766235895455 0.40582617651671171 0.24057239422108978 1.1658891886472691
leaf_count=4830 662 97 881 132 127 662 146 13 228 4205 93 244862 295 8 80 24 43 108 68 979 296 160 65 18 317 338 3 6
internal_value=-0.00150128 -0.0175248 -0.0279017 -0.0376241 0.0816774 -0.0457014 0.0794815 0.0656224 0.0469877 0.00163104 -0.0467984 -0.0478611 -0.0100726 0.11037 0.054016 0.06242 0.0533256 0.0626602 0.0080615 0.0296036 0.0366342 0.0214461 0.0940605 -0.0254987 -0.00930827 -0.0014123 0.0117954 -0.0494622
internal_weight=332.471 278.207 256.879 236.548 20.331 219.901 54.2634 16.6461 14.8647 7.49731 218.033 214.015 8.99541 17.3621 1.86795 36.9013 32.2416 2.89658 4.0183 4.01677 17.7033 10.7619 18.512 2.08687 1.45229 0.900745 0.494919 205.02
internal_count=259746 258389 258292 257219 1073 252192 1357 5027 5014 4882 251450 251289 6421 670 742 687 663 677 161 1591 517 474 192 314 612 569 231 244868
is_linear=0
shrinkage=0.05


Tree=15
num_leaves=31
num_cat=0
split_feature=9 25 1 8 11 17 23 8 8 19 17 20 19 2 1 1 2 1 17 11 19 2 2 19 2 2 2 19 19 17
split_gain=176.486 122.203 111.683 34.1544 18.1119 22.378 32.9815 10.6849 8.65969 8.20295 5.84541 4.54406 8.27724 3.62662 2.8979 8.81355 3.72148 2.76384 2.69589 1.02003 0.898599 0.764188 7.65021 0.551143 0.506406 1.10848 0.341312 0.130378 0.209126 0.0498934
threshold=1.0000000180025095e-35 0.75000000000000011 6.8140094280242929 1.0000000180025095e-35 1.0000000180025095e-35 16.730770111083988 0.22500000894069674 1.0000000180025095e-35 1.0000000180025095e-35 7.8365728855133066 3.6281496286392216 1.0000000180025095e-35 7.5949676036834726 4.5000000000000009 0.17563725262880328 1.8758199214935305 9.5000000000000018 2.7537297010421757 31.487001419067386 1.0000000180025095e-35 6.2149140834808358 8.5000000000000018 15.500000000000002 10.723247051239015 1.5000000000000002 2.5000000000000004 18.500000000000004 11.064232349395754 11.305776596069338 9.2607893943786639
decision_type=2 2 2 2 2 2 2 2 2 2 2 2 2 2 2 2 2 2 2 2 2 2 2 2 2 2 2 2 2 2
left_child=1 2 3 13 5 6 7 -4 11 -7 -5 12 -2 24 -10 -16 -17 20 29 -15 -12 -14 23 -23 -1 -26 -24 -25 -29 -18
right_child=8 -3 4 10 -6 9 -8 -9 14 -11 17 -13 21 19 15 16 18 -19 -20 -21 -22 22 26 27 25 -27 -28 28 -30 -31
leaf_value=-0.026890448260296025 0.19971757532599099 0.096505628426247936 -0.046940155446286019 -0.031025785452231787 0.15514927189819219 0.10032259636999075 0.082830664556835562 0.048584906961541066 0.08268650133640644 -0.025595450436646114 0.029757852223849357 0.038440834027239322 0.11480573281025326 -0.049585374481136951 -0.040025842974546685 0.076507145384336173 0.0093142716887295498 0.072555382106755287 0.055394070405171997 -0.014355763034254933 -0.025093163175334568 -0.024403316635538574 0.045996471066259537 0.018418325206690202 0.022348478936209025 -0.017745245253468135 0.11832650449056129 0.011451403357797766 -0.015260209076717822 0.00044436890038530071
leaf_weight=3.3069523337180708 2.6676278822124031 20.408464888110757 15.114439388911711 1.4387214704183851 2.5846441425383082 11.150238734669982 8.7372451946139318 2.7233090456575146 13.503338523907585 1.0465472291107278 0.23352969437837401 3.1917162537574759 4.6798578482121211 184.74383252294501 1.9013291308656359 11.4146452434361 2.8972409379202855 6.8517196029424667 4.6458241371437907 3.07332520186901 0.93629447382409126 0.9402985030319545 2.3909905571490526 0.84049217612482585 1.7616068130591882 3.626773597265128 2.1928215865045786 0.51777830580249429 0.43536019837483764 2.8500159315299243
leaf_count=2380 82 91 17303 560 28 480 43 27 74 1092 17 14 92 232538 413 70 85 66 22 128 356 147 111 27 1216 2395 70 55 76 23
internal_value=-0.00141371 -0.0182443 -0.0280634 -0.0431106 0.0461262 0.0351401 0.00837806 -0.0305513 0.0792798 0.0883974 0.0460926 0.109323 0.121311 -0.0476165 0.0623794 0.0479353 0.057023 0.0618302 0.0307868 -0.049088 -0.00547536 0.0898531 0.0620114 -0.00481373 -0.0140481 -0.00319103 0.0955922 0.0105152 -0.00231587 0.00563352
internal_weight=322.807 267.738 247.329 205.973 41.3564 38.7718 26.575 17.8377 55.0693 12.1968 9.46027 17.8569 14.6652 196.512 37.2124 23.7091 21.8077 8.02154 10.3931 187.817 1.16982 11.9976 7.31774 2.73393 8.69533 5.38838 4.58381 1.79363 0.953139 5.74726
internal_count=260081 258720 258629 239656 18973 18945 17373 17330 1361 1572 999 674 660 238657 687 613 200 439 130 232666 373 578 486 305 5991 3611 181 158 131 108
is_linear=0
shrinkage=0.05


Tree=16
num_leaves=31
num_cat=0
split_feature=9 25 1 8 23 8 11 1 11 17 25 11 2 17 0 20 2 0 2 2 0 0 2 1 21 21 21 2 1 21
split_gain=151.351 117.525 95.8799 56.905 10.6075 18.2238 15.4038 7.48884 6.16497 6.09473 5.62717 8.57901 9.21202 4.71029 5.85726 3.31904 2.61357 2.27012 2.14757 1.63506 1.58515 1.16184 0.843261 0.770836 0.683017 0.574109 1.05912 0.459492 0.190207 0.137711
threshold=1.0000000180025095e-35 0.75000000000000011 8.4283294677734393 1.0000000180025095e-35 1.0000000180025095e-35 1.0000000180025095e-35 1.0000000180025095e-35 2.3422205448150639 1.0000000180025095e-35 22.001013755798343 0.25000000745058065 1.0000000180025095e-35 6.5000000000000009 10.922317981719972 1.54862517118454 1.0000000180025095e-35 19.500000000000004 6.6874763965606698 5.5000000000000009 16.500000000000004 6.1598033905029306 4.6720342636108407 3.5000000000000004 4.7739629745483407 4.7915720939636239 7.9827573299407968 6.802394151687623 13.500000000000002 3.8195548057556157 7.6711277961730966
decision_type=2 2 2 2 2 2 2 2 2 2 2 2 2 2 2 2 2 2 2 2 2 2 2 2 2 2 2 2 2 2
left_child=1 2 3 8 5 6 9 -5 18 -4 11 12 29 14 -14 -12 19 -11 22 25 24 -10 -1 28 -16 26 -15 -22 -9 -2
right_child=10 -3 4 7 -6 -7 -8 23 21 17 15 -13 13 16 20 -17 -18 -19 -20 -21 27 -23 -24 -25 -26 -27 -28 -29 -30 -31
leaf_value=-0.03067547691697738 0.052465430471731078 0.092579490285990093 -0.045494289069240419 -0.029413528266817673 0.086555373650146705 0.077763498995805883 0.1307486505812922 0.056812322663527849 0.034653662701042996 0.082625383483663301 0.13768165121584569 0.10697716918446923 0.042736939112790737 0.035705703840834366 0.0097643540521788232 0.068136374645323655 0.0063125972837483196 -0.016283204234609838 -0.049610090715981443 0.097426050713830967 0.022078507449314638 -0.013010051060449153 0.00055975397944999666 0.093525732026066732 -0.041715839018873248 0.051103647658082674 -0.012583949744653548 -0.011398663627559607 0.02115507258352417 0.098709879626059149
leaf_weight=6.7267982999328506 4.9566017147153598 21.115910723805428 9.9933254791540076 1.4193342014914367 12.064487449824808 8.6215053386986256 0.64470259658992368 2.3751548182917741 1.9173346636816853 0.56781452853465342 5.3041810253635022 7.7879108898341647 4.8281736988574284 1.3548769324552252 0.35082603874616314 8.3169664442539215 2.932067982852459 0.4818987765465863 180.67753196135163 2.1583452508784831 1.3422505087219181 1.5528735313564537 2.9505524866981432 5.4346688687801361 4.5048387293936685 2.9584116435144097 1.4541053884895516 0.993266753386706 2.569570932071656 5.8297539842315018
leaf_count=4946 57 92 11373 880 53 49 12 88 81 97 110 38 27 21 20 37 18 409 238278 33 56 57 2429 50 715 46 88 67 29 52
internal_value=-0.00176415 -0.0178201 -0.0279615 -0.0405667 0.050918 0.0266796 -0.0141617 0.062343 -0.047119 -0.032776 0.0727489 0.0606911 0.0472058 0.0272075 0.00473311 0.102782 0.0495889 0.0514273 -0.0483283 0.0630978 -0.0228851 0.0151857 -0.0219916 0.0763724 -0.036964 0.037753 0.013967 0.00869215 0.0449583 0.0837137
internal_weight=314.186 259.113 237.998 205.624 32.3737 20.3092 11.6877 11.7987 193.825 11.043 55.0726 41.4514 33.6635 22.8772 12.0194 13.6211 10.8578 1.04971 190.355 7.92574 7.19118 3.47021 9.67735 10.3794 4.85566 5.76739 2.80898 2.33552 4.94473 10.7864
internal_count=260308 258923 258831 246838 11993 11940 11891 1047 245791 11879 1385 1238 1200 1091 885 147 206 506 245653 188 858 138 7375 167 735 155 109 123 117 109
is_linear=0
shrinkage=0.05


Tree=17
num_leaves=31
num_cat=0
split_feature=9 25 1 15 7 1 10 1 1 15 2 18 11 11 17 13 2 19 1 18 11 11 7 19 2 0 19 2 17 0
split_gain=161.554 99.1569 93.523 16.3625 12.9337 13.3003 10.0225 7.8026 5.60338 10.6508 4.67649 8.82496 15.5243 4.32185 6.32842 11.6684 4.11448 3.67429 3.44508 2.94626 3.26472 2.85824 2.26417 2.61617 2.23425 2.29266 1.71099 1.51361 1.10337 0.998778
threshold=1.0000000180025095e-35 0.75000000000000011 6.8140094280242929 1.5000000000000002 1.0000000180025095e-35 12.888023376464846 1.0000000180025095e-35 2.3422205448150639 4.336306333541871 1.0000000180025095e-35 7.5000000000000009 1.0000000180025095e-35 1.0000000180025095e-35 1.0000000180025095e-35 17.125852584838871 1.0000000180025095e-35 20.500000000000004 8.6820039749145526 0.11797450482845308 1.5000000000000002 1.0000000180025095e-35 1.0000000180025095e-35 1.0000000180025095e-35 8.5508441925048846 6.5000000000000009 5.0156559944152841 8.3557653427124041 4.5000000000000009 15.392973423004152 7.3734118938446054
decision_type=2 2 2 2 2 2 2 2 2 2 2 2 2 2 2 2 2 2 2 2 2 2 2 2 2 2 2 2 2 2
left_child=1 2 3 8 5 6 17 -5 18 22 -2 12 16 14 15 -7 -12 -4 21 20 -8 -1 24 26 25 -10 -24 -20 -9 -16
right_child=10 -3 4 7 -6 13 19 28 9 -11 11 -13 -14 -15 29 -17 -18 -19 27 -21 -22 -23 23 -25 -26 -27 -28 -29 -30 -31
leaf_value=-0.022150561896486287 0.096513553775988664 0.088966435672186817 0.074171121993403519 -0.037683150684435729 0.085764389348715275 -0.040417414068651528 -0.046312032825324263 0.014038679841307392 0.061883443055791736 0.065346495138524571 -0.043392266502142958 0.077856368828540079 0.081754492114457414 0.11575102852066702 0.100646477418692 0.064192134874499998 0.052813993132043595 -0.02226721393494872 -0.021713319809867168 0.032854108272678061 0.033112780087516107 0.08314355713414201 -0.014721502530357568 -0.027503335492338549 -0.043696393348552465 -0.024358375683538772 0.078791904519038808 -0.048603489959004341 0.077439579606983167 0.022219616141084156
leaf_weight=0.79394584923284028 21.701374252326787 19.316223827656358 3.0003946262295371 2.0471721356734625 10.960173711762762 4.4320769023615814 10.300403379544147 1.4401769510004667 0.33857581339544285 2.3788909292197777 5.6892945580184442 23.293974098050967 4.6267298404127359 1.8526303581893451 2.6337753047118908 4.2829849533736706 0.45616348762996484 0.80094545619795088 7.7974124575266606 0.86979064159095365 0.74609609879553396 0.1239363569766283 0.32699946116190348 1.2012479906552469 14.058840078592764 0.9462884085951373 0.50745467463275418 155.57790242094779 3.2278321830090135 1.2410011138417756
leaf_count=906 189 84 345 1549 790 3465 12795 114 263 386 887 193 23 10 117 48 51 1060 5506 101 17 3 93 1130 18175 990 54 210750 43 201
internal_value=5.29446e-05 -0.0171004 -0.0262799 -0.0410071 0.0413949 0.0230361 -0.0088221 0.0319929 -0.0438291 -0.0174915 0.0762598 0.0609731 0.0209521 0.0560332 0.0393747 0.0123083 -0.0298592 0.0534459 -0.0468715 -0.0312858 -0.0386441 0.0280055 -0.0317688 0.0127477 -0.0380936 0.0155052 0.0540977 -0.04746 0.063807 0.085239
internal_weight=306.971 251.203 231.887 190.767 41.1203 30.1601 15.7176 6.71518 184.051 19.7583 55.7675 34.0662 10.7722 14.4425 12.5898 8.71506 6.14546 3.80134 164.293 11.9163 11.0465 0.917882 17.3794 2.0357 15.3437 1.28486 0.834454 163.375 4.66801 3.87478
internal_count=260338 258995 258911 239962 18949 18159 14318 1706 238256 21091 1343 1154 961 3841 3831 3513 938 1405 217165 12913 12812 909 20705 1277 19428 1253 147 216256 157 318
is_linear=0
shrinkage=0.05


Tree=18
num_leaves=31
num_cat=0
split_feature=9 25 1 15 1 17 2 1 19 20 0 0 1 15 7 21 21 16 2 2 7 19 0 0 19 0 0 0 2 25
split_gain=132.86 96.0536 88.4557 15.7193 11.2359 21.712 7.31662 6.17526 5.81812 5.47732 5.20907 12.3699 4.48479 8.58514 3.66205 3.29788 8.84704 4.72632 3.23152 2.64276 2.51438 3.18853 2.52597 2.31228 2.26714 2.52786 5.17542 2.17998 1.73315 1.63573
threshold=1.0000000180025095e-35 0.75000000000000011 7.1890571117401132 1.5000000000000002 16.079887390136722 7.7578511238098153 8.5000000000000018 2.3422205448150639 8.0429420471191424 1.0000000180025095e-35 1.3596928715705874 5.2176222801208505 4.336306333541871 1.0000000180025095e-35 1.0000000180025095e-35 6.7804899215698251 7.5809547901153573 4.5000000000000009 9.5000000000000018 4.5000000000000009 1.0000000180025095e-35 8.5508441925048846 4.6206989288330087 4.5891931056976327 11.434051036834719 3.4113126993179326 3.3433916568756108 4.367103338241578 2.5000000000000004 0.25000000745058065
decision_type=2 2 2 2 2 2 2 2 2 2 2 2 2 2 2 2 2 2 2 2 2 2 2 2 2 2 2 2 2 2
left_child=1 2 3 12 5 14 9 -5 -7 -2 -8 29 19 20 27 -13 -17 -18 -10 24 22 -22 23 -14 -1 26 -26 -4 -24 -12
right_child=6 -3 4 7 -6 8 10 -9 18 -11 11 15 13 -15 -16 16 17 -19 -20 -21 21 -23 28 -25 25 -27 -28 -29 -30 -31
leaf_value=-0.028775706267224661 0.1174372008247095 0.085195148139359023 0.034869009382770412 -0.035392023176222497 0.074083652342408726 0.079173562913709888 0.080104494542821758 0.057175563158044729 0.0493677062623906 0.058594165173527668 -0.033875085455999203 0.089818726790974523 -0.022808816462137924 0.057638339948496257 0.030275214661404867 -0.039598986508591262 0.0087917003021263755 0.088482634792803452 -0.033606242160236825 -0.048135679158135478 0.06382816292376485 -0.027982559139996067 0.022932103683057314 0.067263810834317733 -0.019973921729791025 -0.023008724633141124 0.1338992198665501 -0.048232025018621325 -0.046883176265313367 0.01858490171174914
leaf_weight=6.0256285809446117 11.464506509480998 20.127648300025612 0.15882283891551274 1.8063624210190017 15.284352918970397 9.3150025117793103 9.7155459867790359 4.8807200327282771 0.94887095433659796 11.634195134043694 5.0640727523714331 4.8545162966474882 0.82974594150437464 2.1719363768352187 1.2765042498940609 2.2695700053591263 3.226327205542475 4.3438078388571739 1.9496183340088462 148.3781453477568 0.69593238522065881 1.248100434662774 0.37075118179200117 0.26624051627004519 0.66226199211087056 0.84813447657506913 0.087419434043113142 9.0504845444229414 14.476580342627129 1.2578400422353295
leaf_count=4409 186 88 14 1563 1955 1141 47 158 557 55 576 85 1009 389 446 141 157 51 2416 211706 168 1200 328 126 490 574 31 10442 19719 69
internal_value=-0.000873489 -0.0168017 -0.0264446 -0.0408622 0.0421905 0.0184957 0.0694023 0.0308193 0.0615856 0.0914608 0.0504628 0.0337437 -0.0437435 -0.0200649 -0.0326861 0.0577515 0.0351042 0.0595079 -0.000747546 -0.046641 -0.0320521 0.0154009 -0.0384057 0.0207243 -0.0153405 0.0268993 0.0642418 -0.0435238 -0.0438028 -0.0223247
internal_weight=294.69 240.859 220.732 182.748 37.9837 22.6993 53.8304 6.68708 12.2135 23.0987 30.7317 21.0161 176.061 20.0593 10.4858 14.6942 9.83971 7.57014 2.89849 156.002 17.8874 1.94403 15.9433 1.09599 7.62344 1.59782 0.749681 9.20931 14.8473 6.32191
internal_count=260296 258929 258841 241870 16971 15016 1367 1721 4114 241 1126 1079 240149 22939 10902 434 349 208 2973 217210 22550 1368 21182 1135 5504 1095 521 10456 20047 645
is_linear=0
shrinkage=0.05


Tree=19
num_leaves=31
num_cat=0
split_feature=9 25 1 13 17 23 15 25 19 1 13 0 2 0 0 7 17 2 25 1 19 15 1 17 1 0 0 1 16 0
split_gain=121.574 87.8057 85.0845 21.5184 12.9375 21.5845 12.6297 9.13843 6.40765 5.86861 5.32545 4.88462 4.44594 4.42377 4.81767 3.94699 3.50955 3.23954 3.41378 3.01571 2.83628 2.80358 8.50424 2.69876 2.24625 2.04728 2.88564 1.88281 1.73639 1.62144
threshold=1.0000000180025095e-35 0.40000000596046453 6.8140094280242929 1.0000000180025095e-35 17.531178474426273 1.0000000180025095e-35 1.5000000000000002 0.25000000745058065 7.8365728855133066 2.3422205448150639 1.0000000180025095e-35 4.6051201820373544 8.5000000000000018 1.3596928715705874 5.0949459075927743 1.0000000180025095e-35 12.91039562225342 4.5000000000000009 1.0000000180025095e-35 5.7613940238952646 7.7214548587799081 1.0000000180025095e-35 2.7537297010421757 5.7207677364349374 0.11797450482845308 3.4113126993179326 3.3433916568756108 14.112694263458254 3.5000000000000004 7.3734118938446054
decision_type=2 2 2 2 2 2 2 2 2 2 2 2 2 2 2 2 2 2 2 2 2 2 2 2 2 2 2 2 2 2
left_child=1 2 6 7 5 10 17 12 -6 -8 11 -4 -2 -14 -15 16 -13 18 23 28 -16 29 24 25 -23 26 -1 -22 -3 -19
right_child=3 19 4 -5 8 -7 9 -9 -10 -11 -12 15 13 14 20 -17 -18 21 -20 -21 27 22 -24 -25 -26 -27 -28 -29 -30 -31
leaf_value=-0.02060970781287718 0.064296066371633487 0.088719939523812741 0.064738300450657094 0.19785773187473374 0.092270713043526395 0.078851314511002357 -0.036672569896074696 0.092281622141672584 -0.023931310923166218 0.052792598681211139 0.077097172724361882 -0.044024876626129805 0.056438011012194714 -0.031016647545421022 0.042829779890965397 0.029220507930654657 0.025551681516851828 -0.048357800802429837 -0.040104399846995833 0.017812859896575991 -0.025543170349334895 0.036958732531617876 0.040622550956664089 0.059290224457739196 -0.046315228211947203 -0.033709408725211464 0.089424879015328057 0.028701288613402643 0.027735391929312316 0.019628175620740443
leaf_weight=0.69875667168525835 14.702743395697324 17.006713115551982 0.63991133868695271 2.0788338258862487 10.763865469780281 8.8342531658709031 1.9174853559234168 13.340947461547328 0.91617037559626702 4.439687802339904 0.54932808317243953 13.006779180141164 7.996438549365851 3.9872285560704794 8.1535973213613016 1.9602986555546529 1.4198518462944782 142.63361872918904 3.9962497088708915 2.6627932529663658 2.9684537136927238 0.14719548862194543 3.2303314926102749 1.2861468511982819 11.303156548354307 2.0422697883332148 0.075697438383940607 1.6946401558816431 2.4847229933366171 0.38610211433842678
leaf_count=502 179 816 113 15 454 41 1542 156 1004 145 172 15438 38 543 83 688 1115 212647 3127 55 349 90 1148 913 16456 1504 30 17 166 262
internal_value=-0.000711411 -0.016574 -0.026641 0.0655058 0.0402233 0.0194358 -0.0415819 0.0567213 0.0819874 0.0244909 -0.0130651 -0.0200894 0.04273 0.0279482 0.0119823 -0.0269348 -0.0359648 -0.044247 -0.0116709 0.0759883 0.0266359 -0.0458359 -0.0226762 0.0184555 -0.0423622 -0.0108391 0.03448 -0.00424278 0.0826787 -0.0480392
internal_weight=287.324 232.401 210.247 54.9229 38.0905 26.4104 172.157 52.844 11.68 6.35717 17.5762 17.0268 39.5031 24.8004 16.8039 16.3869 14.4266 165.8 8.09912 22.1542 12.8167 157.7 14.6807 4.10287 11.4504 2.81672 0.774454 4.66309 19.4914 143.02
internal_count=259808 258428 257391 1380 19025 17567 238366 1365 1458 1687 17526 17354 1209 1030 992 17241 16553 236679 6076 1037 449 230603 17694 2949 16546 2036 532 366 982 212909
is_linear=0
shrinkage=0.05


Tree=20
num_leaves=31
num_cat=0
split_feature=9 25 1 8 13 19 1 25 18 3 19 3 21 25 1 8 19 19 21 21 1 1 1 19 16 1 19 1 20 21
split_gain=114.934 80.831 74.3966 30.1792 13.5511 12.5476 15.2737 7.47311 7.72373 5.54773 5.28031 4.5728 4.24923 4.13406 4.0472 3.69667 3.45884 3.13284 3.06478 2.85874 2.04862 1.99413 1.90154 1.45992 1.43276 1.42004 1.36217 1.3601 1.18844 1.15617
threshold=1.0000000180025095e-35 0.75000000000000011 6.8140094280242929 1.0000000180025095e-35 1.0000000180025095e-35 7.7609152793884286 16.079887390136722 0.25000000745058065 1.0000000180025095e-35 1.0000000180025095e-35 7.5053846836090097 1.0000000180025095e-35 7.678788661956788 1.0000000180025095e-35 0.11797450482845308 1.0000000180025095e-35 9.6790695190429705 11.064232349395754 7.1751070022583017 5.9914612770080575 5.5177090167999276 11.887571334838869 11.887571334838869 10.829022884368898 5.5000000000000009 0.73047301173210155 9.3016567230224627 0.11797450482845308 1.0000000180025095e-35 5.830414056777955
decision_type=2 2 2 2 2 2 2 2 2 2 2 2 2 2 2 2 2 2 2 2 2 2 2 2 2 2 2 2 2 2
left_child=1 2 3 11 7 19 15 8 9 21 -5 14 18 17 26 22 -8 -13 -10 -4 28 27 24 -24 -7 -19 -1 -2 -12 -29
right_child=4 -3 5 10 -6 6 16 -9 12 -11 20 13 -14 -15 -16 -17 -18 25 -20 -21 -22 -23 23 -25 -26 -27 -28 29 -30 -31
leaf_value=0.063921190743654016 0.021122307019536161 0.078204794419989246 -0.011427904158270032 0.065960620302439849 0.16492803538247575 -0.045817020468229129 -0.02244321231249714 0.087272016963097138 0.054514927720905361 0.067158108058277363 -0.039093240581392276 -0.0061286407499241795 0.076114136415748296 -0.040771229119127866 -0.04879196854717005 0.042406891555552509 0.063810317991372378 -0.0099927455520724094 0.0067814759190253553 0.076654308239982746 0.041396131354620239 0.028631989562928097 -0.026238668583663562 0.031051953742550271 0.017234859781002084 0.085758387815091139 -0.014849070065736642 0.016683283483902109 0.020693396788238276 -0.039751791703913103
leaf_weight=0.31553785421419789 0.65513320639729311 19.374151770491153 0.72625404084101219 6.2909569966141117 2.4571374654769889 8.8344608882325666 0.81171822396572757 14.299303568201138 6.3586089643649775 1.6229761373251674 2.3085340007091881 3.5459406292648037 12.999480178346856 4.3563724106643349 146.29017741297139 1.0586237451061613 9.4401044800761138 0.24920289957663022 6.7924541104584932 13.623087293002753 0.58111431263387192 1.2279370450414715 1.1023531053215259 1.3927797634387387 0.48469633754575703 0.84058354882290587 0.42168771137949079 0.49061649793293316 0.41396901011466969 5.6203739568591118
leaf_count=333 5 84 254 110 15 11660 664 155 53 34 887 2665 89 3723 230289 17 1048 191 52 2092 16 35 1414 1178 574 624 547 66 2 865
internal_value=-0.00114187 -0.0169007 -0.0263123 -0.040682 0.0646726 0.0366003 0.0127241 0.0566191 0.0423242 0.00344741 0.0421241 -0.0460101 0.0559678 -0.0100964 -0.0481235 -0.0229627 0.0555933 0.0208495 0.0320823 0.0717422 -0.0080466 -0.0155161 -0.0316724 0.00547548 -0.0411853 0.0695585 0.0362532 -0.0261833 -0.0268855 -0.033512
internal_weight=274.986 222.462 203.088 165.614 52.524 37.4741 23.1247 50.0669 35.7676 9.61704 9.59457 156.02 26.1505 8.9921 147.027 12.8729 10.2518 4.63573 13.1511 14.3493 3.30362 7.99406 11.8143 2.49513 9.31916 1.08979 0.737226 6.76612 2.7225 6.11099
internal_count=259741 258372 258288 239387 1369 18901 16555 1354 1199 1005 1015 238372 194 7203 231169 14843 1712 3480 105 2346 905 971 14826 2592 12234 815 880 936 889 931
is_linear=0
shrinkage=0.05


Tree=21
num_leaves=31
num_cat=0
split_feature=9 25 8 1 13 25 21 18 21 1 11 23 2 11 19 2 21 19 1 7 1 8 10 18 7 19 2 1 1 16
split_gain=97.0131 74.6258 73.5503 53.1644 14.4479 8.47449 10.0588 7.14741 6.49617 5.60221 5.34444 11.7121 5.05215 4.69135 3.60602 3.52033 4.73288 5.08381 2.44993 2.18017 2.55114 2.15449 1.96719 1.94087 3.81817 1.75635 1.71397 1.62716 2.87207 1.47374
threshold=1.0000000180025095e-35 0.40000000596046453 1.0000000180025095e-35 11.887571334838869 1.0000000180025095e-35 0.25000000745058065 7.5809547901153573 1.5000000000000002 7.5556433200836191 2.3422205448150639 1.0000000180025095e-35 1.0000000180025095e-35 4.5000000000000009 1.0000000180025095e-35 7.1766235828399667 2.5000000000000004 6.7804899215698251 7.1766235828399667 6.9958300590515146 1.0000000180025095e-35 12.888023376464846 1.0000000180025095e-35 1.0000000180025095e-35 1.0000000180025095e-35 1.0000000180025095e-35 6.8910326957702646 20.500000000000004 1.182788133621216 1.0134890079498293 1.5000000000000002
decision_type=2 2 2 2 2 2 2 2 2 2 2 2 2 2 2 2 2 2 2 2 2 2 2 2 2 2 2 2 2 2
left_child=1 2 3 7 5 6 8 12 15 -4 11 14 22 -14 25 -2 19 -18 -9 20 -17 -7 -1 24 -8 -5 -3 28 -24 -30
right_child=4 26 9 10 -6 21 23 18 -10 -11 -12 -13 13 -15 -16 16 17 -19 -20 -21 -22 -23 27 -25 -26 -27 -28 -29 29 -31
leaf_value=-0.035741409128235528 0.058315857770245651 0.07343066048603912 -0.026545691068584943 -0.013897504471632911 0.16154948943877542 0.11460765378600363 -0.0036518252506043177 -0.018392428317584975 -0.064248702701713623 0.069849354587838725 0.11410427978888503 0.06784361179391285 -0.048656601967655318 0.01110264795716857 -0.040659930682328545 -0.031335286599221156 0.031399932428140383 -0.053564975393834591 0.076309742774730141 0.058317178344935473 0.041184387621972157 0.055203749959407016 -0.0019005282289933376 0.068904206275562416 0.071012840001104624 0.083192553605768424 0.0099398372707487463 -0.012703247822166192 0.10917916723170798 -0.0077964360069185156
leaf_weight=2.4993516428512503 3.3265911871567377 20.613333877641711 1.125802974973342 0.38406918285181646 2.4747901931405059 5.1772794630378467 3.9106585250701782 0.58101810206426197 1.7016175002790994 18.879155136295594 2.033278325572609 8.2153022214770299 147.37470138893696 3.0147841619327655 4.3283286378718913 1.7412183998385429 1.9377946103923021 3.8895819411845878 0.83452496794052422 2.9344712682068348 1.1753450324758885 7.1575270139146596 2.110948917397764 16.032978419912979 1.9242405059048904 0.1260442849015817 1.4759920489741478 3.0090718865976669 0.25602846487890918 0.18404172314330935
leaf_count=3069 21 1006 830 295 16 32 408 666 28 210 12 34 244339 139 4534 191 25 351 90 25 7 115 1064 116 40 90 36 2100 80 72
internal_value=-0.000441371 -0.0153409 -0.025295 -0.0357418 0.0593045 0.0513178 0.0380442 -0.044248 0.00803148 0.0634191 0.0515386 0.0343676 -0.0453364 -0.0473932 -0.0243569 0.0197304 0.00500669 -0.0248505 0.0459165 0.03403 0.000943018 0.0868621 -0.00596191 0.0596194 0.0277584 0.0492966 0.0698025 0.0108322 0.0343531 0.0888157
internal_weight=270.43 217.046 194.956 174.951 53.3841 50.9093 38.5745 159.864 16.7066 20.005 15.087 13.0537 158.449 150.389 4.83844 15.005 11.6784 5.82738 1.41554 5.85103 2.91656 12.3348 8.05944 21.8679 5.8349 0.510113 22.0893 5.56009 2.55102 0.44007
internal_count=260041 258666 257624 256584 1375 1359 1212 251619 648 1040 4965 4953 250863 244478 4919 620 599 376 756 223 198 147 6385 564 448 385 1042 3316 1216 152
is_linear=0
shrinkage=0.05


Tree=22
num_leaves=31
num_cat=0
split_feature=9 8 1 5 3 13 18 1 7 18 11 17 1 1 18 0 0 17 17 0 0 17 1 11 23 17 11 0 0 0
split_gain=103.603 60.5777 42.4117 31.4888 15.1267 10.2857 8.22488 6.211 5.92427 11.8279 8.56756 7.27615 5.64617 4.7992 3.72954 2.49286 2.219 2.12807 2.12472 2.42915 5.03808 2.0418 3.2221 1.94395 6.43255 3.74602 1.89018 1.87726 1.61555 5.16422
threshold=1.0000000180025095e-35 1.0000000180025095e-35 14.112694263458254 1.0000000180025095e-35 1.0000000180025095e-35 1.0000000180025095e-35 1.5000000000000002 1.4000559449195864 1.0000000180025095e-35 1.0000000180025095e-35 1.0000000180025095e-35 13.335381984710695 2.3422205448150639 0.14287002384662631 1.5000000000000002 3.034231543540955 3.4113126993179326 31.487001419067386 1.0221264362335207 3.034231543540955 3.049036026000977 4.4636275768280038 7.403597593307496 1.0000000180025095e-35 1.0000000180025095e-35 17.531178474426273 1.0000000180025095e-35 3.9063067436218266 3.9196934700012211 3.9063067436218266
decision_type=2 2 2 2 2 2 2 2 2 2 2 2 2 2 2 2 2 2 2 2 2 2 2 2 2 2 2 2 2 2
left_child=1 2 3 6 7 8 26 13 9 10 -2 14 -3 -5 -10 -6 -17 -8 19 -15 -21 28 -23 24 25 -4 -1 -18 29 -9
right_child=5 12 23 4 15 -7 17 21 11 -11 -12 -13 -14 18 -16 16 27 -19 -20 20 -22 22 -24 -25 -26 -27 -28 -29 -30 -31
leaf_value=-0.049702230814202802 -0.04385762606019436 -0.026467538209236932 -0.036990832798338411 0.055671904892377028 -0.022378006865487715 0.14784251916272587 -0.014691386571651486 -0.01010504312818853 0.1143228593307961 0.056915338033555175 0.061942628662013423 0.0326015923433828 0.070591751136842074 -0.040724625512000963 0.058553570986389573 0.077770522775668635 -0.023201766778550584 0.08521813221012714 -0.040974017677473336 0.054279968699650238 -0.019991981451320466 -0.038404391313247639 0.041949269924485333 0.099527899335004361 0.064797168898557481 0.06053305481851045 0.0013886573443529357 0.036303946686247222 0.0080771323311811579 0.10348476709449755
leaf_weight=110.0635318600107 6.1862383253173929 1.1191433790954786 2.8311658228631118 0.79006910126190533 0.80537901091156427 2.4568009544163933 0.41540848393924423 1.649022145662455 7.9450535108335378 14.043756308965383 1.6515478473156688 12.146917237900196 18.983894063276239 4.3606153480941421 11.674498230218886 3.7635758988326407 0.8605190474772807 0.62694265157915652 19.907612173585221 2.2059161259094235 6.9380949014448561 3.1383383466745722 0.85646760970121238 2.1378073617815962 7.8703523576259613 0.35660715488484118 1.7858272148296226 7.7373151680803858 7.4387125828070566 1.0417438768781722
leaf_count=190511 957 866 2734 664 571 15 432 2002 137 142 10 70 219 7095 58 314 344 55 30790 116 8712 4908 187 11 32 209 68 729 7057 61
internal_value=3.45471e-05 -0.0162953 -0.0252156 -0.0318309 -0.00294875 0.05971 -0.0473993 -0.0159827 0.0530425 0.0308237 -0.0170775 0.0669395 0.0641903 -0.027271 0.0855868 0.0426418 0.0482357 0.0577034 -0.0307931 -0.0139949 0.00151013 0.0113479 -0.0162274 0.0582896 0.0427243 -0.0142315 -0.0488814 0.0285514 0.0227038 0.0499953
internal_weight=263.789 207.684 187.581 174.385 61.4934 56.1048 112.892 48.3266 53.648 21.8815 7.83779 31.7665 20.103 34.2023 19.6196 13.1668 12.3614 1.04235 33.4122 13.5046 9.14401 14.1243 3.99481 13.1959 11.0581 3.18777 111.849 8.59783 10.1295 2.69077
internal_count=260076 258687 257602 254616 63550 1389 191066 61592 1374 1109 967 265 1085 47377 195 1958 1387 487 46713 15923 8828 14215 5095 2986 2975 2943 190579 1073 9120 2063
is_linear=0
shrinkage=0.05


Tree=23
num_leaves=31
num_cat=0
split_feature=9 25 1 15 17 1 13 7 19 19 17 2 2 1 19 25 17 0 7 0 7 0 0 1 1 19 17 1 17 17
split_gain=96.182 62.9263 65.2197 11.1372 8.98898 13.9208 7.74378 8.00012 6.00993 5.74829 5.21459 5.30799 4.69973 4.53994 6.42612 4.43356 4.08407 4.01595 3.6634 3.61387 3.50639 2.79488 3.104 2.63755 2.50277 2.17334 2.12432 2.1047 2.05778 2.67442
threshold=1.0000000180025095e-35 0.40000000596046453 6.8140094280242929 1.5000000000000002 12.91039562225342 14.112694263458254 1.0000000180025095e-35 1.0000000180025095e-35 7.8365728855133066 8.6820039749145526 3.3924442529678349 11.500000000000002 4.5000000000000009 4.336306333541871 8.5508441925048846 1.0000000180025095e-35 12.69857168197632 1.3596928715705874 1.0000000180025095e-35 1.3596928715705874 1.0000000180025095e-35 3.9196934700012211 3.034231543540955 1.182788133621216 6.9958300590515146 12.67159414291382 3.7723727226257329 5.7613940238952646 7.8569569587707528 8.4724421501159686
decision_type=2 2 2 2 2 2 2 2 2 2 2 2 2 2 2 2 2 2 2 2 2 2 2 2 2 2 2 2 2 2
left_child=1 2 3 12 5 18 7 8 -2 -6 -9 -12 15 17 20 21 -5 -14 24 -10 -15 22 -1 -24 -4 -7 -22 -3 -23 -30
right_child=6 27 4 16 9 25 -8 10 19 -11 11 -13 13 14 -16 -17 -18 -19 -20 -21 26 28 23 -25 -26 -27 -28 -29 29 -31
leaf_value=-0.017132911272899311 0.04786061729519353 0.067508424793950361 0.025994526671903218 -0.034196821480781077 0.080330482077644885 0.058922737715760502 0.13480796843594609 0.094187141930147864 0.048684151907325536 -0.025048709759842903 0.068744021516993964 0.0073342039463379031 0.035952924556865072 -0.0099307429724804046 -0.040641719421858256 -0.039154360268265659 0.04726254305813906 -0.048850579809517507 0.030495502850785929 -0.023611140357733582 -0.016690719451955487 -0.032024853322440414 0.11770795747949354 -0.011473722714308555 -0.041778420201652733 -0.0096309539134837516 0.077336672243381657 0.015862360331351296 0.089095752068434161 -0.019229708807619778
leaf_weight=0.52002507803263043 12.731336376629772 19.746936506882779 0.89437395118875329 1.3438301700516593 10.54286282160319 10.783290721592492 2.8156306836754075 13.551772882346997 1.2869966402649868 0.99672279553487975 8.4246691890293715 6.0362811168888575 0.73933810763992269 3.3413599121849975 9.5235077913384867 3.5673973199445754 4.2950994781567715 116.31669002608396 1.9667852233978926 6.2205129134235904 0.37258872966049272 1.7604473494575361 0.78784642397658877 0.29666848020860925 8.839570483833084 0.99595421971753317 1.7992229243973268 2.9830209562787777 0.078274459112435468 0.62276618176838383
leaf_count=435 175 976 813 1299 1337 2520 16 126 6 1247 55 61 880 4514 15689 3086 414 209665 593 892 113 1392 407 188 12402 31 170 64 40 461
internal_value=0.000465546 -0.0150098 -0.0249607 -0.0396845 0.0355625 0.0164917 0.0611231 0.0541735 0.0281581 0.0699567 0.0713509 0.0452427 -0.0424835 -0.0446733 -0.0172874 -0.00380479 0.0256229 -0.0480149 -0.0213661 -0.00695198 0.0231009 0.0288165 0.0650878 0.0938185 -0.0337097 0.0528263 0.0610292 0.0616846 -0.00680013 0.0381322
internal_weight=254.182 203.115 180.385 145.365 35.0196 23.48 51.0672 48.2516 20.2388 11.5396 28.0127 14.461 139.726 132.093 15.0367 7.63343 5.63893 117.056 11.7007 7.50751 5.51317 4.06603 1.60454 1.08451 9.73394 11.7792 2.17181 22.73 2.46149 0.701041
internal_count=260067 258736 257696 238753 18943 16359 1331 1315 1073 2584 242 116 237040 231031 20486 6009 1713 210545 13808 898 4797 2923 1030 595 13215 2551 283 1040 1893 501
is_linear=0
shrinkage=0.05


Tree=24
num_leaves=31
num_cat=0
split_feature=9 25 8 23 11 17 13 2 2 21 0 19 21 21 2 5 17 2 0 16 0 19 16 0 19 19 19 19 20 0
split_gain=85.7924 59.047 62.0717 45.7736 10.5179 5.53641 5.27002 4.61123 4.45856 4.20181 3.65548 3.45455 3.08497 4.28336 2.70133 2.70565 2.39584 2.33888 2.12249 2.03718 1.94962 1.59408 1.48465 8.75379 1.91948 1.17228 0.960287 0.874752 0.776606 0.744813
threshold=1.0000000180025095e-35 0.75000000000000011 1.0000000180025095e-35 1.0000000180025095e-35 1.0000000180025095e-35 31.487001419067386 1.0000000180025095e-35 7.5000000000000009 9.5000000000000018 5.9914612770080575 4.2269067764282235 7.5053846836090097 7.5809547901153573 7.2438702583312997 4.5000000000000009 1.0000000180025095e-35 3.2528103590011601 1.5000000000000002 5.4649541378021249 10.500000000000002 1.54862517118454 10.448597431182863 4.5000000000000009 1.7552679777145388 7.0465402603149423 11.79802465438843 12.337821960449221 9.9522104263305682 1.0000000180025095e-35 6.6874763965606698
decision_type=2 2 2 2 2 2 2 2 2 2 2 2 2 2 2 2 2 2 2 2 2 2 2 2 2 2 2 2 2 2
left_child=1 2 3 4 5 14 7 -2 -6 -4 -11 19 13 18 15 -1 -15 -17 20 -7 -9 -19 23 -14 -25 -23 -5 -10 -16 -26
right_child=6 -3 9 26 8 11 -8 12 27 10 -12 -13 22 16 28 17 -18 21 -20 -21 -22 25 -24 24 29 -27 -28 -29 -30 -31
leaf_value=-0.039985568825915668 0.069282567033817105 0.063750828597583034 -0.013808056305685185 0.063238857927854455 0.086114891686746325 0.074847549613424227 0.11675531842877707 0.025632022975691782 0.015745812772203386 -0.01224435117414042 0.068662106623210969 -0.030283263346017015 0.066976011795342669 0.025009123298792565 -0.048885998110487092 -0.02824363312220924 -0.045273593750407244 -0.01733407001914064 0.051238325842704574 -0.017063921004696832 -0.030740608266189948 0.065792812969133099 0.070386084197371829 0.026283221642748784 -0.041638976094820264 -0.011246677750143473 0.02377339117964157 -0.028764814461420596 0.0044187925298297473 0.0065804750289508752
leaf_weight=3.9757671951083458 19.324679740238935 20.106597059872001 1.6073907830868872 8.5640780541580153 1.1658670753240579 1.1965359135647298 2.8755261711776248 3.1319370989222097 1.2439045002683999 1.212420887080955 17.142149521620013 1.3867978956550358 6.6162959663197416 1.033062951290048 130.4471966320998 1.2899507519905458 2.7233663474908099 0.52810829965164918 5.4466653012204915 0.39688784471945826 1.4590389461955053 1.5882804978755301 5.9983991628978393 1.0951549150049684 2.9032996252644812 0.28885452571557824 3.9292764272540799 1.2892191829159854 0.52719338238239188 0.69778411928564299
leaf_count=4899 189 89 103 108 39 475 15 17 42 644 328 1844 37 101 247995 610 109 223 136 84 252 630 78 25 366 116 65 78 3 39
internal_value=-0.000274055 -0.0154815 -0.024749 -0.0353059 -0.0432547 -0.0454702 0.0554266 0.0497274 0.0331979 0.0564158 0.0629613 0.0171571 0.0357987 0.0164193 -0.0469297 -0.0154918 -0.0247507 0.0137652 0.0326731 0.0542021 0.00542259 0.0379728 0.049501 0.0336096 -0.0169041 0.0541493 0.0535083 -0.00863736 -0.0486396 -0.032896
internal_weight=251.192 197.886 177.78 157.818 145.325 141.626 53.3052 50.4297 3.69899 19.962 18.3546 2.98022 31.105 13.7941 138.645 7.67096 3.75643 3.69519 10.0376 1.59342 4.59098 2.40524 17.3109 11.3125 4.69624 1.87714 12.4934 2.53312 130.974 3.60108
internal_count=259739 258375 258286 257211 257038 256879 1364 1349 159 1075 972 2403 1160 615 254476 6478 210 1579 405 559 269 969 545 467 430 746 173 120 247998 405
is_linear=0
shrinkage=0.05


Tree=25
num_leaves=31
num_cat=0
split_feature=9 8 25 11 26 18 13 17 7 8 18 11 17 17 2 12 5 0 19 19 21 21 21 2 2 21 16 19 21 19
split_gain=80.2071 47.1392 59.785 30.4674 14.3464 10.2109 8.39433 8.23746 6.19975 11.1993 8.25173 5.64282 5.00897 4.302 4.20619 3.95174 3.87396 3.39537 3.35418 2.73948 2.15115 2.00954 2.02546 1.85723 2.08911 1.33601 1.77537 1.19807 1.16252 1.12487
threshold=1.0000000180025095e-35 1.0000000180025095e-35 0.40000000596046453 1.0000000180025095e-35 0.43750000000000006 1.0000000180025095e-35 1.0000000180025095e-35 19.429489135742191 1.0000000180025095e-35 1.0000000180025095e-35 1.5000000000000002 1.0000000180025095e-35 3.5340375900268559 18.427971839904789 4.5000000000000009 1.0000000180025095e-35 1.0000000180025095e-35 5.7472887039184579 11.064232349395754 11.036815643310549 7.678788661956788 6.9777476787567148 6.7387444972991952 1.5000000000000002 3.5000000000000004 7.7295155525207528 4.5000000000000009 6.9712896347045907 8.0121836662292498 5.2204017639160165
decision_type=2 2 2 2 2 2 2 2 2 2 2 2 2 2 2 2 2 2 2 2 2 2 2 2 2 2 2 2 2 2
left_child=1 2 3 4 5 14 8 -7 10 -10 11 13 -3 29 16 19 -1 27 21 -5 -11 22 -18 -20 -25 26 -9 -6 -27 -2
right_child=6 12 -4 15 17 7 -8 25 9 20 -12 -13 -14 -15 -16 -17 18 -19 23 -21 -22 -23 -24 24 -26 28 -28 -29 -30 -31
leaf_value=-0.039598771100927535 0.014479673102200153 -0.003034757116204552 0.058322561921275988 0.051155622596088912 0.026422233194415536 -0.03229238855950519 0.12453886880004426 0.044376007539743988 0.11734675202355947 0.023886317154255723 0.05767489962594146 0.058408056744488936 0.065329038281444721 0.033391551046883898 -0.048788730582394614 0.10689085752537229 -0.017952777265220998 0.046840765411302922 -0.011338592574796406 -0.02749531268874152 0.059353673122648526 -0.032883224355492867 0.075022224035413657 0.11706024668679285 -0.0095847693879613019 0.096525531090140393 -0.018623878939931546 -0.036732862698804658 0.0038980374317334823 -0.042869929247544077
leaf_weight=3.7921960341627701 0.47703740280121554 3.0467669460922506 18.588169570779428 1.4419949250295752 0.24306916500790876 5.5798710261587967 3.3853217754513016 1.5507872499874795 6.4000429846346405 11.631775229936467 9.0074279457330686 1.8415815755724914 16.991271813225467 1.9718738151714204 120.08053875752375 2.7629059730097651 0.55758123903069723 5.0563694833836053 0.2920085907098835 1.1684213383123276 8.9813046217896026 1.9040678828605448 0.19950976315885782 0.49555088265333325 0.23614361195359379 1.0330251777777446 1.2301279593375509 1.6008962299674747 0.51115396089153353 6.9407326416112483
leaf_count=4878 9 578 1041 48 52 9022 18 238 40 116 50 12 481 50 238069 27 243 186 132 75 80 825 78 163 94 342 700 1035 307 974
internal_value=-0.000394507 -0.0154556 -0.0241535 -0.034711 -0.0392103 -0.0427604 0.0548447 0.00562219 0.0473739 0.0629178 0.0246415 -0.00440061 0.0552842 -0.0211553 -0.0465319 0.0733559 -0.00880746 0.0279724 0.0245693 0.0180867 0.041371 -0.0091414 0.0353009 0.0734158 0.0942553 0.051415 0.0189531 -0.0220445 0.0794478 -0.0378998
internal_weight=239 188.362 168.324 149.736 144.363 137.463 50.6371 9.90497 47.2518 27.0131 20.2387 11.2312 20.038 9.38964 127.558 5.37332 7.47706 6.90033 3.68486 2.61042 20.6131 2.66116 0.757091 1.0237 0.731694 4.32509 2.78092 1.84397 1.54418 7.41777
internal_count=259963 258614 257555 256514 256364 255091 1349 10609 1331 236 1095 1045 1059 1033 244482 150 6413 1273 1535 123 196 1146 321 389 257 1587 938 1087 649 983
is_linear=0
shrinkage=0.05


Tree=26
num_leaves=31
num_cat=0
split_feature=9 25 8 23 11 2 13 25 25 21 21 2 19 2 5 19 17 19 17 19 21 0 18 2 2 0 18 16 21 21
split_gain=74.0984 49.1762 49.9552 37.283 12.4961 6.29568 5.76232 4.77132 4.48428 6.14791 7.07148 6.17268 4.41093 4.36754 3.93529 4.82527 3.24837 3.09651 2.68592 2.59774 2.41036 1.78498 1.7078 1.71518 1.64261 1.50551 1.14905 1.0242 0.999544 0.989353
threshold=1.0000000180025095e-35 0.75000000000000011 1.0000000180025095e-35 1.0000000180025095e-35 1.0000000180025095e-35 5.5000000000000009 1.0000000180025095e-35 1.0000000180025095e-35 1.0000000180025095e-35 7.5809547901153573 6.7804899215698251 8.5000000000000018 8.703165531158449 1.5000000000000002 1.0000000180025095e-35 7.2364459037780771 41.573511123657234 5.2204017639160165 2.164039254188538 10.448597431182863 6.37587594985962 3.034231543540955 1.0000000180025095e-35 6.5000000000000009 15.500000000000002 1.3596928715705874 1.0000000180025095e-35 2.5000000000000004 7.7295155525207528 8.1836767196655291
decision_type=2 2 2 2 2 2 2 2 2 2 2 2 2 2 2 2 2 2 2 2 2 2 2 2 2 2 2 2 2 2
left_child=1 2 3 4 5 7 8 13 9 10 -2 -12 20 -1 15 -15 25 -13 -6 -16 -4 -21 23 -11 -22 -7 -18 -10 -25 -14
right_child=6 -3 12 -5 18 16 -8 -9 27 22 11 17 29 14 19 -17 26 -19 -20 21 24 -23 -24 28 -26 -27 -28 -29 -30 -31
leaf_value=-0.030000706260445421 0.04478637522865439 0.060168697861698109 0.011258290482125597 0.050779539814474001 -0.010605298650738408 0.014023039954583125 0.11032980860338032 -0.039493231906666426 0.039983295632893621 0.051708830857208732 0.024029480524112565 0.023938779860624378 -0.03094168841998898 0.092911828670580315 -0.010902578573283001 -0.032498319000490536 -0.020671132662671288 -0.065687031440049767 0.063852804757859219 -0.0066989079824422027 0.073593810214405461 0.13320675609558397 0.060942572744667911 0.02494158912495513 0.021468369945571112 -0.048821589349298061 0.038326721498463265 0.085413245334130444 -0.018154778533901992 0.025769741138772957
leaf_weight=1.4929949791403467 7.1130304042017114 18.253167904913425 2.9420874138013522 10.983246022369711 1.4918247247114771 0.56162171572213893 3.3592966683208934 3.7316024491447024 5.093379949918015 1.7443954641930783 4.1059175734408182 0.64111450314521778 1.5703810562845308 0.049356319941580407 0.27740281220758345 1.8523123870254492 0.60954996955115237 4.2397987542790361 2.4067254643887281 0.15433310647495069 11.521839762222951 0.90875463897828013 15.102964939083902 1.274499435327016 2.9087768826284437 118.76770272228168 0.93418489495525137 7.3757939990609884 2.2950105835916474 0.23699740169104178
leaf_count=1335 236 82 50 172 95 863 17 3775 88 38 68 7 747 11 92 2259 606 330 52 92 194 213 109 76 62 247762 147 64 341 8
internal_value=-0.000456231 -0.0155952 -0.024373 -0.0344931 -0.0418483 -0.0445662 0.0513883 -0.00256227 0.0452199 0.0346864 0.0105934 -0.0182448 0.0496614 0.0283532 0.0559624 0.001655 -0.0474632 -0.0518458 0.039012 0.0993806 0.0571405 0.119494 0.0523034 0.0219862 0.0651591 -0.0484117 0.0160629 0.0712024 -0.000676343 -0.0169748
internal_weight=234 181.655 163.402 144.222 133.238 129.34 52.3452 8.46676 48.9859 36.5167 16.0999 8.98683 19.1801 4.73515 3.24216 1.90167 120.873 4.88091 3.89855 1.34049 17.3727 1.06309 20.4169 5.31391 14.4306 119.329 1.54373 12.4692 3.56951 1.80738
internal_count=259991 258617 258535 257474 257302 257155 1374 7777 1357 1205 641 405 1061 4002 2667 2270 249378 337 147 397 306 305 564 455 256 248625 753 152 417 755
is_linear=0
shrinkage=0.05


Tree=27
num_leaves=31
num_cat=0
split_feature=1 5 8 9 3 8 1 1 18 13 4 1 21 1 0 18 11 16 0 0 0 0 0 0 0 21 11 21 1 18
split_gain=58.5229 45.1438 37.8395 17.2157 15.1758 9.66646 5.63028 5.03221 5.0179 4.59692 6.25158 6.42165 4.52146 2.5287 2.27066 2.08814 8.11726 2.0426 1.99755 1.5762 6.02566 1.72822 1.94066 1.55768 2.7158 1.53269 1.49303 1.49251 1.47416 1.33877
threshold=9.0877089500427264 1.0000000180025095e-35 1.0000000180025095e-35 1.0000000180025095e-35 1.0000000180025095e-35 1.0000000180025095e-35 2.6667716503143315 1.4000559449195864 1.5000000000000002 1.0000000180025095e-35 1.0000000180025095e-35 12.888023376464846 7.5395586490631112 0.2780247181653977 3.034231543540955 1.0000000180025095e-35 1.0000000180025095e-35 2.5000000000000004 3.034231543540955 3.9063067436218266 3.9196934700012211 4.6051201820373544 4.6206989288330087 1.3596928715705874 5.0949459075927743 8.0987949371337908 1.0000000180025095e-35 6.4232456684112558 6.9958300590515146 2.5000000000000004
decision_type=2 2 2 2 2 2 2 2 2 2 2 2 2 2 2 2 2 2 2 2 2 2 2 2 2 2 2 2 2 2
left_child=1 2 8 4 7 -5 -4 13 -1 10 -2 29 17 18 -6 16 -13 -7 26 -9 -21 -22 -23 -14 -25 -16 -3 -19 -10 -12
right_child=9 3 6 5 14 12 -8 19 28 -11 11 15 23 -15 25 -17 -18 27 -20 20 21 22 -24 24 -26 -27 -28 -29 -30 -31
leaf_value=-0.048823032177758158 0.058442073020565956 -0.034356004911727266 -0.031868884339489055 0.099818010036538674 -0.021224563777472172 -0.040357706986034733 0.054881208612375498 -0.029434750391812755 -0.012080996073542773 0.089275157702697935 -0.040667530174496848 -0.038684433292958009 0.055650068359762807 -0.034441860749883084 0.052816331252703019 0.060965166673272841 0.062275323368759378 0.033073625343495415 0.03864132344404253 0.092570277789557009 -0.030601852858050855 0.045604572478801404 -0.0044345402754882458 -0.023826310999718912 0.038062554787338623 -0.010187415490891878 0.034368166518436528 -0.012615556525625432 0.081243359831020795 0.021088678241465524
leaf_weight=88.483195162931224 20.921516292408342 2.1112326970906032 1.5398044266621571 5.423303252086046 0.73268869059393082 1.7494343679281907 10.971838569384998 1.4165187684411638 0.31818707892671128 6.4527835604967541 3.8820440497074733 3.0069180472055432 8.7263274863362295 25.111145617091097 11.093762659351338 3.7827959803980775 3.0200117006897926 2.6100392203079537 1.6155124314536804 1.0823740964406159 2.4544897972082236 1.7933248961053321 5.8349544277007226 1.8435845059575502 4.3258587572490796 0.73006900277687314 0.18117491621524084 2.7546557071618736 0.14249109965749085 0.42079715046565969
leaf_count=184502 1100 3975 878 33 562 219 148 2672 399 121 5428 3202 48 42838 1265 298 15 34 727 90 4544 113 6527 213 50 132 8 74 49 6
internal_value=-0.00194984 -0.0141518 -0.036268 0.0134552 -0.00303125 0.0449638 0.0426364 -0.0176416 -0.047718 0.0509531 0.041613 0.0144481 0.0276969 -0.0287998 0.0431045 0.0357943 0.0135681 -0.00479791 0.00708491 0.00832012 0.0151359 -0.000779163 0.0112512 0.0425418 0.0188248 0.0484351 -0.0201356 0.0113171 0.0526432 -0.0317901
internal_weight=224.533 183.046 101.456 81.5905 54.1572 27.4332 12.5116 41.6007 88.9439 41.4869 35.0341 14.1126 22.0099 29.0191 12.5565 9.80973 6.02693 7.11413 3.90792 12.5817 11.1651 10.0828 7.62828 14.8958 6.16944 11.8238 2.29241 5.36469 0.460678 4.30284
internal_count=260270 250100 185976 64124 63453 671 1026 61494 184950 10170 10049 8949 638 47548 1959 3515 3217 327 4710 13946 11274 11184 6640 311 263 1397 3983 108 448 5434
is_linear=0
shrinkage=0.05


Tree=28
num_leaves=31
num_cat=0
split_feature=9 25 1 8 17 1 1 2 19 0 17 7 1 0 19 11 0 8 2 7 2 1 19 16 19 0 21 1 1 21
split_gain=61.8779 47.1325 56.6256 21.0837 8.05189 12.9277 7.75451 4.45342 4.31689 3.97393 3.25842 3.22588 7.93552 4.81475 3.65824 3.1377 2.73913 2.56943 2.46559 2.00019 1.97584 1.47042 1.38831 1.37619 1.4433 1.22148 1.01553 0.855806 2.52513 2.79984
threshold=1.0000000180025095e-35 0.75000000000000011 6.8140094280242929 1.0000000180025095e-35 12.91039562225342 16.079887390136722 0.11797450482845308 4.5000000000000009 8.6820039749145526 4.6051201820373544 3.6281496286392216 1.0000000180025095e-35 9.0877089500427264 1.3596928715705874 7.7609152793884286 1.0000000180025095e-35 5.5642714500427255 1.0000000180025095e-35 15.500000000000002 1.0000000180025095e-35 15.500000000000002 5.286562681198121 7.5053846836090097 2.5000000000000004 12.67159414291382 7.3734118938446054 6.37587594985962 0.17563725262880328 9.9298791885375994 7.678788661956788
decision_type=2 2 2 2 2 2 2 2 2 2 2 2 2 2 2 2 2 2 2 2 2 2 2 2 2 2 2 2 2 2
left_child=1 2 3 6 5 9 18 -8 16 -4 -5 12 13 -2 21 19 -6 -13 -1 -11 26 -15 -21 24 -7 -18 -12 -19 29 -29
right_child=11 -3 4 10 8 23 7 -9 -10 15 20 17 -14 14 -16 -17 25 27 -20 22 -22 -23 -24 -25 -26 -27 -28 28 -30 -31
leaf_value=-0.014143501823497726 0.046186851811047494 0.059949140640037216 0.050494574669252612 -0.029129595651595692 0.1396717668482346 0.063710590536695103 -0.0073124121737208614 -0.049193892628233642 -0.023151220206317318 -0.048799626031994628 0.005798590168402909 0.094053347009771249 0.070244612358369291 -0.01321904036147083 -0.041346342891150689 0.039775992427630635 0.062245519203969903 0.064026896284801765 0.100392363252016 0.036397059672348749 -0.010080493659438182 0.036490592964059376 -0.025319106831074568 -0.0067070116786197816 0.0055276325688491858 0.011348444611839731 0.058236397204215952 -0.024040298591700111 0.054053793212836654 0.037644727698860021
leaf_weight=0.39381636257166874 4.2198574542999294 18.296256015542895 0.76970993581926528 1.2757861467543978 0.8764272644184502 8.180441440723369 7.1689369379309928 102.52318316398305 0.85654285486089143 8.1706170625402539 1.346855987154411 5.7795424722135094 7.617717952001839 1.8491383327636848 4.4386665330966935 0.60172979440540153 8.6668671811930817 8.3411817476153391 0.32523089740425348 0.8092667369637645 1.2784607745124956 2.5889545539394021 0.87287977972300723 0.72414543054765168 1.4337670487584535 1.9241208893363353 5.6903496712329797 2.7270823008147982 6.5639667250216007 2.6847402630373836
leaf_count=630 24 86 122 573 92 1199 6009 231414 1305 13877 37 36 104 91 885 13 845 45 270 49 109 29 572 509 29 403 299 70 38 44
internal_value=2.26516e-05 -0.0138787 -0.0229866 -0.0390499 0.0333873 0.0137733 -0.0452299 -0.0465475 0.0640955 -0.0225797 0.0296437 0.050377 0.0329215 0.00776924 -0.013321 -0.0318984 0.0719465 0.0625061 0.0659258 -0.0395374 0.0408197 0.0171568 0.00687224 0.0517518 0.056372 0.0547756 0.0501705 0.0495408 0.0352943 0.00765942
internal_weight=218.996 172.185 153.889 120.003 33.8865 21.5626 110.411 109.692 12.324 11.2242 9.59145 46.8108 20.7143 13.0966 8.87676 10.4545 11.4674 26.0965 0.719047 9.85276 8.31567 4.43809 1.68215 10.3384 9.61421 10.591 7.03721 20.317 11.9758 5.41182
internal_count=259808 258442 258356 239341 19015 16370 238323 237423 2645 14633 1018 1366 1133 1029 1005 14511 1340 233 900 14498 445 120 621 1737 1228 1248 336 197 152 114
is_linear=0
shrinkage=0.05


Tree=29
num_leaves=31
num_cat=0
split_feature=9 25 1 8 1 8 0 13 25 3 0 17 11 0 0 1 19 16 19 3 11 19 3 0 0 1 17 7 19 1
split_gain=60.0082 36.325 45.781 11.8213 12.2716 6.94033 6.09324 4.09967 5.53755 3.89054 3.99089 3.71433 3.30879 3.14161 6.54494 3.06961 2.64847 2.50041 2.45006 2.16121 2.14131 1.93651 1.74528 1.64958 7.67156 1.8089 1.64052 1.47902 1.47533 1.44316
threshold=1.0000000180025095e-35 0.40000000596046453 4.6835310459136972 1.0000000180025095e-35 11.887571334838869 1.0000000180025095e-35 4.6206989288330087 1.0000000180025095e-35 1.0000000180025095e-35 1.0000000180025095e-35 1.3596928715705874 8.798492908477785 1.0000000180025095e-35 1.3596928715705874 5.2176222801208505 5.7613940238952646 9.9233179092407244 3.5000000000000004 10.920516490936281 1.0000000180025095e-35 1.0000000180025095e-35 10.335401535034181 1.0000000180025095e-35 3.4113126993179326 3.3986942768096928 0.36292375624179846 10.168295860290529 1.0000000180025095e-35 11.064232349395754 1.1689882874488833
decision_type=2 2 2 2 2 2 2 2 2 2 2 2 2 2 2 2 2 2 2 2 2 2 2 2 2 2 2 2 2 2
left_child=1 2 5 4 6 9 18 8 13 10 20 -7 22 -2 -15 17 -16 -3 -4 26 -1 -19 -6 24 29 -25 -8 -28 -21 -11
right_child=7 15 3 -5 12 11 19 -9 -10 23 -12 -13 -14 14 16 -17 -18 21 -20 28 -22 -23 -24 25 -26 -27 27 -29 -30 -31
leaf_value=-0.018040573804324868 0.051927601203246201 0.062649638828740625 0.10345369348833296 0.05907580655758457 0.011339248691391891 -0.027800715389048478 -0.04647805905674543 0.097744325110916713 0.070955377477668266 -0.034822921041940923 -0.048463139739504113 0.043988789326660289 0.086662396444386891 -0.024316620502410558 0.041040508970598688 -0.0035806341891978476 -0.013115917257572166 -0.030271924033938621 -0.013637161432141547 -0.018865067221900355 0.078325606549611237 0.038619621874351084 0.058432624775079704 0.041494696803208928 0.13080103113722774 -0.032507242020057121 -0.022312421811356589 0.031801477569928953 0.054952072990284734 0.032004946538895213
leaf_weight=0.56385484663769503 10.450851014815269 14.563353770819964 0.30226514290553197 12.293876324780284 9.6700342248368489 2.4290318519342682 11.23597562193754 3.4537593983113757 11.883890821831299 2.2734903051459696 88.439588614390232 2.9069908361998387 1.8737795483320958 5.8687889646971625 14.593233456369491 2.3557460823794818 2.1558032563189036 1.162135832186322 0.36781994780176319 0.60121907695429477 0.1624642089009285 0.93633471848443139 1.7422453321632936 0.092881437711184733 0.10565793749992725 4.6700760657840874 3.5530134034052034 0.7862453844572882 0.38197570128249936 0.21878608965198498
leaf_count=893 59 788 450 89 4796 783 23353 17 148 2343 212854 180 12 655 281 48 209 148 473 718 2 36 171 95 31 4004 5534 240 190 135
internal_value=-0.000246509 -0.0147441 -0.023344 0.0197209 0.00249389 -0.041458 -0.0247789 0.0480842 0.0422247 -0.044511 -0.0473758 0.0120792 0.0371184 0.0301201 0.0182717 0.0485749 0.0337237 0.0557342 0.0695 -0.032335 0.0363999 0.00301068 0.0226571 -0.00829264 0.0193544 -0.0241143 -0.0370123 -0.00838759 0.0230614 -0.0214718
internal_weight=212.095 163.689 144.671 42.8084 30.5146 101.863 17.2285 48.4063 44.9526 96.5268 89.1659 5.33602 13.2861 33.0687 22.6178 19.0176 16.749 16.6618 0.670085 16.5584 0.726319 2.09847 11.4123 7.36089 2.59793 4.76296 15.5752 4.33926 0.983195 2.49228
internal_count=259735 258366 257346 36026 35937 221320 30958 1369 1352 220357 213749 963 4979 1204 1145 1020 490 972 923 30035 895 184 4967 6608 2509 4099 29127 5774 908 2478
is_linear=0
shrinkage=0.05


Tree=30
num_leaves=31
num_cat=0
split_feature=9 1 25 8 4 12 18 2 5 25 0 1 16 19 2 19 18 7 1 8 21 13 17 21 1 21 19 1 21 0
split_gain=51.6688 38.2715 49.4833 11.0034 6.3645 7.38912 9.716 5.77839 6.40917 12.7169 4.49973 3.70862 3.6262 3.55594 3.22669 3.00762 2.84001 7.38217 4.65698 3.40024 2.3988 2.0178 1.97695 1.85486 1.97125 1.26677 1.25095 1.15987 1.14691 1.09328
threshold=1.0000000180025095e-35 6.4660279750823983 0.75000000000000011 1.0000000180025095e-35 1.0000000180025095e-35 1.0000000180025095e-35 1.0000000180025095e-35 6.5000000000000009 1.0000000180025095e-35 1.0000000180025095e-35 1.3596928715705874 1.0134890079498293 9.5000000000000018 10.448597431182863 1.5000000000000002 7.4564356803894052 1.0000000180025095e-35 1.0000000180025095e-35 9.0877089500427264 1.0000000180025095e-35 7.5809547901153573 1.0000000180025095e-35 22.001013755798343 7.3055241107940683 16.079887390136722 8.0121836662292498 9.3016567230224627 16.079887390136722 7.701200246810914 3.3986942768096928
decision_type=2 2 2 2 2 2 2 2 2 2 2 2 2 2 2 2 2 2 2 2 2 2 2 2 2 2 2 2 2 2
left_child=1 2 3 7 14 6 21 8 -1 11 26 29 16 -13 -3 -5 17 18 -2 -19 27 -6 -22 24 -7 -25 -9 -8 -16 -10
right_child=12 4 -4 15 5 23 20 10 9 -11 -12 13 -14 -15 28 -17 -18 19 -20 -21 22 -23 -24 25 -26 -27 -28 -29 -30 -31
leaf_value=-0.042519014698242909 -0.029686544689867346 -0.023997513650649921 0.055767907210461723 0.034736958375292337 -0.046075581076437763 -0.027475136948232965 -0.029402420419685479 0.069013092130945239 -0.019401243688982692 -0.037602174426563717 -0.049002031405981056 -0.009695558780853597 -0.0081803015197506705 0.15978711326420669 0.064483268313506759 -0.019882785241198967 0.057646190347019677 0.096222877499218262 0.03618869786196121 0.01666721477125525 -0.0011033937479754308 0.014928546761956688 0.09725498218616202 0.086841412390770381 0.037230796519509383 -0.00011675776508323879 -0.012579736341990548 0.027822052892886653 0.02309550313627997 0.039860901068973234
leaf_weight=5.6444595926732273 5.3337048576795478 0.79020832706010224 14.850795567035673 5.3003199840895814 8.1876820850302465 0.91137848232756313 0.73668098050984487 0.25766236826893774 0.62951818932197079 2.9725478672771715 88.26182744698599 0.23938644339796133 2.733228793134912 0.90409613426891156 12.526690520055128 3.3611497640958987 29.485838332795538 3.0999175831675521 3.6568170171231031 2.7454933875706047 0.62398074273369264 1.1022832678281709 1.3555124835111199 2.3010772963752975 2.5146882197004743 0.47659295558696602 0.33588484459323809 0.80675543699180707 3.6617775680206242 0.66619652169174515
leaf_count=11039 912 23 70 90 14749 836 646 278 520 2803 220507 109 17 339 1552 894 250 18 81 100 529 10 98 1070 83 426 559 61 1007 284
internal_value=-0.000444119 -0.0140658 -0.0272678 -0.0390309 0.0307159 0.0099613 -0.0119776 -0.0436905 -0.00869738 0.0277083 -0.0478994 0.0950905 0.0450377 0.136336 0.0521146 0.0136772 0.0484276 0.0276227 -0.00195202 0.0667502 0.0500778 -0.0380899 0.0762859 0.0506455 0.0176995 0.0758398 0.0439209 -0.000312561 0.0570098 0.0151593
internal_weight=206.474 159.419 123.424 108.573 35.9953 19.0166 12.8129 99.9116 11.0562 5.41175 88.8554 2.4392 47.055 1.14348 16.9787 8.66147 44.3218 14.8359 8.99052 5.84541 3.52293 9.28997 1.97949 6.20374 3.42607 2.77767 0.593547 1.54344 16.1885 1.29571
internal_count=259960 258582 237492 237422 21090 18508 16093 236438 15094 4055 221344 1252 1378 448 2582 984 1361 1111 993 118 1334 14759 627 2415 919 1496 837 707 2559 804
is_linear=0
shrinkage=0.05


Tree=31
num_leaves=31
num_cat=0
split_feature=1 5 8 25 1 0 11 1 20 13 5 17 11 1 18 3 25 11 0 0 21 1 21 15 0 0 21 1 18 7
split_gain=39.9139 41.1902 39.8969 17.7921 25.6685 15.7676 4.07989 3.61358 3.18919 2.89941 3.84198 5.38535 8.90075 2.88155 2.6014 2.56755 2.51196 2.44136 2.33153 2.31922 2.03732 2.31087 1.97315 1.6583 1.56602 1.40916 1.39693 1.30813 1.23638 1.39693
threshold=9.9298791885375994 1.0000000180025095e-35 1.0000000180025095e-35 0.40000000596046453 0.16113296151161197 5.0553855895996103 1.0000000180025095e-35 2.3422205448150639 1.0000000180025095e-35 1.0000000180025095e-35 1.0000000180025095e-35 13.335381984710695 1.0000000180025095e-35 1.8758199214935305 2.5000000000000004 1.0000000180025095e-35 1.0000000180025095e-35 1.0000000180025095e-35 5.9267659187316903 3.9196934700012211 7.5096087455749521 4.8685173988342294 7.678788661956788 1.0000000180025095e-35 7.3734118938446054 3.034231543540955 4.5591125488281259 5.5177090167999276 1.5000000000000002 1.0000000180025095e-35
decision_type=2 2 2 2 2 2 2 2 2 2 2 2 2 2 2 2 2 2 2 2 2 2 2 2 2 2 2 2 2 2
left_child=1 2 6 4 8 15 14 -4 -3 10 11 12 -2 -7 -1 17 19 -6 20 25 21 -15 -22 -24 -13 -17 -11 -23 29 -12
right_child=9 3 7 -5 5 13 -8 -9 -10 26 28 24 -14 18 -16 16 -18 -19 -20 -21 22 27 23 -25 -26 -27 -28 -29 -30 -31
leaf_value=-0.049143170645709756 -0.039676623610074367 0.0787116563934184 -0.025812312768373452 0.05689076383966072 -0.045848782661399329 -0.028962717013165742 0.01804122013134889 0.052390442384015579 0.026411839290713626 0.036450040452417828 0.018177756019644938 0.066891087110730593 0.05447925607591339 0.098757626427673342 0.041258381814258442 -0.011370839494236926 -0.032728324268138549 0.015529460926884946 -0.0030726345595156815 -0.021615813440840546 -0.030924296892061068 -0.024316029914364767 -0.0095604030114737372 0.050644066780016553 0.0096870675830214321 0.076494824089461178 0.097668692514776695 0.036377634105313271 0.03279124395981247 0.08025014796330826
leaf_weight=73.733470003411639 6.0993932217534148 7.8703293783473764 1.0611412911093783 19.62948130001314 24.419938275037573 1.3091855506063428 1.8976423479616631 12.259222179651259 6.5490459725260735 3.5259617865085593 1.8473754031583665 3.8482092269114228 2.8946055620908737 1.9564579923462568 0.095364041218998774 0.29297010315349259 1.8706274664727973 1.2643824089318503 3.0543533877353175 0.75041835196316231 0.84851032777805802 0.43312859043362584 1.3224175040959383 2.3356473491003271 2.1004736011091154 0.97300993744283915 3.6627324873115867 2.3020269124826882 7.588318184716627 6.1186722824932076
leaf_count=186310 6635 1082 848 433 55097 2149 66 181 46 16 202 548 19 816 49 166 1149 74 1112 165 232 95 917 119 492 207 89 275 49 118
internal_value=0.0010197 -0.00957317 -0.0325799 0.0170475 0.00271858 -0.0167313 -0.0465963 0.0447931 0.0582113 0.0467837 0.037765 0.017866 -0.00695465 0.0266088 -0.0484766 -0.0368277 0.000907576 -0.0423585 0.034284 0.0326171 0.0457737 0.0662808 0.0162648 0.0314997 0.0509933 0.0601165 0.0757599 0.0228296 0.0546475 0.0694881
internal_weight=203.915 166.229 89.0468 77.1819 57.5524 43.1331 75.7265 13.3204 14.4194 37.6857 30.497 14.9427 8.994 13.5617 73.8288 29.5713 3.88703 25.6843 12.2525 2.0164 9.19819 4.69161 4.50658 3.65806 5.94868 1.26598 7.18869 2.73516 15.5544 7.96605
internal_count=259756 251588 187454 64134 63701 62573 186425 1029 1128 8168 8063 7694 6654 5715 186359 56858 1687 55171 3566 538 2454 1186 1268 1036 1040 373 105 370 369 320
is_linear=0
shrinkage=0.05


Tree=32
num_leaves=31
num_cat=0
split_feature=9 1 2 5 11 17 23 13 15 5 7 18 11 17 1 2 16 0 17 0 17 5 0 1 15 15 1 0 1 0
split_gain=49.9809 30.1191 19.8091 7.16411 6.1424 8.45223 11.9069 4.24447 4.06258 6.14303 3.81118 5.12888 7.323 3.96354 3.40838 2.52246 2.35312 2.33064 3.17781 2.1304 2.00919 2.23946 1.99894 1.98887 3.49843 1.78784 1.78066 1.5024 1.64742 2.06702
threshold=1.0000000180025095e-35 6.8140094280242929 4.5000000000000009 1.0000000180025095e-35 1.0000000180025095e-35 13.118710994720461 0.22500000894069674 1.0000000180025095e-35 1.5000000000000002 1.0000000180025095e-35 1.0000000180025095e-35 1.0000000180025095e-35 1.0000000180025095e-35 3.3924442529678349 0.14287002384662631 11.500000000000002 2.5000000000000004 3.034231543540955 3.1623636484146123 3.034231543540955 12.69857168197632 1.0000000180025095e-35 7.3734118938446054 4.336306333541871 1.0000000180025095e-35 1.0000000180025095e-35 0.43275167047977453 4.6206989288330087 1.4000559449195864 3.049036026000977
decision_type=2 2 2 2 2 2 2 2 2 2 2 2 2 2 2 2 2 2 2 2 2 2 2 2 2 2 2 2 2 2
left_child=1 2 3 -1 5 6 25 10 9 23 11 12 -2 16 -11 -15 -12 -16 27 -5 -10 -22 -7 -4 -25 -3 -20 28 29 -19
right_child=7 4 8 19 -6 22 -8 -9 20 14 13 -13 -14 15 17 -17 -18 18 26 -21 21 -23 -24 24 -26 -27 -28 -29 -30 -31
leaf_value=-0.030553563404323837 -0.042540820458494485 -0.040844348693992255 -0.047828181118918324 -0.018969498926799704 0.087017639135819558 0.062941285307809444 0.045573303704757914 0.095403437438750183 -0.033826341932373834 0.051920348407374396 0.041652737633981043 0.040350796782352212 0.056286543201219723 0.046594494924034252 -0.043851008349107906 0.0042052804027499259 0.097422681693122432 0.03401945958277066 0.011967553105347114 0.054267297512079787 0.042541519392218237 -0.02664211695640813 0.0053734559241014118 -0.032056894668537471 0.038395068836175973 0.014100491894459766 -0.041440840931860283 -0.025891244861768244 0.033319014959516051 -0.015102000181460355
leaf_weight=3.0411279552208699 5.098054823640271 9.4245107522001579 55.465432123106439 0.60789507214212868 3.100161286070942 8.4706852924136893 6.9270981624722472 3.371660489588975 1.065608618169789 0.78742918785428528 6.6383752549299988 9.8525525162694958 1.7405420113354919 7.9460601051105169 7.0450325192359733 6.1307824907125905 5.2389408852905035 1.8933639196911842 1.4151518433645822 9.8046817134018038 3.1194492378854197 0.85848674183944229 2.0291984351933925 8.9239385956607258 1.2606194230611443 1.2204815071600013 8.2286804478208051 2.8204696368193245 3.7850805085327002 7.2812817343219649
leaf_count=4550 954 16195 151921 475 30 1816 37 17 1288 671 88 125 11 65 17981 63 40 192 1801 1163 271 129 732 19014 246 192 17568 4136 4503 13648
internal_value=0.000179926 -0.0139556 -0.0255345 0.0299141 0.029092 0.0199218 -0.00178808 0.0451458 -0.0329275 -0.035149 0.0390774 0.0188088 -0.0134157 0.0509308 -0.0169205 0.0296365 0.0719073 -0.0200914 -0.0120972 0.0487042 0.00924319 0.0252582 0.0532505 -0.0439906 -0.0206833 -0.0338749 -0.0332156 0.0020193 0.00951315 -0.00261761
internal_weight=194.593 148.576 117.404 13.4537 31.1721 28.072 17.5721 46.017 103.95 98.9065 42.6453 16.6911 6.8386 25.9542 33.2565 14.0768 11.8773 32.4691 25.424 10.4126 5.04354 3.97794 10.4999 65.65 10.1846 10.645 9.64383 15.7802 12.9597 9.17465
internal_count=259922 258559 239557 6188 19002 18972 16424 1363 233369 231681 1346 1090 965 256 60500 128 128 59829 41848 1638 1688 400 2548 171181 19260 16387 19369 22479 18343 13840
is_linear=0
shrinkage=0.05


Tree=33
num_leaves=31
num_cat=0
split_feature=9 25 1 19 11 23 8 17 17 8 1 17 4 8 17 2 2 18 2 19 2 11 2 19 19 2 2 2 17 21
split_gain=43.7457 35.037 35.6646 8.91937 14.6856 9.2625 8.90826 6.58136 5.72771 4.37377 3.61669 3.52691 4.12374 5.55115 3.84539 3.51297 3.15998 3.14253 4.03269 2.15778 1.93312 1.8818 1.73322 1.59657 1.54756 1.37706 1.17165 1.15789 0.958038 0.865612
threshold=1.0000000180025095e-35 0.40000000596046453 4.6835310459136972 7.7609152793884286 1.0000000180025095e-35 0.22500000894069674 1.0000000180025095e-35 8.798492908477785 6.77691674232483 1.0000000180025095e-35 0.11797450482845308 3.2528103590011601 1.0000000180025095e-35 1.0000000180025095e-35 4.0816400051116952 19.500000000000004 4.5000000000000009 1.0000000180025095e-35 5.5000000000000009 11.434051036834719 3.5000000000000004 1.0000000180025095e-35 1.0000000180025095e-35 6.4784636497497567 9.8155350685119647 20.500000000000004 1.5000000000000002 3.5000000000000004 8.1525211334228533 7.6487395763397226
decision_type=2 2 2 2 2 2 2 2 2 2 2 2 2 2 2 2 2 2 2 2 2 2 2 2 2 2 2 2 2 2
left_child=1 2 6 8 5 9 10 -8 -4 -5 21 12 13 -2 -13 17 19 18 -16 20 -12 -1 -3 -15 -25 28 -21 -28 -24 -30
right_child=11 22 3 4 -6 -7 7 -9 -10 -11 16 14 -14 23 15 -17 -18 -19 -20 26 -22 -23 25 24 -26 -27 27 -29 29 -31
leaf_value=-0.017539912996684111 0.1213210383586628 -0.0031157267670132872 -0.019273349622218203 -0.04657505703585 0.087937711167369093 0.031647149153816188 -0.042359109465029077 0.048800587578936294 0.060589190709203489 0.019739099717369462 -0.039824870454611083 -0.026845723502435893 0.0052220719632749971 0.062310576433007331 0.051470321045719164 -0.0075302640405373183 -0.048126277492024382 0.053122293871242232 -0.028011432732095901 -0.015785548084561559 0.020464554626141718 0.072149653447623058 0.059564302798464343 -0.016359135357783196 0.035124161129110536 -0.0025698085680186827 0.067003789428367266 -0.011485216371693195 0.03508125404979727 -0.012048387878929983
leaf_weight=0.53977495789877039 3.6590559035539636 1.4275237792171562 2.2224977382866191 13.490022642101399 2.9701793706044546 6.3539061737246803 2.2841938487254074 4.1407518922933377 11.884719331748782 2.4150579269044092 3.8453420810692469 1.9706826464971552 2.9047681641532099 5.9242004659026861 1.7150478879921198 3.6626837351359418 74.406936256651534 16.611069555277936 2.8951777536422014 0.45909536030376319 1.1252359895734114 0.21680846996605396 15.11211572628236 1.5080127180553971 3.2108156104804948 1.0074340921128158 0.70621642266632967 0.29658557462971658 1.1177742779836983 1.0983820770052259
leaf_count=900 24 18 2076 31373 43 40 752 185 2356 45 3564 79 286 44 19 42 214033 153 406 417 895 3 811 88 216 30 447 214 112 57
internal_value=0.000700584 -0.0124266 -0.0220995 0.0171796 -0.000976196 -0.0161113 -0.039649 0.0150514 0.0475644 -0.0359338 -0.0440862 0.043835 0.0617326 0.0721186 0.0305627 0.0359707 -0.0452365 0.0434797 0.00546054 -0.00983176 -0.0250349 0.034604 0.0479693 0.0462357 0.0186878 0.0519019 0.0310325 0.0496461 0.0550362 0.0152393
internal_weight=191.182 147.121 127.357 39.3364 25.2292 22.259 88.0209 6.42495 14.1072 15.9051 81.596 44.0615 17.2069 14.3021 26.8547 24.884 80.8394 21.2213 4.61023 6.43248 4.97058 0.756583 19.7632 10.643 4.71883 18.3357 1.4619 1.0028 17.3283 2.21616
internal_count=259728 258371 257343 35933 31501 31458 221410 937 4432 31418 220473 1357 658 372 699 620 219570 578 425 5537 4459 903 1028 348 304 1010 1078 661 980 169
is_linear=0
shrinkage=0.05


Tree=34
num_leaves=31
num_cat=0
split_feature=9 1 5 8 17 2 11 4 13 17 2 2 19 21 21 0 20 2 11 0 21 17 0 0 2 15 1 19 2 19
split_gain=38.1803 27.4855 15.9309 9.94584 8.78929 8.69347 7.2069 8.86724 7.19359 3.69007 3.02042 5.6451 2.83759 2.76029 3.33042 2.49495 2.38718 3.51302 3.35579 2.2378 2.75973 2.19822 2.13328 4.84893 1.99593 1.98772 1.75175 1.67055 1.51406 1.43359
threshold=1.0000000180025095e-35 5.0701956748962411 1.0000000180025095e-35 1.0000000180025095e-35 17.531178474426273 7.5000000000000009 1.0000000180025095e-35 1.0000000180025095e-35 1.0000000180025095e-35 8.798492908477785 9.5000000000000018 13.500000000000002 7.8365728855133066 7.8985967636108407 8.0121836662292498 3.034231543540955 1.0000000180025095e-35 16.500000000000004 1.0000000180025095e-35 6.2329096794128427 8.0830197334289569 31.487001419067386 3.4113126993179326 4.6051201820373544 15.500000000000002 2.5000000000000004 16.079887390136722 12.67159414291382 15.500000000000002 10.506982803344728
decision_type=2 2 2 2 2 2 2 2 2 2 2 2 2 2 2 2 2 2 2 2 2 2 2 2 2 2 2 2 2 2
left_child=1 2 3 -1 6 15 7 19 -9 -5 -2 21 13 -6 -15 -4 17 18 -13 20 24 -12 29 -24 25 -3 -21 -10 -7 -17
right_child=10 4 5 9 12 28 -8 8 27 -11 11 16 -14 14 -16 22 -18 -19 -20 26 -22 -23 23 -25 -26 -27 -28 -29 -30 -31
leaf_value=-0.049123083119633856 0.057536802019878278 0.069035992734486226 -0.026192324562319586 -0.025164616936364948 0.046359409460542574 -0.025954109669777958 0.071360554131068676 -0.045046391099751219 0.045713125234466051 0.041983316351637857 -0.038046471866375324 -0.0240176541770693 -0.0024610333906660113 0.16704939725421536 0.016621759020150419 0.0089950649409956222 0.016315954745800783 0.070137973481886856 0.057996043835319824 -0.026393892240037589 -0.029008233399229678 0.028356832533507161 -0.02444882043961898 0.047790277214844384 -0.00071744035284879463 -0.020405571881871063 0.029695557173369941 -0.016885569816233358 -0.0024120257284933502 0.07359523485677455
leaf_weight=52.821845210448373 18.146809612051584 5.6840190849616228 1.0930520283873182 2.6938560995040453 7.9615939894283638 17.924264220346235 2.8964264374226323 11.26666171220131 2.6762845989433131 3.7978355790837668 3.2613208808470544 2.3933553563547325 1.5468365468259424 0.58260960280313134 0.80135555626475252 1.4447814610903131 8.4705507755279541 7.9073654647218063 0.99036724865436543 2.2019310615141876 0.56639999165781763 0.92880517430603493 3.4103621676622424 4.1082437195873354 1.4740504394867455 0.24989803135395039 1.4674355731694961 0.89650002121925343 11.033533701207487 3.4713335135020316
leaf_count=163356 292 1896 1736 806 565 37550 40 25173 268 191 430 306 1704 55 120 184 55 261 5 968 348 9 2126 888 812 1 170 4 18550 696
internal_value=0.000684955 -0.0117465 -0.0255165 -0.0420373 0.0228362 -0.00201569 0.0078669 -0.00142116 -0.0262975 0.0144793 0.0419367 0.0282852 0.0591556 0.0686062 0.123456 0.0297729 0.0391683 0.0535898 0.00774068 0.0298551 0.0433144 -0.0206996 0.0362759 0.0159998 0.0516365 0.0628697 -0.00240708 0.029748 -0.017364 0.0593396
internal_weight=184.17 142.071 101.799 59.3135 40.272 42.4856 29.3796 26.4832 14.8394 6.49169 42.0986 23.9518 10.8924 9.34556 1.38397 13.5278 19.7616 11.2911 3.38372 11.6437 7.97437 4.19013 12.4347 7.51861 7.40797 5.93392 3.66937 3.57278 28.9578 4.91611
internal_count=259565 258207 226083 164353 32124 61730 29680 29640 25445 997 1358 1066 2444 740 175 5630 627 572 311 4195 3057 439 3894 3014 2709 1897 1138 272 56100 880
is_linear=0
shrinkage=0.05


Tree=35
num_leaves=31
num_cat=0
split_feature=9 25 1 8 0 2 25 5 0 1 17 1 8 17 17 7 18 19 2 17 1 2 2 1 19 7 11 19 23 0
split_gain=38.8187 29.6699 36.8767 11.2112 7.21903 6.51491 5.58441 10.6749 4.61234 6.17891 8.26961 3.286 3.00123 2.98872 4.98137 4.91449 4.31153 2.77575 2.40077 2.32217 2.07841 2.06662 1.91891 1.70247 1.62462 1.36267 1.31466 1.15519 1.4714 0.978056
threshold=1.0000000180025095e-35 0.75000000000000011 6.8140094280242929 1.0000000180025095e-35 1.3596928715705874 6.5000000000000009 1.0000000180025095e-35 1.0000000180025095e-35 5.0949459075927743 16.079887390136722 7.7578511238098153 1.0134890079498293 1.0000000180025095e-35 3.2528103590011601 4.9375009536743173 1.0000000180025095e-35 1.0000000180025095e-35 10.448597431182863 17.500000000000004 3.5340375900268559 9.9298791885375994 15.500000000000002 14.500000000000002 4.7739629745483407 12.040038108825685 1.0000000180025095e-35 1.0000000180025095e-35 12.754622459411623 1.0000000180025095e-35 6.6874763965606698
decision_type=2 2 2 2 2 2 2 2 2 2 2 2 2 2 2 2 2 2 2 2 2 2 2 2 2 2 2 2 2 2
left_child=1 2 3 4 21 6 7 -6 22 10 26 -9 25 15 -15 -2 20 -13 -18 -5 -16 -1 24 -21 -4 -12 -10 28 29 -11
right_child=13 -3 8 19 5 -7 -8 11 9 27 12 17 -14 14 16 -17 18 -19 -20 23 -22 -23 -24 -25 -26 -27 -28 -29 -30 -31
leaf_value=-0.013094938266749769 0.022556781982743909 0.048393714244255009 0.12038906341512137 -0.031642056081816243 -0.036816250804001083 -0.048768787387818861 -0.041336870948561838 0.012667910811648045 -0.046293548976559643 0.035128540180202505 -0.012968839456996509 -0.0093611966715985411 0.055434293462465679 -0.031365246491991523 -0.029840192347679841 0.077582913977826573 0.05624098770495415 0.13911773590578208 0.015890020665803497 0.0054037215361635261 0.029568727738673351 0.093613483408557921 -0.0016927245537079916 0.050924761285345094 -0.0071825373520675228 0.035007449667796585 0.016049728699826307 -0.011777969573045183 0.061594065377118735 -0.0079349629465256897
leaf_weight=0.35453005775343527 7.903400320035872 16.895052269101143 1.1577594534610423 1.3246212396188619 2.7792390038957802 72.069367877265904 4.670532980497228 1.3864327423798388 6.0459068284544637 2.0854959901771495 4.0438030625518859 0.22914913581917051 4.1995509006083012 2.3780494595412192 2.8946553029818487 10.745370474993251 13.490983022609727 1.1099796034977769 6.3130774842575184 5.0783911994658411 1.4113739230670033 0.38189069594955072 0.44003178947605182 2.792622622102499 0.16038641819613975 1.0959819824201984 0.46684035472571839 0.45713886804878789 7.5105936825275421 1.7714105578488668
leaf_count=657 543 85 495 560 6045 222478 7890 828 11685 679 4297 107 26 150 361 122 129 343 40 419 28 257 334 19 44 159 11 16 38 1233
internal_value=0.00126551 -0.0118899 -0.0205913 -0.0360683 -0.0418327 -0.0435437 -0.00548343 0.0266146 0.0274683 0.0204694 -0.000382238 0.0838157 0.0286475 0.0410169 0.0283876 0.0565975 0.0352956 0.12057 0.0447601 0.0149504 -0.00846509 0.0642852 0.0902765 0.0254745 0.108464 0.0012969 -0.0402832 0.0462733 0.0493713 0.0177887
internal_weight=183.644 138.507 121.612 92.1768 82.9811 82.2447 10.1753 5.5048 29.4349 27.6767 15.8521 2.72556 9.33934 45.1369 26.4881 18.6488 24.1101 1.33913 19.8041 9.19564 4.30603 0.736421 1.75818 7.87101 1.31815 5.13979 6.51275 11.8246 11.3675 3.85691
internal_count=260078 258705 258620 239603 238605 237691 15213 7323 19017 18144 16178 1278 4482 1373 708 665 558 450 169 998 389 914 873 438 539 4456 11696 1966 1950 1912
is_linear=0
shrinkage=0.05


Tree=36
num_leaves=31
num_cat=0
split_feature=1 5 8 1 2 0 17 11 16 2 19 0 17 20 13 1 0 1 0 11 17 13 2 17 19 19 1 9 1 1
split_gain=35.6912 33.249 21.6945 11.4612 12.8187 6.25942 5.87307 3.7705 3.44951 3.40673 2.67953 2.49291 2.20368 2.1983 1.59029 1.32604 3.38251 1.3552 1.49275 1.31762 3.44325 2.73105 2.12179 2.37416 1.55701 1.26222 1.066 1.03555 0.979708 3.19335
threshold=9.9298791885375994 1.0000000180025095e-35 1.0000000180025095e-35 0.16113296151161197 7.5000000000000009 5.3716375827789316 8.798492908477785 1.0000000180025095e-35 9.5000000000000018 22.500000000000004 12.459737777709963 3.034231543540955 4.0816400051116952 1.0000000180025095e-35 1.0000000180025095e-35 1.9351415634155276 3.4113126993179326 0.36292375624179846 4.6051201820373544 1.0000000180025095e-35 13.118710994720461 1.0000000180025095e-35 16.500000000000004 3.2979288101196294 7.7609152793884286 10.506982803344728 0.26973517239093786 1.0000000180025095e-35 1.4000559449195864 4.1806623935699472
decision_type=2 2 2 2 2 2 2 2 2 2 2 2 2 2 2 2 2 2 2 2 2 2 2 2 2 2 2 2 2 2
left_child=1 2 7 -3 8 9 -4 14 11 10 26 -5 27 -14 -1 16 25 -18 -19 20 21 22 -2 -24 -22 -13 -6 -7 -28 -30
right_child=19 3 6 4 5 12 -8 -9 -10 -11 -12 15 13 -15 -16 -17 17 18 -20 -21 24 -23 23 -25 -26 -27 28 -29 29 -31
leaf_value=-0.048537880304586944 -0.010933871494761578 0.051059227210107749 -0.017158524597017031 -0.014965642373001338 0.0010205224646278874 0.010278555130937455 0.050191231255476955 0.017740062043469642 -0.041310459280080265 0.041810218241062264 0.032494661892444508 0.0082581684792463108 -0.025541124452363048 0.03539762903070278 0.01775253648483268 0.064078380859102321 0.046114545438975155 -0.028569496889577734 0.019361296315728388 0.071771606158067797 0.061081890421192275 0.050748403324876727 0.051434855056233145 -0.023501728610229911 0.0082462690517975251 0.069037823999663767 -0.040012655001862074 0.076583849290803849 0.0017303204917450132 -0.056488551625371766
leaf_weight=59.381397794088116 7.0904995529272146 15.158779970166504 4.5310269874171336 1.3847242035553851 2.5176174486405314 1.2648817242879877 7.6417143451981246 1.79732115427032 0.58753911219537158 1.0598189369484305 1.0379493082582474 1.4310871458728813 2.339132296765456 1.660222299396992 0.44929205410880868 6.5090000390191554 0.30519227654440317 3.0193367139145266 1.8375282154593149 4.9419674053788176 13.178185524418948 3.7955132781062266 2.5989626584050716 0.81800620179274108 1.9252415725786693 3.4205254697590135 16.700457040249606 1.337405500235036 7.1491725165396911 2.4717330037674401
leaf_count=185977 5393 1160 819 1731 3108 1387 213 62 19 640 1149 191 1695 11 706 758 103 1783 519 31 350 81 881 641 822 704 38728 25 9412 842
internal_value=0.000580347 -0.0103378 -0.033644 0.0139538 0.00319631 -0.0135749 0.0257224 -0.0455935 0.0361863 -0.022993 -0.0265714 0.0407794 0.0277792 0.0017763 -0.0477564 0.0460387 0.0295593 4.80595e-05 -0.010226 0.0456572 0.0390524 0.0194269 0.00468612 0.0322361 0.0552772 0.0555846 -0.029715 0.0561552 -0.0325846 -0.0171372
internal_weight=179.341 144.993 73.8008 71.1921 56.0333 37.5384 12.1727 61.628 18.4949 30.9367 29.8769 17.9074 6.60164 3.99935 59.8307 16.5227 10.0137 5.16206 4.85686 34.3484 29.4064 14.303 10.5075 3.41697 15.1034 4.85161 28.839 2.60229 26.3214 9.62091
internal_count=259941 251742 187777 63965 62805 56997 1032 186745 5808 53879 53239 5789 3118 1706 186683 4058 3300 2405 2302 8199 8168 6996 6915 1522 1172 895 52090 1412 48982 10254
is_linear=0
shrinkage=0.05


Tree=37
num_leaves=31
num_cat=0
split_feature=9 1 25 17 1 4 25 23 11 4 2 1 16 19 19 2 2 1 19 25 19 0 11 17 19 21 17 2 0 21
split_gain=31.2489 23.8827 34.0357 6.06615 5.76936 9.58904 6.99428 5.28322 5.2478 5.11691 3.95658 3.65227 3.00812 2.85783 2.74267 2.44812 5.31534 2.42776 1.97899 1.90211 1.89431 1.74258 1.68836 1.64033 1.50408 1.40263 1.35015 1.30744 1.25069 1.51321
threshold=1.0000000180025095e-35 6.4660279750823983 0.40000000596046453 19.982203483581547 2.3422205448150639 1.0000000180025095e-35 1.0000000180025095e-35 1.0000000180025095e-35 1.0000000180025095e-35 1.0000000180025095e-35 6.5000000000000009 0.11797450482845308 8.5000000000000018 10.764970302581789 8.703165531158449 9.5000000000000018 16.500000000000004 4.7739629745483407 9.1155786514282244 0.25000000745058065 6.3584685325622567 6.6874763965606698 1.0000000180025095e-35 1.000704348087311 11.055539608001711 6.7804899215698251 1.445408880710602 4.5000000000000009 1.3596928715705874 6.620739459991456
decision_type=2 2 2 2 2 2 2 2 2 2 2 2 2 2 2 2 2 2 2 2 2 2 2 2 2 2 2 2 2 2
left_child=1 2 4 7 11 6 10 8 9 18 26 22 13 15 -12 -2 28 -4 20 25 -3 -5 -1 -15 -25 -18 -6 -13 -17 -30
right_child=12 3 17 21 5 -7 -8 -9 -10 -11 14 27 -14 23 -16 16 19 -19 -20 -21 -22 -23 -24 24 -26 -27 -28 -29 29 -31
leaf_value=-0.016902240666771966 0.063087041607024483 -0.022762140193506124 0.04844298309959031 0.08009422350534616 -0.0066004183237077631 -0.046303636552634621 -0.035729915141334688 0.042453620846124786 0.060384924229707738 -0.043838326762297548 0.031121301850589686 -0.017943485268104461 -0.0045540805718306916 0.024847299301992427 -0.030180747276328121 0.0292903747751256 0.058400107516882696 -0.020398707431301996 -0.016396860990686806 0.083275224762272892 0.044495125568031611 0.024720480577714317 0.068192751395132242 -0.050807581850436934 0.012872001487519314 0.015678321309889012 0.11267889490745275 -0.049165119259252592 0.020149774640948716 -0.030641475380937328
leaf_weight=0.51008917120634478 14.241122677573001 0.68046715582022788 14.134405144548506 4.3761751150304899 0.15111142609384742 12.23996674749651 4.1988327495637359 7.8808187469840041 1.6119617074728019 7.0817837984068319 6.9811809639504627 5.2014608695753841 3.7509879269637159 4.3669665651395908 1.5015565746580248 1.0097996671684111 2.6473821897525323 0.85937088966602537 2.806920953822555 2.7884992877952746 3.619452468235977 3.6498717759677675 0.25236989930272102 0.85685495589859817 1.2240883833728728 6.4786653181072325 0.83315201028017327 51.872434058983345 1.3078366689151151 3.7775369939045049
leaf_count=895 157 65 938 366 116 40009 10609 48 24 17329 1152 4532 28 292 3334 10 51 42 1710 33 671 837 3 76 142 163 189 175606 69 356
internal_value=0.000347946 -0.0118054 -0.0238892 0.0254032 -0.0363201 -0.015869 0.0126888 0.0115603 -0.00545804 -0.0164216 0.0355255 -0.0450551 0.0371061 0.0411571 0.0182316 0.0471039 0.0318115 0.0434686 0.0129361 0.0500016 0.031565 0.0604415 0.0339745 0.00908185 -0.0213291 0.0326149 0.100269 -0.0466777 -0.00578148 -0.0164145
internal_weight=172.893 130.443 98.7359 31.7075 83.7422 25.9058 13.6658 23.6814 15.8006 14.1886 9.467 57.8364 42.4497 38.6988 8.48274 32.2508 18.0097 14.9938 7.10684 11.9145 4.29992 8.02605 0.762459 6.44791 2.08094 9.12605 0.984263 57.0739 6.09517 5.08537
internal_count=259852 258475 237425 21050 236445 55409 15400 19847 19799 19775 4791 181036 1377 1349 4486 839 682 980 2446 247 736 1203 898 510 218 214 305 180138 435 425
is_linear=0
shrinkage=0.05


Tree=38
num_leaves=31
num_cat=0
split_feature=18 25 11 23 8 3 1 1 0 1 17 16 1 0 5 19 19 0 19 17 20 16 17 0 19 0 1 19 19 19
split_gain=32.8739 29.0648 34.5802 13.106 12.8958 5.1207 5.06051 3.40296 3.04701 8.9749 3.58217 2.98018 3.1323 2.99498 4.75524 2.81037 3.36128 2.1504 2.11692 1.69722 1.60503 1.55615 1.29666 1.27297 2.00424 1.01468 0.809653 0.7548 0.765694 0.671584
threshold=1.0000000180025095e-35 0.75000000000000011 1.0000000180025095e-35 0.22500000894069674 1.0000000180025095e-35 1.0000000180025095e-35 4.6835310459136972 2.4566701650619511 1.6686493158340456 2.7096163034439091 8.5751705169677752 8.5000000000000018 6.6399660110473642 6.7459185123443612 1.0000000180025095e-35 8.9262604713439959 11.064232349395754 5.4417030811309823 12.337821960449221 3.2979288101196294 1.0000000180025095e-35 2.5000000000000004 13.118710994720461 5.7752034664154062 7.2364459037780771 1.54862517118454 1.8758199214935305 12.498506069183351 12.67159414291382 8.8059554100036639
decision_type=2 2 2 2 2 2 2 2 2 2 2 2 2 2 2 2 2 2 2 2 2 2 2 2 2 2 2 2 2 2
left_child=1 2 3 4 5 27 22 25 20 26 19 12 17 14 -14 29 -17 -12 -5 21 -2 -11 -6 -13 -25 -4 -10 -1 -29 -7
right_child=8 -3 7 18 6 15 -8 -9 9 10 11 23 13 -15 -16 16 -18 -19 -20 -21 -22 -23 -24 24 -26 -27 -28 28 -30 -31
leaf_value=-0.04795661180497332 0.083878520960321404 0.048672480629682324 0.034086315698020953 0.048695598913366334 -0.037006629994816652 -0.0058315275129962882 0.030417689982716919 0.076099687411891992 -0.047810917672019275 -0.02034888592952918 0.034821367187386591 0.027962943327737799 0.13202096037140981 0.024726656285025093 0.047489774142813787 -0.03389705185502611 0.030665420821585673 -0.031481357396578341 -0.0046899000267725888 -0.035042503172662984 0.035018427898705927 0.043491148561001038 0.006450031462570175 0.021991216015919204 -0.052958533342934655 -0.008703965449551803 -0.0007159806755117447 0.026931810730419371 -0.023192273996530358 0.079015399363880232
leaf_weight=69.416423398477491 5.1125212977058236 16.594633628614247 1.9916130276396855 4.6852199438726521 4.533519996184622 0.13180461945012112 8.6209912644699198 7.602589666377753 2.4705234502325797 0.83126862166682602 1.8934987524990057 2.0266505707986648 2.7252455264970177 4.3919663230481083 6.8014992707758211 5.1560028107487597 2.0888965080375783 1.1545917923795057 2.5152952178614214 1.4089747410907874 5.7909213304519653 1.3740953009983057 2.1080247238860466 0.95160828129155539 0.8145270788227208 1.9764189543202517 1.2800047922355586 0.29970057433820219 0.86454579027486034 0.15219729189993814
leaf_count=235393 88 88 13 89 1291 155 99 92 4726 638 386 49 260 486 74 5675 1911 1163 52 1470 50 228 135 99 75 100 1229 947 2896 22
internal_value=0.00097905 -0.0112481 -0.0204668 -0.0299924 -0.0350396 -0.0431639 0.006636 0.0581292 0.0405851 0.0300099 0.0410493 0.0487147 0.0572474 0.0667368 0.0819153 -0.00345963 -0.0138204 0.00813374 0.0317491 -0.00399378 0.0630504 0.0205867 -0.0241744 0.00656353 -0.0192241 0.0153112 -0.0352722 -0.0472917 -0.00380722 0.0657641
internal_weight=167.766 128.738 112.143 100.573 93.3721 78.1096 15.2625 11.5706 39.0279 28.1245 24.3739 20.7596 16.9668 13.9187 9.52674 7.5289 7.2449 3.04809 7.20052 3.61434 10.9034 2.20536 6.64154 3.79279 1.76614 3.96803 3.75053 70.5807 1.16425 0.284002
internal_count=259979 248958 248870 248665 248524 246999 1525 205 11021 10883 4928 2592 2369 820 334 7763 7586 1549 141 2336 138 866 1426 223 174 113 5955 239236 3843 177
is_linear=0
shrinkage=0.05


Tree=39
num_leaves=31
num_cat=0
split_feature=18 11 25 8 23 5 2 5 19 2 2 2 21 5 2 1 16 19 21 2 21 21 21 25 2 19 16 19 19 2
split_gain=28.1533 24.1283 23.2068 17.7565 15.2631 7.66067 7.39963 4.49961 4.2762 3.28741 2.66393 3.73321 3.18864 2.19464 1.96311 1.83081 1.61142 1.64993 1.44538 1.40303 2.37455 3.7176 2.28486 1.31861 1.13553 1.26486 1.02185 1.51884 1.40117 1.02016
threshold=1.0000000180025095e-35 1.0000000180025095e-35 0.40000000596046453 1.0000000180025095e-35 0.22500000894069674 1.0000000180025095e-35 4.5000000000000009 1.0000000180025095e-35 8.703165531158449 20.500000000000004 9.5000000000000018 13.500000000000002 7.8985967636108407 1.0000000180025095e-35 3.5000000000000004 2.4566701650619511 10.500000000000002 3.6601655483245854 4.6959142684936532 19.500000000000004 7.6046454906463632 7.573017120361329 7.6863918304443368 0.75000000000000011 1.5000000000000002 9.7902679443359393 1.5000000000000002 10.506982803344728 10.723247051239015 20.500000000000004
decision_type=2 2 2 2 2 2 2 2 2 2 2 2 2 2 2 2 2 2 2 2 2 2 2 2 2 2 2 2 2 2
left_child=1 2 3 4 6 8 7 -1 -5 14 16 12 18 -6 -4 -3 17 -2 -12 23 21 -21 -22 -13 25 -9 28 -28 -26 -8
right_child=10 15 9 5 13 -7 29 24 -10 -11 11 19 -14 -15 -16 -17 -18 -19 -20 20 22 -23 -24 -25 26 -27 27 -29 -30 -31
leaf_value=-0.036336271987522054 -0.0075658947674346212 0.021459719623595313 0.010939957101050571 0.044614455066859092 0.0069782137066630966 -0.04106523388827131 -0.047799899864397859 0.040605720201157505 -0.030390384347154922 -0.028828336065395699 0.0204576889551258 0.047445780923992389 0.031784626843552218 0.060834834216424133 0.054067101704831248 0.069935170746774244 -0.010951389631712329 0.063606377436909334 -0.053088522024065443 0.03204172381561473 0.053375722087224867 -0.061617915383506888 -0.01839975517590994 -0.019723107395246107 -0.01014475844926567 -0.025829076875920377 0.042866367222413528 -0.023811206325238216 0.082538451787103145 -0.012164191553484119
leaf_weight=2.6332088658818966 0.6516290291619925 4.0321982023306173 4.1337203608709414 12.839013021031862 4.6389568551676339 3.2751802430720991 64.607184674503515 0.10353253176435817 1.487928179121808 1.0407840653206211 0.27415129676228689 13.282756425294792 1.5797706232115158 2.5888563432963565 11.170256945886647 7.8131343517452478 0.54777365387417454 13.216127970343221 2.3119838459242601 1.1418334665358989 2.8036148524843161 1.2484976236592047 0.98243811808060844 0.24995182454586107 0.25325721630360964 1.0618879540124906 0.59771516127511837 0.9003494898788631 1.257171959034167 2.9033573116321341
leaf_count=4885 147 96 63 291 60 499 229913 56 760 36 72 5276 991 89 943 99 10 1152 2722 230 40 14 231 1 107 548 208 313 333 8987
internal_value=0.00259935 -0.00875447 -0.0158626 -0.0249952 -0.0347621 0.0196886 -0.0415193 0.00721955 0.0353502 0.0377832 0.039619 0.0274116 -0.0131178 0.0313178 0.0438036 0.0563892 0.0567473 0.0599781 -0.0417614 0.036198 0.0134642 -0.0206233 0.0347978 0.0449334 0.0364098 -0.00390083 0.0491028 0.00930265 0.0691473 -0.0464673
internal_weight=165.628 127.338 115.492 99.1476 81.5455 17.6021 74.3177 6.80712 14.3269 16.3448 38.2905 23.875 4.16591 7.22781 15.304 11.8453 14.4155 13.8678 2.58614 19.7091 6.17638 2.39033 3.78605 13.5327 4.17391 1.16542 3.00849 1.49806 1.51043 67.5105
internal_count=259172 248286 248091 247049 245499 1550 245350 6450 1051 1042 10886 9577 3785 149 1006 195 1309 1299 2794 5792 515 244 271 5277 1565 604 961 521 440 238900
is_linear=0
shrinkage=0.05


Tree=40
num_leaves=31
num_cat=0
split_feature=9 1 25 8 0 17 11 1 3 0 25 5 0 21 21 7 18 17 3 8 21 1 1 23 8 7 1 19 11 21
split_gain=30.1002 19.6467 29.1834 7.30805 7.03836 6.05125 5.26395 6.47486 3.83244 3.80974 2.99006 3.63547 2.50909 2.56544 2.95436 2.37806 2.3649 2.51294 3.50155 2.0554 3.19338 1.98486 1.89642 1.78532 1.75327 2.63162 1.78959 1.6594 1.54873 1.31801
threshold=1.0000000180025095e-35 6.4660279750823983 0.75000000000000011 1.0000000180025095e-35 1.3596928715705874 12.91039562225342 1.0000000180025095e-35 19.637836456298832 1.0000000180025095e-35 4.6206989288330087 1.0000000180025095e-35 1.0000000180025095e-35 6.6874763965606698 7.8985967636108407 8.0121836662292498 1.0000000180025095e-35 1.0000000180025095e-35 3.2528103590011601 1.0000000180025095e-35 1.0000000180025095e-35 7.5809547901153573 1.0134890079498293 5.1788935661315927 0.37500000000000006 1.0000000180025095e-35 1.0000000180025095e-35 9.0877089500427264 9.3016567230224627 1.0000000180025095e-35 7.9684925079345712
decision_type=2 2 2 2 2 2 2 2 2 2 2 2 2 2 2 2 2 2 2 2 2 2 2 2 2 2 2 2 2 2
left_child=1 2 3 4 27 6 7 9 28 -3 11 -10 13 -7 -15 22 17 24 -19 -18 -21 -13 29 -9 25 26 -2 -1 -6 -5
right_child=16 5 -4 15 8 12 -8 23 10 -11 -12 21 -14 14 -16 -17 19 18 -20 20 -22 -23 -24 -25 -26 -27 -28 -29 -30 -31
leaf_value=0.087821349615786415 -0.026620929988326564 0.042125115301549707 0.042295015204320337 -0.050514136487364553 -0.048339844647318907 0.037773817396055578 0.06164588537360826 -0.021024889946300931 -0.030075911316480936 -0.036174542936646008 -0.037915496286560116 -0.0026215481844973632 0.019824200320739338 0.16431961656878066 0.018577466665376213 0.031625711359213014 0.071525542035338535 -0.033511094562843353 0.039931263012159365 0.010668754355092073 0.051733032388367961 0.076276279968555849 0.029438558974004561 0.041945814780832882 0.0022864006542427473 0.078178845979826952 0.03382837369693719 -0.011575793706258795 -0.0034971670809368204 0.0095530714347350273
leaf_weight=0.43346890731481735 1.1177452972624435 0.9434027264360435 13.513299777288919 2.0545104631746653 57.329798719962128 4.3632003990060166 2.5025331638753405 0.72435298620257427 1.5027851151826319 10.494385675745432 3.0619163411029149 1.1047718319459821 5.1218962611164898 0.48415213054977335 0.83450855477713048 4.1978800725191832 6.6126831492874798 3.5004200803814447 1.5632978654466567 8.6074138806434366 11.598869612906126 1.3674594861222429 0.78072313033044327 5.4981356710195541 3.1250749047612771 2.5725580900907516 2.0665531484410167 0.30102957566850819 2.159105689264833 0.90760888197110023
leaf_count=288 242 169 73 633 228135 798 25 823 2816 17212 3708 380 1845 93 186 188 95 496 21 77 98 206 5 29 295 15 41 627 126 167
internal_value=0.00140663 -0.0112637 -0.0231793 -0.0353454 -0.0406399 0.0225298 0.00558971 -0.00523158 -0.0427232 -0.0268487 -0.00674634 0.0200582 0.0509928 0.0719177 0.119878 0.00903016 0.0379845 0.0192452 -0.00799151 0.0466868 0.0355686 0.0504181 -0.0176372 0.0327194 0.0340106 0.0483448 0.0113185 0.0638967 -0.046797 -0.0343433
internal_weight=160.446 119.681 88.7144 75.2011 67.2603 30.9666 20.1628 17.6603 66.5258 11.4378 7.03693 3.97502 10.8038 5.68186 1.31866 7.94072 40.7646 13.9456 5.06372 26.819 20.2063 2.47223 3.74284 6.22249 8.88193 5.75686 3.1843 0.734498 59.4889 2.96212
internal_count=259912 258532 237352 237279 236286 21180 18258 18233 235371 17381 7110 3402 2922 1077 279 993 1380 1110 517 270 175 586 805 852 593 298 283 915 228261 800
is_linear=0
shrinkage=0.05


Tree=41
num_leaves=31
num_cat=0
split_feature=9 25 1 17 23 8 1 1 21 7 17 25 21 21 18 16 21 21 21 1 21 19 17 21 3 1 19 19 1 10
split_gain=22.3434 21.1526 25.4695 5.4566 9.36291 5.11274 3.5813 3.39712 3.24956 3.21551 2.43345 2.15812 2.37614 5.40618 2.64314 2.02533 2.00619 1.98489 1.82707 1.62928 1.56198 1.28169 1.18493 1.92217 1.11449 1.13491 1.08462 1.04651 0.967688 1.10927
threshold=1.0000000180025095e-35 0.40000000596046453 4.6835310459136972 7.3821370601654062 1.0000000180025095e-35 1.0000000180025095e-35 0.11797450482845308 5.1788935661315927 7.6434826850891122 1.0000000180025095e-35 8.798492908477785 1.0000000180025095e-35 7.6711277961730966 6.7804899215698251 1.5000000000000002 3.5000000000000004 7.1542246341705331 7.1400558948516855 7.2381374835968026 5.7613940238952646 8.0121836662292498 7.4564356803894052 2.6711943149566655 7.6527831554412851 1.0000000180025095e-35 10.475444793701174 10.920516490936281 8.6820039749145526 16.079887390136722 1.0000000180025095e-35
decision_type=2 2 2 2 2 2 2 2 2 2 2 2 2 2 2 2 2 2 2 2 2 2 2 2 2 2 2 2 2 2
left_child=1 2 5 4 7 6 -1 26 9 28 27 12 13 -2 16 -13 -15 -3 -19 22 -10 -12 -20 -24 25 -18 -4 -7 29 -5
right_child=11 17 3 8 -6 10 -8 -9 20 -11 21 15 -14 14 -16 -17 24 18 19 -21 -22 -23 23 -25 -26 -27 -28 -29 -30 -31
leaf_value=0.035191299080284531 0.040878012893440945 0.062610357766961694 0.039390393812059638 0.014888312249107813 0.036363038637707484 -0.041370370251048984 -0.045081971589657044 -0.04323536760141887 0.067085213073708849 0.04061714991261655 0.046249451614083267 0.024702138323632591 0.0384532926515972 -0.033992946905191196 -0.038182108641591786 0.07534948095090449 -0.018596163857756653 -0.028692601971404968 0.046866713710009125 -0.012551310248392325 0.0096533035991822579 -0.0079926555032960415 0.040047546653142106 -0.018964763052714811 0.047793810501615179 0.030253118794037876 -0.018064986681140923 0.01560417535172646 0.015796586772947981 -0.038160136695104423
leaf_weight=0.72745709374430489 6.9360862697940382 4.8982962737791267 1.2755542896338763 0.71770052575447918 7.3492592561524352 1.830256070417817 58.365303506070632 9.7058458319224865 5.7323840991157331 3.6105510125053115 2.1374453676398848 5.6685542329214496 12.893880797724703 1.0839253041194732 4.4941154792904854 4.1486081120092422 1.8771897620754319 0.74532586347777297 6.7364303090726008 1.5607791215297755 1.8933913910004774 1.2740482957451602 1.5433820186299274 2.1135872681043111 1.6064349310472605 1.0304163200780747 0.56225349995656859 0.52230513567337755 1.116336767998291 2.9225452232349198
leaf_count=882 234 337 1816 470 55 156 219422 22252 2705 267 36 112 468 158 26 43 279 41 322 35 1842 141 123 189 15 21 1779 601 278 4566
internal_value=-0.00093573 -0.0119245 -0.020881 0.0133286 -0.00491903 -0.039205 -0.0435246 -0.0320049 0.033906 0.0103113 0.0049667 0.0310076 0.0229789 0.00977853 -0.0133539 0.0510922 0.00934446 0.0372337 0.0235899 0.0288129 0.0555978 0.0287724 0.035581 0.00919219 0.0240283 0.00202726 0.021641 -0.0278397 -0.0157525 -0.0267467
internal_weight=157.08 117.34 99.7426 34.8858 18.8929 64.8568 59.0928 11.5437 15.9929 8.36713 5.76405 39.7392 29.922 17.0282 10.0921 9.81716 5.59797 17.5978 12.6995 11.9542 7.62578 3.41149 10.3934 3.65697 4.51404 2.90761 1.83781 2.35256 4.75658 3.64025
internal_count=259671 258315 257268 36030 25902 221238 220304 25847 10128 5581 934 1356 1201 733 499 155 473 1047 710 669 4547 177 634 312 315 300 3595 757 5314 5036
is_linear=0
shrinkage=0.05


Tree=42
num_leaves=31
num_cat=0
split_feature=5 19 13 17 11 0 25 0 25 8 19 21 16 17 19 19 0 9 7 17 21 0 0 21 18 0 25 19 19 17
split_gain=18.608 19.7286 15.5293 10.4738 7.5376 5.44763 7.14805 13.9824 4.28363 3.3091 2.75466 2.39818 1.87718 1.90309 1.83549 1.88113 1.73371 1.65215 1.59842 1.53619 1.51059 2.56304 1.47124 1.44733 2.23558 1.32945 1.31622 1.26198 3.25898 1.23778
threshold=1.0000000180025095e-35 7.8365728855133066 1.0000000180025095e-35 10.307886600494387 1.0000000180025095e-35 5.348130702972413 0.75000000000000011 1.7552679777145388 1.0000000180025095e-35 1.0000000180025095e-35 12.025703907012941 6.9162192344665536 4.5000000000000009 25.969861030578617 8.8059554100036639 7.1766235828399667 3.3986942768096928 1.0000000180025095e-35 1.0000000180025095e-35 9.8982391357421893 7.9357662200927743 4.6051201820373544 3.9196934700012211 7.6046454906463632 1.5000000000000002 3.3986942768096928 1.0000000180025095e-35 8.703165531158449 8.3557653427124041 10.922317981719972
decision_type=2 2 2 2 2 2 2 2 2 2 2 2 2 2 2 2 2 2 2 2 2 2 2 2 2 2 2 2 2 2
left_child=1 3 4 18 9 6 7 -2 10 -3 11 16 26 -14 15 -7 -9 -10 -1 -17 -13 -22 -18 24 -21 -12 -5 28 -11 -16
right_child=5 2 -4 12 -6 14 -8 8 17 27 25 20 13 -15 29 19 22 -19 -20 23 21 -23 -24 -25 -26 -27 -28 -29 -30 -31
leaf_value=-0.034427102521180829 0.037773095859521322 -0.049420304089442035 0.046986031947429403 0.066540894081124222 0.026289353228819159 0.045212784969993404 0.03802960711256971 -0.022290140836579958 -0.046429541420934299 -0.024107856177687913 -0.011336666982375572 -0.036601587962322706 -0.0071993659854803762 0.040007625324105137 0.065203034451100733 -0.022843324302680615 0.076762147982903095 0.0083236085360082011 0.015473466479693651 0.03569207465313419 -0.02605209466650334 0.050415305835412039 0.0051683320073512735 0.042639627295438826 -0.028822696493418284 0.07554475086135326 -0.011376063942988096 -0.029119239880349548 0.062905708706593233 -0.0035644827800747772
leaf_weight=6.0070376772928311 13.481994120724265 43.300095961691113 4.8028520893276427 7.1819879505783302 3.3161780661903313 5.8369138005509766 14.841900152387096 0.8003551694710026 12.497176628647138 1.5208967217768075 0.29228756137308742 5.3231963277212344 2.949613643460907 4.8272759845276596 6.5789459763618643 1.9913326216628755 0.57395835680654306 1.2257563087623573 1.4453629613417431 1.3213231388363058 1.6938491333276036 0.86434017185820256 1.6096874990180365 2.5746397309121676 2.1899957327987067 0.57112180381955113 0.29417558239947528 1.3440340678498612 0.98460045328829426 0.60629306474584144
leaf_count=15192 1496 170159 707 2074 73 337 80 2157 40310 80 663 8544 3440 1048 2163 493 965 77 994 193 3601 507 1613 212 18 577 1156 769 53 450
internal_value=0.000832828 -0.0161618 -0.0321207 0.0224008 -0.040416 0.0185107 0.00971124 -0.00176598 -0.0233464 -0.0455561 -0.0007393 -0.00956144 0.0451863 0.0233227 0.0394833 0.0257549 0.023639 -0.0413057 -0.0240634 0.00826214 -0.0233779 0.00669185 0.0421869 0.0202273 -0.00201525 0.055833 0.0624946 -0.000863425 0.0182768 0.0596738
internal_weight=152.849 77.9741 55.2687 22.7055 50.4658 74.8751 53.7756 38.9337 25.4517 47.1496 11.7288 10.8654 15.2531 7.77689 21.0994 13.9142 2.984 13.7229 7.4524 8.07729 7.88139 2.55819 2.18365 6.08596 3.51132 0.863409 7.47616 3.84953 2.5055 7.18524
internal_count=260201 195745 171841 23904 171134 64456 60590 60510 59014 171061 18627 17387 7718 4488 3866 1253 4735 40387 16186 916 12652 4108 2578 423 211 1240 3230 902 133 2613
is_linear=0
shrinkage=0.05


Tree=43
num_leaves=31
num_cat=0
split_feature=18 11 5 8 13 0 8 1 1 0 0 0 0 0 16 1 19 17 19 19 19 20 0 1 1 17 0 0 0 19
split_gain=21.0781 18.3313 12.624 23.1059 7.34487 7.27556 4.8173 3.75148 3.55691 3.75907 2.86967 5.49466 2.56406 5.52595 2.39052 2.20229 2.14108 1.89977 1.81868 1.80429 3.15505 2.18252 2.31524 2.76512 10.8896 3.92021 1.97392 1.6844 1.96165 1.57565
threshold=1.0000000180025095e-35 1.0000000180025095e-35 1.0000000180025095e-35 1.0000000180025095e-35 1.0000000180025095e-35 3.034231543540955 1.0000000180025095e-35 4.6835310459136972 2.5818274021148686 3.4113126993179326 3.3986942768096928 3.049036026000977 3.9063067436218266 3.9196934700012211 2.5000000000000004 2.4566701650619511 6.0363986492156991 8.3713335990905779 10.009805679321291 7.7214548587799081 9.6790695190429705 1.0000000180025095e-35 7.3734118938446054 6.9958300590515146 0.11797450482845308 6.77691674232483 6.1598033905029306 4.6051201820373544 4.6206989288330087 10.56394672393799
decision_type=2 2 2 2 2 2 2 2 2 2 2 2 2 2 2 2 2 2 2 2 2 2 2 2 2 2 2 2 2 2
left_child=1 2 3 4 -1 -4 8 16 9 10 11 -7 -11 -14 18 -3 -5 -16 -10 21 26 22 23 24 -2 -25 -21 -15 -29 -12
right_child=19 15 5 7 -6 6 -8 -9 14 12 29 -13 13 27 17 -17 -18 -19 -20 20 -22 -23 -24 25 -26 -27 -28 28 -30 -31
leaf_value=-0.049399398440547228 0.08765219018853318 0.014708335763990025 -0.042288673256777071 0.037331055471279566 0.026127289203572768 0.044391587901090983 -0.039349838994071837 0.047346538796371879 -0.023297432414954126 -0.038665360268795503 0.010179094468604433 -0.036402013797316363 0.062145289024625329 -0.037823242385448437 0.1017957720847764 0.062990324107814064 -0.023329820162575721 -0.00082149035892396306 0.034956716987916824 -0.04476382320555692 0.048081730433892612 0.025200134286202536 -0.0082228140228587845 -0.02142248229472574 -0.022890306633670823 0.093147909197715553 0.017579666857416784 0.034186621103276672 -0.018691530617124474 0.092974800483805478
leaf_weight=45.524043940444244 3.2680881725391355 4.267655289731918 5.4053242633672189 1.1012190426699806 2.8542189576837691 4.0673020733229368 2.7105860111187203 8.222285299561916 0.9233106848987499 3.3867113784508538 1.1111323140357856 2.6555408554704627 2.2429125256749094 3.0925325338321255 1.6338282524811805 7.7792345192283392 3.8081847838184331 0.52501954915351223 5.9139198196207872 2.0017408857383994 1.7267575891455633 17.369027383625507 1.1401062820514187 0.46629260081681412 3.9888944198464742 5.8083501967485063 1.4743834292166864 2.0550253654801054 3.1502035750745563 1.4333060839126117
leaf_count=187042 31 112 18144 29 725 345 358 78 1224 10744 160 8078 277 10087 855 99 924 687 2336 2652 17 153 243 290 6354 448 744 167 5871 167
internal_value=0.00311957 -0.00760654 -0.0146299 -0.0287098 -0.0445046 0.00703157 0.0156352 0.0285111 0.0213112 0.0100681 0.0330761 0.0118967 -0.00643164 0.00637798 0.0463921 0.0483246 -0.00570842 0.0844801 0.0251211 0.0352535 0.00648677 0.039587 0.0539241 0.0593658 0.0314776 0.0828593 -0.0203012 -0.0137587 0.00432979 0.0698913
internal_weight=151.107 113.863 101.817 61.51 48.3783 40.3067 34.9013 13.1317 32.1907 23.1947 9.26728 6.72284 13.9274 10.5407 8.99608 12.0469 4.9094 2.15885 6.83723 37.2436 5.20288 32.0408 14.6717 13.5316 7.25698 6.27464 3.47612 8.29776 5.20523 2.54444
internal_count=259441 248509 248298 188798 187767 59500 41356 1031 40998 35896 8750 8423 27146 16402 5102 211 953 1542 3560 10932 3413 7519 7366 7123 6385 738 3396 16125 6038 327
is_linear=0
shrinkage=0.05


Tree=44
num_leaves=31
num_cat=0
split_feature=18 25 11 8 23 5 5 9 25 21 21 18 1 18 17 18 19 0 0 1 1 1 1 19 1 1 19 17 21 19
split_gain=15.4234 16.7829 20.4523 14.3839 9.85435 6.42383 5.40781 12.3256 5.09661 4.01712 4.94067 4.07428 3.7022 3.67747 2.92757 2.90879 2.35844 2.78158 3.47497 2.17226 1.8209 1.70147 3.50043 1.5387 1.50065 3.9211 1.19797 1.17007 1.07714 1.04493
threshold=1.0000000180025095e-35 0.75000000000000011 1.0000000180025095e-35 1.0000000180025095e-35 0.22500000894069674 1.0000000180025095e-35 1.0000000180025095e-35 1.0000000180025095e-35 1.0000000180025095e-35 7.6711277961730966 7.3138866424560556 1.5000000000000002 2.6667716503143315 3.5000000000000004 0.42459021508693701 1.5000000000000002 11.434051036834719 3.3986942768096928 3.9196934700012211 2.4566701650619511 2.5818274021148686 12.888023376464846 0.11797450482845308 12.459737777709963 7.6320796012878427 0.11797450482845308 7.5053846836090097 8.798492908477785 6.4002559185028085 10.79847288131714
decision_type=2 2 2 2 2 2 2 2 2 2 2 2 2 2 2 2 2 2 2 2 2 2 2 2 2 2 2 2 2 2
left_child=1 2 3 4 6 12 -1 8 16 10 14 26 -5 -13 -2 21 20 -18 -19 29 -8 22 -11 -6 25 -16 -12 -14 -27 -4
right_child=9 -3 19 5 23 -7 7 -9 -10 15 11 13 27 -15 24 -17 17 18 -20 -21 -22 -23 -24 -25 -26 28 -28 -29 -30 -31
leaf_value=-0.048916035101939204 -0.03843265524453382 0.040918279603238024 0.033110778682194052 -0.031263581404418546 0.040072644386165604 -0.039909337839399317 -0.023223212326321456 0.11037814683238729 -0.046073113618446709 0.051560032234733447 -0.013590822977594145 -0.069644307693491322 0.017968612561673102 0.015286554900971762 0.051427630977306217 0.061852189086344093 -0.019633910477144322 0.11596493612021314 -0.015428923324570879 0.061424746196378124 0.035933566750274225 0.048297263191930818 -0.029184537469415125 -0.0066445472106514934 0.052054840055108978 0.0095884902464025545 0.039207174477294389 0.05328333319099491 -0.039390117548539237 -0.0099216243539443465
leaf_weight=42.65453106717905 0.59444913563493429 14.951358936959876 1.7856586556881651 1.3214408157509776 3.8647605533478773 3.0139216770185149 4.5852325837622674 0.80302762985229392 11.396241858819849 0.98299565556226554 1.0238000823301256 2.9287510150170419 5.3764580242568609 1.4313911510980686 2.5798178342520242 11.044142780971013 0.64143167847942073 0.50207772009889595 0.4442056109837722 7.212386729195714 0.74317495895957097 1.3995479686127508 3.1717440529173473 2.3715940683614463 7.0002696930750972 1.3564914927701468 2.1005574478622293 7.1289339987561107 1.7471111264312638 2.1534853596240282
leaf_count=188247 70 86 40 863 96 497 13972 5 40325 14 971 143 111 13 28 423 1603 634 959 93 1268 128 3991 50 502 1413 779 58 2472 65
internal_value=0.00270092 -0.00669351 -0.0144542 -0.0229179 -0.0330749 0.017653 -0.0391097 -0.0158838 -0.0268493 0.0300465 0.0143031 -0.0167822 0.0320457 -0.0441122 0.0317732 0.0478077 0.00664587 0.0462486 0.0780492 0.0465284 -0.010598 0.0147056 -0.0037843 0.0238436 0.0376317 0.0147361 0.0228057 0.0405551 -0.0208631 0.0123397
internal_weight=148.311 110.95 95.9986 84.847 68.0063 16.8408 61.7699 19.1154 18.3124 37.3611 20.7626 7.4845 13.8268 4.36014 13.2781 16.5984 6.91612 1.58772 0.946283 11.1515 5.32841 5.55429 4.15474 6.23635 12.6837 5.68342 3.12436 12.5054 3.1036 3.93914
internal_count=259919 248972 248886 248688 247159 1529 247013 58766 58761 10947 6391 1906 1032 156 4485 4556 18436 3196 1593 198 15240 4133 4005 146 4415 3913 1750 169 3885 105
is_linear=0
shrinkage=0.05


Tree=45
num_leaves=31
num_cat=0
split_feature=2 7 25 8 13 19 10 17 21 11 14 0 0 6 17 2 21 21 19 17 17 19 2 0 25 21 0 19 0 2
split_gain=17.671 17.6747 12.7893 10.7801 11.686 4.36063 4.11417 3.68329 3.23759 2.81885 2.74556 4.4884 2.11455 1.85579 2.87915 1.84465 1.71908 1.79476 1.61171 1.42487 4.55724 1.413 1.91172 1.30672 2.37685 1.71011 1.96212 1.20129 1.17061 2.17695
threshold=7.5000000000000009 1.0000000180025095e-35 0.40000000596046453 1.0000000180025095e-35 1.0000000180025095e-35 12.67159414291382 1.0000000180025095e-35 34.935554504394538 5.9914612770080575 1.0000000180025095e-35 1.0000000180025095e-35 5.0553855895996103 5.5385539531707773 1.0000000180025095e-35 11.57529401779175 20.500000000000004 8.0942258834838885 7.804455280303956 3.6601655483245854 12.69857168197632 3.6753486394882207 10.764970302581789 4.5000000000000009 5.0553855895996103 1.0000000180025095e-35 8.0121836662292498 3.3986942768096928 7.6382517814636239 1.7552679777145388 17.500000000000004
decision_type=2 2 2 2 2 2 2 2 2 2 2 2 2 2 2 2 2 2 2 2 2 2 2 2 2 2 2 2 2 2
left_child=6 2 3 4 7 -6 12 9 -5 -2 11 28 -1 14 -13 -12 17 18 -8 20 -10 -20 -23 24 25 26 -19 -16 29 -3
right_child=1 10 -4 8 5 -7 16 -9 19 -11 15 13 -14 -15 27 -17 -18 23 21 -21 -22 22 -24 -25 -26 -27 -28 -29 -30 -31
leaf_value=-0.035854395667461764 -0.048048084991118532 -0.020900090194687651 0.033714999842930179 -0.040635258084653625 0.053585393871276511 -0.051006877215821061 -0.029410397523885381 0.013262770653417816 0.032182110347218351 -0.0018185386235354741 0.065519335180311819 0.073008099187611683 0.026426482719312347 0.0040710351676174856 0.027752619742387893 -0.00016487818762916191 -0.0065434478886930289 0.023667242427013093 0.043284258893512402 0.037235757422979167 -0.042002972082792134 0.031293874078585616 -0.014809095180514762 0.015953102635259706 0.029745040155854469 0.014123835065148169 0.15483502889666304 -0.01880011562114163 -0.023070966683246666 0.048220918302000731
leaf_weight=2.5258372457756191 49.234300146796159 1.6099619643500829 9.0470475900801812 1.57685611990746 4.0107719513616749 0.4066441369941457 0.3330728882720092 2.4372585667442754 4.3867357266717573 3.6150721502490333 4.8423287592740953 3.9448066792683658 1.3252527462900614 3.8514584997028569 3.1121098772709956 1.3021008462528696 1.7267279367370054 0.83243904984556072 12.755302115576344 5.785871040134225 2.3695376940013375 4.6823776770615941 2.9472399196820334 1.9141952442005274 3.127634296179167 0.73354338944773179 0.92973869021807332 1.2526973519707096 5.6619320919708116 1.105927091790363
leaf_count=10156 216488 290 106 112 725 6 191 1410 628 136 366 910 606 1980 60 18 1160 139 2917 143 317 980 4318 1167 859 273 474 163 13011 65
internal_value=0.00135546 -0.00843883 -0.0198066 -0.0267287 -0.0359072 0.0363191 0.0324014 -0.0422208 0.0118918 -0.0449783 0.0263062 0.0160564 -0.0133926 0.0343841 0.0464876 0.053525 0.0385259 0.0414096 0.0311056 0.0210087 0.00410325 0.0334234 0.0138324 0.0627711 0.0738932 0.104884 0.123873 0.0133781 -0.0113775 0.0126487
internal_weight=143.387 109.553 82.8701 73.823 59.704 4.41742 33.8334 55.2866 14.119 52.8494 26.6833 20.5389 3.85109 12.1611 8.30961 6.14443 29.9823 28.2555 20.718 12.5421 6.75627 20.3849 7.62962 7.53755 5.62336 2.49572 1.76218 4.36481 8.37782 2.71589
internal_count=260174 236934 220071 219965 218765 731 23240 218034 1200 216624 16863 16479 10762 3113 1133 384 12478 11318 8406 1088 945 8215 5298 2912 1745 886 613 223 13366 355
is_linear=0
shrinkage=0.05


Tree=46
num_leaves=31
num_cat=0
split_feature=2 1 1 25 8 2 10 7 1 17 0 1 15 0 19 16 19 0 2 1 2 21 19 17 19 10 19 19 17 2
split_gain=17.6857 11.7419 11.3839 9.29531 9.89265 4.76477 4.25723 2.81738 2.22893 2.21706 3.97164 2.95164 2.89825 2.67327 2.31914 2.15865 2.97852 2.13063 2.0165 2.28362 1.98049 2.12353 1.94616 1.74492 1.65792 1.62347 1.54078 1.47906 1.44757 2.14238
threshold=7.5000000000000009 6.4660279750823983 0.11797450482845308 0.40000000596046453 1.0000000180025095e-35 21.500000000000004 1.0000000180025095e-35 1.0000000180025095e-35 4.4986529350280771 10.168295860290529 5.2592904567718515 11.111482143402101 1.5000000000000002 4.6051201820373544 12.459737777709963 9.5000000000000018 8.9262604713439959 6.6350209712982187 15.500000000000002 1.8758199214935305 13.500000000000002 7.9827573299407968 3.6601655483245854 0.98002016544342052 7.6812267303466806 1.0000000180025095e-35 9.7014241218566912 9.0042147636413592 2.4425475597381596 3.5000000000000004
decision_type=2 2 2 2 2 2 2 2 2 2 2 2 2 2 2 2 2 2 2 2 2 2 2 2 2 2 2 2 2 2
left_child=6 2 20 4 5 -4 24 -7 27 11 -11 13 14 -3 25 16 22 -12 19 -6 21 -2 -8 -22 -1 -13 -18 -5 -28 -30
right_child=1 9 3 8 18 7 15 -9 -10 10 17 12 -14 -15 -16 -17 26 -19 -20 -21 23 -23 -24 -25 -26 -27 28 -29 29 -31
leaf_value=0.023253663794612439 -0.052063621679749886 0.036288282399728915 -0.047923339150877375 -0.024854461980657733 -0.028458255353411663 -0.024833345874854317 -0.0080305437207178389 0.063417723742070359 -0.038273623339038103 -0.043212220052943048 0.049349932866620032 -0.020465311550704017 -0.040429579962187129 -0.033713227214769506 -0.024606207552717391 -0.020585061042344324 -0.028351221219626067 0.010970717392848439 -0.02425931890245378 0.029438722870190115 0.019464845055964408 0.030716350812686213 0.066936103216538492 0.077300300254160126 -0.035645245175649973 0.04364478044614889 0.039954365902863984 0.034135522107518856 -0.012523660811593541 0.032957001399430662
leaf_weight=0.99168427988479324 0.55749232685775385 0.82797977532027545 43.521472796041053 0.49090035964036172 1.2945169501181206 0.98526147282973287 0.72544180043042317 0.85693820765300188 0.5870027251949067 0.98600445550983096 8.8240410041908017 0.53298036016348849 0.91644131834618825 5.9794046026654541 1.0913645620894383 0.98431333948974398 0.47223675833083945 6.8602891351038116 2.8787530522968146 7.2897690631798469 4.1365378517948557 0.6245961877721129 9.3687018623750173 1.9210425562632734 2.4722590616293019 7.3200719113519881 11.575301942808439 7.4140582435647957 4.2571846188511682 4.3303593364107655
leaf_count=637 304 139 209278 270 757 4439 279 329 46 164 1311 458 6 10947 108 58 322 2404 415 194 195 79 1378 293 10123 3868 5531 560 1278 3598
internal_value=0.00109096 -0.00914354 -0.0203443 -0.0270073 -0.034249 -0.0445425 0.0313016 0.0240877 0.0199561 0.0151165 0.0274601 0.00191583 0.0186738 -0.0216416 0.0281861 0.0369837 0.0394184 0.0342267 0.00679179 0.0186495 0.0357529 -0.0142923 0.0613102 0.0461602 -0.0173514 0.0374735 0.0263707 0.0280925 0.0289314 0.0114558
internal_weight=141.074 105.897 72.5583 65.3187 56.8267 45.3637 35.1775 1.8422 8.49196 33.3386 16.6703 16.6682 9.86086 6.80738 8.94442 31.7135 30.7292 15.6843 11.463 8.58429 7.23967 1.18209 10.0941 6.05758 3.46394 7.85305 20.6351 7.90496 20.1628 8.58754
internal_count=259768 236564 217159 216288 215412 214046 23204 4768 876 19405 3879 15526 4440 11086 4434 12444 12386 3715 1366 951 871 383 1657 488 10760 4326 10729 830 10407 4876
is_linear=0
shrinkage=0.05


Tree=47
num_leaves=31
num_cat=0
split_feature=18 25 1 4 12 8 2 0 2 25 21 13 1 2 19 21 17 16 21 25 16 1 21 19 25 19 21 0 17 1
split_gain=18.3809 11.8031 16.0347 8.34327 8.6 4.32888 4.04553 3.45025 3.25549 2.70647 2.39057 2.28244 2.24399 2.07627 1.83216 1.81231 1.56183 1.45143 1.32033 1.31128 2.98686 2.03376 1.29959 1.18901 1.15094 1.2339 1.22294 1.10758 1.32378 1.06625
threshold=1.0000000180025095e-35 0.75000000000000011 4.2511196136474618 1.0000000180025095e-35 1.0000000180025095e-35 1.0000000180025095e-35 4.5000000000000009 1.7552679777145388 20.500000000000004 1.0000000180025095e-35 7.5809547901153573 1.0000000180025095e-35 14.112694263458254 15.500000000000002 7.1766235828399667 7.8520500659942636 3.7238111495971684 5.5000000000000009 7.6863918304443368 0.25000000745058065 4.5000000000000009 16.079887390136722 7.4891326427459726 12.498506069183351 0.75000000000000011 7.4052453041076669 5.7397878170013437 5.9267659187316903 25.969861030578617 0.16113296151161197
decision_type=2 2 2 2 2 2 2 2 2 2 2 2 2 2 2 2 2 2 2 2 2 2 2 2 2 2 2 2 2 2
left_child=1 2 5 19 11 6 9 13 24 15 17 -5 -6 22 -7 -1 -16 -10 -12 -4 21 -21 -8 -9 25 -2 -27 -28 -29 -15
right_child=8 -3 3 4 12 14 7 23 10 -11 18 -13 -14 29 16 -17 -18 -19 -20 20 -22 -23 -24 -25 -26 26 27 28 -30 -31
leaf_value=0.043056686305360165 0.04931923743640286 0.031015347665074012 0.047004169105200666 -0.046868724129736861 -0.00072995228602989234 0.033987290173675459 -0.050998732446673384 -0.047562770352562692 0.0085685157205098797 -0.032748021570623613 0.043435920867630713 0.014392852872044504 0.053596531250046098 0.054858611607193998 0.011653361555629327 -0.022100538244568219 -0.037074654092069205 -0.057074773908905557 -0.013753902447823589 -0.037310323793264648 0.059692968938860662 0.02660703755283364 0.012724048473520053 0.0077160005706645414 -0.019707423013502381 -0.024538833011331227 0.040205729580195394 -0.022768446433479063 0.024366344817026601 -0.013639892018580103
leaf_weight=2.7123130424006372 17.938634278398247 15.119347916566765 10.737843205366515 9.103896471176995 3.3169229045015518 2.228577871923334 0.76611201385094252 38.164972897080588 0.98139245464699287 2.322135963535402 1.7250807764503409 1.3164906002639334 3.3703513649816159 1.0454030190448973 2.6500180684379302 0.78480530716478814 2.200785654655192 1.2439351131761212 0.9981259666092227 2.1669550537772007 1.0573272813344372 1.1587149346596559 0.88336076018458698 0.73213230991677747 0.24994619190692802 0.46414345724042405 6.094744767280643 1.5376680042245423 2.6918139448971488 0.32566347930696782
leaf_count=1715 5608 92 2069 27912 3920 78 1449 196440 84 3080 22 15 326 416 832 695 542 30 133 3677 342 135 1288 3260 1 407 3448 1108 164 711
internal_value=0.00218187 -0.0084485 -0.0155776 0.0121787 -0.0115493 -0.0318224 -0.0371342 -0.0424396 0.0335198 0.00170127 -0.0033975 -0.0385465 0.0300607 0.00696935 0.00415843 0.0267715 -0.0130124 -0.0344444 0.0244102 0.0380757 0.0115335 -0.0140379 -0.0249504 -0.046355 0.0397273 0.04089 0.0238793 0.0280308 0.00615305 0.0396978
internal_weight=136.09 102.164 87.0448 32.2285 17.1077 54.8163 47.7369 41.9176 33.9255 5.81925 4.94853 10.4204 6.68727 3.02054 7.07938 3.49712 4.8508 2.22533 2.72321 15.1208 4.383 3.32567 1.64947 38.8971 28.977 28.727 10.7884 10.3242 4.22948 1.37107
internal_count=259999 248994 248902 38396 32173 210506 209054 203564 11005 5490 269 27927 4246 3864 1452 2410 1374 114 155 6223 4154 3812 2737 199700 10736 10735 5127 4720 1272 1127
is_linear=0
shrinkage=0.05


Tree=48
num_leaves=31
num_cat=0
split_feature=1 5 8 0 2 1 20 16 1 1 2 21 21 16 1 17 0 16 19 16 17 19 0 0 1 21 1 0 21 2
split_gain=17.5641 16.229 12.0572 6.95436 5.71956 3.91559 3.73129 3.19093 2.86123 2.84902 2.51494 2.47918 8.68915 2.60882 2.34817 3.00989 1.87131 1.6428 1.61783 1.70888 1.59963 1.59497 1.43625 2.37699 1.77952 1.47434 1.40825 1.23894 1.19457 1.19173
threshold=7.6320796012878427 1.0000000180025095e-35 1.0000000180025095e-35 1.3596928715705874 9.5000000000000018 1.6455078125000002 1.0000000180025095e-35 9.5000000000000018 6.8140094280242929 4.6835310459136972 9.5000000000000018 7.5809547901153573 7.0462117195129403 4.5000000000000009 4.6835310459136972 8.798492908477785 6.8112828731536874 4.5000000000000009 9.0042147636413592 5.5000000000000009 21.280866622924808 10.042304515838625 3.4113126993179326 3.3986942768096928 1.5324934124946596 8.0121836662292498 14.112694263458254 5.5134489536285409 6.966022491455079 22.500000000000004
decision_type=2 2 2 2 2 2 2 2 2 2 2 2 2 2 2 2 2 2 2 2 2 2 2 2 2 2 2 2 2 2
left_child=1 2 8 6 7 29 -3 21 -1 18 -2 12 -12 26 15 -4 -15 -14 19 -7 -10 -5 23 -23 -24 28 -13 -11 -26 -6
right_child=10 3 14 4 5 9 -8 -9 20 27 11 13 17 16 -16 -17 -18 -19 -20 -21 -22 22 24 -25 25 -27 -28 -29 -30 -31
leaf_value=-0.04821266059998644 0.046301008942935096 0.068921838560674548 -0.040621648274214717 0.047225918699632247 -0.034343059677944161 -0.032135443869065097 0.0062433862444688818 -0.055718076423012436 -0.017182408990541752 -0.048770840305100281 0.03018214018875022 -0.016083747018092519 -0.0067198845968360361 0.073280594861637072 0.043635128671631107 0.027676159015985503 -0.001054273268136344 -0.070718930064813737 0.043909545445963427 0.029748242776568123 0.048624185488903508 0.0049102129366719732 -0.026347806029048845 0.065805050301553078 -0.013588046184586712 -0.029158594136727157 0.028579682024344712 0.0053741028041891133 0.042968972450398601 0.017146491182668457
leaf_weight=33.193419366914895 14.129025937028926 5.4595250299316813 2.0568196257809159 4.8154337567975807 14.097721679543611 1.3987840563058838 4.0976798832416534 0.38234483070846081 1.5966011515847633 1.4040406502754197 9.1765412497770757 2.3832856093213177 1.7650070942763694 3.6578121312923031 3.9394584889523685 2.4384465942857787 1.0004108519060535 2.3260454299743287 3.793159257795196 1.0979566891910506 0.46511427260702465 4.2124091346922778 3.044278275425313 1.7780936093768103 0.72219133078761011 0.49325998844869889 2.8421664298221003 1.5670458557724485 2.6608066664630314 0.62730008477228771
leaf_count=176010 2751 346 783 2689 42571 2274 44 32 3689 618 3743 4174 2433 283 43 181 460 327 5296 286 151 3894 2966 59 463 289 1060 482 889 527
internal_value=0.00135935 -0.0100352 -0.0321193 0.00889981 -0.000195757 -0.0159394 0.0451852 0.0204003 -0.0447366 0.00899899 0.0300012 0.0185483 0.00373959 0.0362571 0.0197699 -0.0052791 0.0599514 -0.0498512 0.0268577 -0.0041969 0.00869582 0.0249298 0.0138169 0.0298128 -0.00204523 0.0185303 0.00889766 -0.0260512 0.0305498 -0.0311987
internal_weight=132.622 95.3419 43.6899 51.652 42.0948 23.986 9.5572 18.1088 35.2551 9.26099 37.2803 23.1513 13.2676 9.88368 8.43472 4.49527 4.65822 4.09105 6.2899 2.49674 2.06172 17.7265 12.911 5.9905 6.92054 3.87626 5.22545 2.97109 3.383 14.725
internal_count=259813 244582 180857 63725 63335 52054 390 11281 179850 8956 15231 12480 6503 5977 1007 964 743 2760 7856 2560 3840 11249 8560 3953 4607 1641 5234 1100 1352 43098
is_linear=0
shrinkage=0.05


Tree=49
num_leaves=31
num_cat=0
split_feature=2 7 1 25 15 19 10 21 21 2 1 19 1 15 19 0 8 19 1 25 0 21 0 2 8 21 0 12 19 2
split_gain=16.3747 11.2729 11.0946 9.32916 8.20124 3.61853 3.65423 3.17531 6.32049 3.80249 2.56604 2.30631 3.29141 2.29524 2.18061 2.15261 1.64567 1.64368 1.85262 3.71171 2.25034 2.08792 1.78635 2.01482 1.60685 1.37873 1.32122 1.23386 1.21324 1.18273
threshold=7.5000000000000009 1.0000000180025095e-35 12.888023376464846 0.40000000596046453 1.5000000000000002 9.3584885597229022 1.0000000180025095e-35 7.1827318668365487 7.5809547901153573 21.500000000000004 6.4660279750823983 9.4348273277282733 11.887571334838869 1.0000000180025095e-35 4.6798138618469247 7.3734118938446054 1.0000000180025095e-35 9.6790695190429705 2.4566701650619511 0.75000000000000011 3.4113126993179326 8.0629053115844744 5.5385539531707773 5.5000000000000009 1.0000000180025095e-35 7.6098620891571054 1.3596928715705874 1.0000000180025095e-35 12.498506069183351 18.500000000000004
decision_type=2 2 2 2 2 2 2 2 2 2 2 2 2 2 2 2 2 2 2 2 2 2 2 2 2 2 2 2 2 2
left_child=5 2 3 4 10 -1 -7 11 9 -9 26 -3 29 25 -15 -4 27 -8 19 20 -19 22 -20 -24 -6 -10 -2 -12 -28 -13
right_child=1 7 15 -5 24 6 17 8 13 -11 16 12 -14 14 -16 -17 -18 18 21 -21 -22 -23 23 -25 -26 -27 28 -29 -30 -31
leaf_value=0.051555892376436277 0.0031150635416766661 0.053257338331076591 0.044280697726585092 0.023135821727474751 -0.021895561014712159 -0.034359595860213275 -0.035103903487399633 -0.060399064961565878 0.035809092118067855 0.028306721369807678 -0.036497222789071491 -0.047811253039099839 0.045418547273058343 -0.013157272217506087 0.051176566428067706 -0.0055246212429835642 0.016126378966928638 0.014784908283925563 0.070082876811828496 0.041720266329376247 -0.03823669015767469 -0.017912950945356589 0.036646777373280745 -0.025749613046792519 0.038964790231304121 -0.019318487678397167 -0.048079608309740535 0.0083545119095469831 0.0078431593596760048 0.015492700352370182
leaf_weight=12.132744405083939 1.2409972189198004 6.9746235802595056 6.247016689492737 7.4093600484484332 0.70676474370702536 2.1735267797921578 0.30044430019916291 3.686950895091285 0.54996906322776196 0.96242735297710158 5.1352434428554243 1.5176655975083124 1.4855421782121996 1.2009135198750298 5.6698775598051725 2.8065600721602095 2.5037001352757215 3.0862035471946019 4.1137023129995178 4.3301107883453369 3.1494021749967942 0.8128123975911884 3.2343850341130747 1.0377450827654682 3.6504881790024228 3.3610543818504084 38.926912074501161 1.613598156312946 0.72755151741148338 0.48607436347811006
leaf_count=3307 785 2521 2319 99 1454 9409 174 3000 219 52 13118 3081 34 43 823 1162 23 2418 1780 30 3458 536 860 1320 35 6699 196033 1789 3138 370
internal_value=0.00124788 -0.0092998 -0.0195428 -0.0271214 -0.034247 0.0303955 0.0171291 0.0184549 0.00341423 -0.0402766 -0.0399766 0.0384029 0.00346164 0.0240742 0.0396889 0.0298275 -0.0141996 0.024073 0.0266198 0.0107324 -0.013578 0.0420267 0.049126 0.0194808 0.0268486 -0.00585336 -0.0453304 -0.0260793 -0.0468859 -0.0324094
internal_weight=131.234 96.8633 70.9682 61.9146 54.5053 34.3711 22.2383 25.8951 15.4312 4.64938 50.148 10.4639 3.48928 10.7818 6.87079 9.05358 9.25254 20.0648 19.7644 10.5657 6.23561 9.19864 8.38583 4.27213 4.35725 3.91102 40.8955 6.74884 39.6545 2.00374
internal_count=260089 236797 219955 216474 216375 23292 19985 16842 10836 3052 214886 6006 3485 7784 866 3481 14930 10576 10402 5906 5876 4496 3960 2180 1489 6918 199956 14907 199171 3451
is_linear=0
shrinkage=0.05


Tree=50
num_leaves=31
num_cat=0
split_feature=9 1 25 17 0 11 1 1 15 21 1 0 21 2 2 21 21 2 1 1 1 17 0 2 21 2 17 21 25 21
split_gain=16.3672 13.6809 16.5827 4.06949 4.1796 3.98784 3.69953 3.68616 3.56395 3.48501 3.20712 3.09542 2.52767 2.51933 2.34571 2.30418 5.16699 4.42418 2.11706 2.93103 2.03357 1.733 1.59112 1.49686 1.42262 1.40681 1.69478 1.38072 1.34964 1.33152
threshold=1.0000000180025095e-35 6.4660279750823983 0.40000000596046453 12.91039562225342 6.6874763965606698 1.0000000180025095e-35 2.3422205448150639 19.637836456298832 1.0000000180025095e-35 7.8985967636108407 0.11797450482845308 5.6928732395172128 8.0121836662292498 6.5000000000000009 6.5000000000000009 6.7804899215698251 7.5809547901153573 8.5000000000000018 1.0592566728591921 1.2696518898010256 4.4986529350280771 2.3365755081176762 5.5385539531707773 4.5000000000000009 7.9357662200927743 18.500000000000004 8.798492908477785 7.8286354541778573 0.25000000745058065 7.9684925079345712
decision_type=2 2 2 2 2 2 2 2 2 2 2 2 2 2 2 2 2 2 2 2 2 2 2 2 2 2 2 2 2 2
left_child=1 2 6 5 9 7 10 11 13 -5 -1 24 -11 21 -2 -16 17 -17 27 -20 -21 -8 -23 -12 -3 26 -10 -4 -19 -29
right_child=14 3 18 4 -6 -7 8 -9 25 12 23 -13 -14 -15 15 16 -18 28 19 20 -22 22 -24 -25 -26 -27 -28 29 -30 -31
leaf_value=0.031279712315833361 0.050026375966749061 0.023208005789010513 0.05896888540730362 0.031250214800509858 0.0067662338093144288 0.051888998564880419 -0.022401090884733375 0.026611951887129538 -0.013471839376650106 0.15702148008757569 -0.013456346790404396 -0.041232480011831746 0.012085137395306728 -0.035246887314042609 0.045405846480171382 0.03476907872100754 0.029637639863304421 -0.056275350533209791 -0.044092411875498692 0.036606376121703768 -0.027434874362178958 0.070476568272504106 -0.014386243383670203 -0.048485251925380835 -0.031489779969783346 -0.03446827827379069 0.042899449259901037 -0.024852814254012312 0.0043536413812408888 0.029398710372041656
leaf_weight=0.78106768040743091 11.129171250853686 3.6547557260637458 4.5088552038650942 3.3727469957084377 4.0254343714477727 2.9938377812504759 0.80336332152365031 5.4522640965587916 1.3397321381780773 0.73174894967814885 4.4279669074167023 6.0820010888710385 0.5819827085651923 11.133042549554373 6.2271079802885678 1.6141116425860698 11.956451459671369 3.7836850570747629 1.2966059526079332 3.9955435184820089 0.84330694910022419 0.65362354840908643 0.39995504829857964 29.942574294851511 0.65335441032948427 0.20548598107416172 3.4936294102226384 0.84281841610209118 0.9671448217704891 2.2043820858525578
leaf_count=891 155 3953 422 779 1878 28 1613 853 1101 89 4540 12178 186 50155 239 36 561 339 46 299 56 928 927 175203 1140 148 435 62 39 127
internal_value=0.00296368 -0.00797159 -0.020115 0.021178 0.0475388 0.00720394 -0.03266 -0.00381997 -0.0132402 0.0752117 -0.0419784 -0.0207236 0.125788 -0.0265653 0.0313319 0.0212303 0.0110887 -0.0230483 0.0275187 0.0043494 0.0226582 0.0196029 0.0469432 -0.0444805 0.0105431 0.0198221 0.0276434 0.0436248 -0.045322 0.0119602
internal_weight=130.098 94.4201 66.872 27.5481 8.71191 18.8362 53.1804 15.8424 18.0288 4.68648 35.1516 10.3901 1.31373 12.99 35.6777 24.5485 18.3214 6.36494 13.6915 6.13546 4.83885 1.85694 1.05358 34.3705 4.30811 5.03885 4.83336 7.55606 4.75083 3.0472
internal_count=259406 258037 236953 21084 2932 18152 235941 18124 55307 1054 180634 17271 275 53623 1369 1214 975 414 1012 401 355 3468 1855 179743 5093 1684 1536 611 378 189
is_linear=0
shrinkage=0.05


Tree=51
num_leaves=31
num_cat=0
split_feature=18 25 1 7 12 8 2 2 7 1 16 17 21 21 1 17 17 14 16 16 2 0 2 21 25 2 1 1 16 1
split_gain=15.1189 13.2814 16.923 5.53083 6.29415 5.91659 4.83826 3.02731 2.81976 1.75267 1.71125 1.62375 2.63437 4.79278 5.18898 3.27033 2.18762 1.92678 1.71258 1.45664 1.31631 1.34721 1.25188 2.04154 1.9255 2.57668 1.66087 1.13672 0.980941 2.13597
threshold=1.0000000180025095e-35 0.75000000000000011 3.6215983629226689 1.0000000180025095e-35 1.0000000180025095e-35 1.0000000180025095e-35 9.5000000000000018 2.5000000000000004 1.0000000180025095e-35 6.8140094280242929 9.5000000000000018 0.15951069444417956 6.9162192344665536 7.5809547901153573 6.8140094280242929 0.42459021508693701 16.389547348022464 2.5000000000000004 5.5000000000000009 4.5000000000000009 2.5000000000000004 1.7552679777145388 6.5000000000000009 7.3553214073181161 1.0000000180025095e-35 2.5000000000000004 0.73047301173210155 2.6667716503143315 2.5000000000000004 8.7351131439209002
decision_type=2 2 2 2 2 2 2 2 2 2 2 2 2 2 2 2 2 2 2 2 2 2 2 2 2 2 2 2 2 2
left_child=1 2 8 4 5 7 10 -4 22 -6 -2 -8 15 19 17 -13 -16 18 -15 -14 -10 -22 23 24 25 -1 -27 -23 29 -5
right_child=6 -3 3 28 9 -7 11 -9 20 -11 -12 12 13 14 16 -17 -18 -19 -20 -21 21 27 -24 -25 -26 26 -28 -29 -30 -31
leaf_value=-0.021752067890607737 0.061198863994611122 0.035108570600998305 0.026815700826997912 -0.013114086040115831 -0.021533257788264697 0.01953491731383011 0.051568932363286017 -0.046584714821931994 0.033162241573669905 0.039054057443212421 -0.010203881654321602 -0.038316658429251881 -0.0015054598537246442 -0.053756425632885491 -0.013771510072506613 0.047952805176559289 0.057411767751215995 0.027125758909654258 0.012587407910719071 -0.062886801302638656 0.013066555523736376 -0.040531339450027126 -0.045708249381923756 -0.039362849816334505 -0.0272845127120061 -0.011731946847188927 0.084460141248750759 0.0093952321911052582 0.051124747621304936 0.040189642044826751
leaf_weight=0.75917859663604703 10.567396624828685 14.361564518185331 0.9396283726382596 2.6581133432482584 0.74900961345701844 5.6925314895343027 1.855468696521714 10.954030816734301 0.76422825013287266 6.9718570864788489 0.62169190024724308 0.55309975863201799 1.4425675368256627 2.5292896054015714 0.92396767676109437 5.2778719587513478 4.5079788045259193 0.75819890800630663 0.89537011315405823 2.273542649243609 2.2339744998171227 3.3892212227656273 30.717247029664577 3.5979073598427931 1.194229252025252 0.30375552267651051 0.85215622329269536 1.1024292054498799 5.5177740796789294 3.3108294718840625
leaf_count=560 1297 88 622 1858 3072 76 30 38265 247 2063 30 30 1768 3187 452 2588 185 9 731 744 356 12861 175065 6521 3029 587 1231 1453 943 265
internal_value=0.00227748 -0.00770314 -0.0155615 0.00947363 -0.00381848 -0.0201292 0.0313844 -0.0391559 -0.03583 0.0313812 0.0567199 0.0159329 0.0100956 -0.00265054 0.0161619 0.0353584 0.045045 -0.0228005 -0.0374863 -0.0444306 -0.00675931 -0.0150009 -0.0413206 -0.0179031 0.0104649 0.0352895 0.0654655 -0.0287979 0.0367188 0.0179766
internal_weight=128.276 96.0697 81.7081 36.7938 25.3071 17.5862 32.2064 11.8937 44.9143 7.72087 11.1891 21.0174 19.1619 13.3309 9.61481 5.83097 5.43195 4.18286 3.42466 3.71611 7.48985 6.72562 37.4245 6.70723 3.10932 1.91509 1.15591 4.49165 11.4867 5.96894
internal_count=260213 249162 249074 47164 44098 38963 11051 38887 201910 5135 1327 9724 9694 7076 4564 2618 637 3927 3918 2512 14917 14670 186993 11928 5407 2378 1818 14314 3066 2123
is_linear=0
shrinkage=0.05


end of trees

feature_importances:
amount_to_baseline=227
amount_log=182
hour_of_day=164
log_seconds_since_last=150
account_amount_24h_to_baseline=141
tenure_log=125
graph_merchant_risk=85
is_foreign_merchant=65
is_new_device=65
device_txn_count_1h=48
ip_country_mismatch=38
is_ecom=37
mcc_high_risk=37
account_txn_count_24h=37
card_country_change_1h=32
graph_device_risk=27
beneficiary_foreign=24
card_txn_count_1h=23
is_night=15
has_device=10
is_transfer=7
is_new_beneficiary=5
card_txn_count_10m=3
graph_account_risk=2
is_pos=1

parameters:
[boosting: gbdt]
[objective: binary]
[metric: binary_logloss]
[tree_learner: serial]
[device_type: cpu]
[data_sample_strategy: bagging]
[data: ]
[valid: ]
[num_iterations: 1000]
[learning_rate: 0.05]
[num_leaves: 31]
[num_threads: 4]
[seed: 42]
[deterministic: 1]
[force_col_wise: 0]
[force_row_wise: 1]
[histogram_pool_size: -1]
[max_depth: -1]
[min_data_in_leaf: 50]
[min_sum_hessian_in_leaf: 0.001]
[bagging_fraction: 0.8]
[pos_bagging_fraction: 1]
[neg_bagging_fraction: 1]
[bagging_freq: 1]
[bagging_seed: 400]
[bagging_by_query: 0]
[feature_fraction: 0.8]
[feature_fraction_bynode: 1]
[feature_fraction_seed: 30056]
[extra_trees: 0]
[extra_seed: 12879]
[early_stopping_round: 0]
[early_stopping_min_delta: 0]
[first_metric_only: 0]
[max_delta_step: 0]
[lambda_l1: 0]
[lambda_l2: 1]
[linear_lambda: 0]
[min_gain_to_split: 0]
[drop_rate: 0.1]
[max_drop: 50]
[skip_drop: 0.5]
[xgboost_dart_mode: 0]
[uniform_drop: 0]
[drop_seed: 17869]
[top_rate: 0.2]
[other_rate: 0.1]
[min_data_per_group: 100]
[max_cat_threshold: 32]
[cat_l2: 10]
[cat_smooth: 10]
[max_cat_to_onehot: 4]
[top_k: 20]
[monotone_constraints: ]
[monotone_constraints_method: basic]
[monotone_penalty: 0]
[feature_contri: ]
[forcedsplits_filename: ]
[refit_decay_rate: 0.9]
[cegb_tradeoff: 1]
[cegb_penalty_split: 0]
[cegb_penalty_feature_lazy: ]
[cegb_penalty_feature_coupled: ]
[path_smooth: 0]
[interaction_constraints: ]
[verbosity: -1]
[saved_feature_importance_type: 0]
[use_quantized_grad: 0]
[num_grad_quant_bins: 4]
[quant_train_renew_leaf: 0]
[stochastic_rounding: 1]
[linear_tree: 0]
[max_bin: 255]
[max_bin_by_feature: ]
[min_data_in_bin: 3]
[bin_construct_sample_cnt: 200000]
[data_random_seed: 175]
[is_enable_sparse: 1]
[enable_bundle: 1]
[use_missing: 1]
[zero_as_missing: 0]
[feature_pre_filter: 1]
[pre_partition: 0]
[two_round: 0]
[header: 0]
[label_column: ]
[weight_column: ]
[group_column: ]
[ignore_column: ]
[categorical_feature: ]
[forcedbins_filename: ]
[precise_float_parser: 0]
[parser_config_file: ]
[objective_seed: 16083]
[num_class: 1]
[is_unbalance: 0]
[scale_pos_weight: 1]
[sigmoid: 1]
[boost_from_average: 1]
[reg_sqrt: 0]
[alpha: 0.9]
[fair_c: 1]
[poisson_max_delta_step: 0.7]
[tweedie_variance_power: 1.5]
[lambdarank_truncation_level: 30]
[lambdarank_norm: 1]
[label_gain: ]
[lambdarank_position_bias_regularization: 0]
[eval_at: ]
[multi_error_top_k: 1]
[auc_mu_weights: ]
[num_machines: 1]
[local_listen_port: 12400]
[time_out: 120]
[machine_list_filename: ]
[machines: ]
[gpu_platform_id: -1]
[gpu_device_id: -1]
[gpu_device_id_list: ]
[gpu_use_dp: 0]
[num_gpu: 1]

end of parameters

pandas_categorical:[]
